Stationsnamn;StationsId;Stationsnät;Stationens latitud;Stationens longitud
HEÅKRA;2128;SMHIs stationsnät;55.8449;13.6350

Parameternamn;Enhet
Vattenföring (Dygn);m³/s

Datum (svensk sommartid);Vattenföring (Dygn);Kvalitet;;
1973-05-23;0.66;G;;;Tidsperiod (fr.o.m.) = 1973-05-22
1973-05-24;0.68;G;;;Tidsperiod (t.o.m.) = 2026-09-16
1973-05-25;1.30;G;;;
1973-05-26;1.0;G;;;
1973-05-27;0.92;G;;;
1973-05-28;0.67;G;;;Kvalitetskoderna:
1973-05-29;0.6;G;;;Grön (G) = Kontrollerade och godkända värden.
1973-05-30;0.53;G;;;Gul (Y) = Grovt kontrollerade värden.
1973-05-31;0.5;G;;;Orange (O) = Okontrollerade värden.
1973-06-01;0.58;G;;;
1973-06-02;0.74;G;;;Nätinformation:
1973-06-03;0.76;G;;;SMHIs stationsnät: Data samlas in och lagras i SMHIs databaser. Data rimlighetskontrolleras vilket innebär att felaktiga data korrigeras och att databortfall kompletteras utifrån expertbedömning där det är möjligt. Fysiska stationer övervakas, inspekteras och underhålls löpande av SMHI.
1973-06-04;0.59;G;;;Övriga stationer: Stationerna ingår ej i SMHIs stationsnät men data samlas in och lagras i SMHIs databaser genom avtal med en tredje part.
1973-06-05;0.49;G;;;
1973-06-06;0.43;G;;;Orsaker till saknade data:
1973-06-07;0.4;G;;;  stationen eller givaren har varit ur funktion.
1973-06-08;0.39;G;;;  kvalitetskontrollerna har felmarkerat data (röd kvalitetskod). Efterföljande manuell granskning godkänner, rättar eller underkänner data.
1973-06-09;0.35;G;
1973-06-10;0.42;G;
1973-06-11;0.34;G;
1973-06-12;0.34;G;
1973-06-13;0.3;G;
1973-06-14;0.23;G;
1973-06-15;0.21;G;
1973-06-16;0.22;G;
1973-06-17;0.21;G;
1973-06-18;0.2;G;
1973-06-19;0.19;G;
1973-06-20;0.18;G;
1973-06-21;0.18;G;
1973-06-22;0.18;G;
1973-06-23;0.17;G;
1973-06-24;0.16;G;
1973-06-25;0.16;G;
1973-06-26;0.15;G;
1973-06-27;0.15;G;
1973-06-28;0.15;G;
1973-06-29;0.15;G;
1973-06-30;0.16;G;
1973-07-01;0.15;G;
1973-07-02;0.15;G;
1973-07-03;0.13;G;
1973-07-04;0.13;G;
1973-07-05;0.11;G;
1973-07-06;0.11;G;
1973-07-07;0.09;G;
1973-07-08;0.16;G;
1973-07-09;0.2;G;
1973-07-10;0.18;G;
1973-07-11;0.15;G;
1973-07-12;0.17;G;
1973-07-13;0.16;G;
1973-07-14;0.15;G;
1973-07-15;0.18;G;
1973-07-16;0.23;G;
1973-07-17;0.16;G;
1973-07-18;0.12;G;
1973-07-19;0.1;G;
1973-07-20;0.11;G;
1973-07-21;0.15;G;
1973-07-22;0.14;G;
1973-07-23;0.25;G;
1973-07-24;0.22;G;
1973-07-25;0.22;G;
1973-07-26;0.21;G;
1973-07-27;0.18;G;
1973-07-28;0.17;G;
1973-07-29;0.17;G;
1973-07-30;0.14;G;
1973-07-31;0.12;G;
1973-08-01;0.11;G;
1973-08-02;0.08;G;
1973-08-03;0.1;G;
1973-08-04;0.09;G;
1973-08-05;0.12;G;
1973-08-06;0.11;G;
1973-08-07;0.13;G;
1973-08-08;0.13;G;
1973-08-09;0.12;G;
1973-08-10;0.1;G;
1973-08-11;0.09;G;
1973-08-12;0.08;G;
1973-08-13;0.07;G;
1973-08-14;0.05;G;
1973-08-15;0.06;G;
1973-08-16;0.05;G;
1973-08-17;0.05;G;
1973-08-18;0.05;G;
1973-08-19;0.04;G;
1973-08-20;0.06;G;
1973-08-21;0.05;G;
1973-08-22;0.06;G;
1973-08-23;0.05;G;
1973-08-24;0.05;G;
1973-08-25;0.05;G;
1973-08-26;0.05;G;
1973-08-27;0.05;G;
1973-08-28;0.05;G;
1973-08-29;0.05;G;
1973-08-30;0.05;G;
1973-08-31;0.05;G;
1973-09-01;0.07;G;
1973-09-02;0.06;G;
1973-09-03;0.07;G;
1973-09-04;0.09;G;
1973-09-05;0.07;G;
1973-09-06;0.08;G;
1973-09-07;0.08;G;
1973-09-08;0.08;G;
1973-09-09;0.09;G;
1973-09-10;0.1;G;
1973-09-11;0.1;G;
1973-09-12;0.12;G;
1973-09-13;0.11;G;
1973-09-14;0.12;G;
1973-09-15;0.11;G;
1973-09-16;0.12;G;
1973-09-17;0.06;G;
1973-09-18;0.06;G;
1973-09-19;0.1;G;
1973-09-20;0.07;G;
1973-09-21;0.22;G;
1973-09-22;0.11;G;
1973-09-23;0.11;G;
1973-09-24;0.33;G;
1973-09-25;0.86;G;
1973-09-26;1.20;G;
1973-09-27;0.84;G;
1973-09-28;0.69;G;
1973-09-29;0.93;G;
1973-09-30;0.97;G;
1973-10-01;0.72;G;
1973-10-02;0.56;G;
1973-10-03;0.52;G;
1973-10-04;0.39;G;
1973-10-05;0.37;G;
1973-10-06;0.36;G;
1973-10-07;0.3;G;
1973-10-08;0.26;G;
1973-10-09;0.39;G;
1973-10-10;0.52;G;
1973-10-11;0.52;G;
1973-10-12;0.48;G;
1973-10-13;0.42;G;
1973-10-14;0.39;G;
1973-10-15;0.4;G;
1973-10-16;0.38;G;
1973-10-17;0.4;G;
1973-10-18;0.41;G;
1973-10-19;0.44;G;
1973-10-20;0.46;G;
1973-10-21;0.44;G;
1973-10-22;0.41;G;
1973-10-23;0.37;G;
1973-10-24;0.37;G;
1973-10-25;0.37;G;
1973-10-26;0.37;G;
1973-10-27;0.36;G;
1973-10-28;0.34;G;
1973-10-29;0.38;G;
1973-10-30;0.51;G;
1973-10-31;0.56;G;
1973-11-01;0.5;G;
1973-11-02;0.46;G;
1973-11-03;0.42;G;
1973-11-04;0.36;G;
1973-11-05;0.39;G;
1973-11-06;0.46;G;
1973-11-07;0.5;G;
1973-11-08;0.56;G;
1973-11-09;0.61;G;
1973-11-10;0.61;G;
1973-11-11;0.76;G;
1973-11-12;1.20;G;
1973-11-13;2.00;G;
1973-11-14;1.90;G;
1973-11-15;1.70;G;
1973-11-16;1.80;G;
1973-11-17;2.00;G;
1973-11-18;1.80;G;
1973-11-19;2.50;G;
1973-11-20;3.10;G;
1973-11-21;2.30;G;
1973-11-22;1.90;G;
1973-11-23;1.90;G;
1973-11-24;3.00;G;
1973-11-25;4.00;G;
1973-11-26;2.80;G;
1973-11-27;2.40;G;
1973-11-28;1.90;G;
1973-11-29;1.50;G;
1973-11-30;1.20;G;
1973-12-01;1.30;G;
1973-12-02;1.20;G;
1973-12-03;2.40;G;
1973-12-04;5.60;G;
1973-12-05;4.20;G;
1973-12-06;5.10;G;
1973-12-07;5.00;G;
1973-12-08;3.70;G;
1973-12-09;2.90;G;
1973-12-10;2.50;G;
1973-12-11;2.40;G;
1973-12-12;2.40;G;
1973-12-13;3.60;G;
1973-12-14;3.90;G;
1973-12-15;3.00;G;
1973-12-16;3.00;G;
1973-12-17;3.30;G;
1973-12-18;2.80;G;
1973-12-19;2.40;G;
1973-12-20;2.10;G;
1973-12-21;1.90;G;
1973-12-22;2.30;G;
1973-12-23;2.90;G;
1973-12-24;3.40;G;
1973-12-25;3.80;G;
1973-12-26;4.00;G;
1973-12-27;5.80;G;
1973-12-28;7.20;G;
1973-12-29;6.40;G;
1973-12-30;5.60;G;
1973-12-31;4.40;G;
1974-01-01;3.50;G;
1974-01-02;2.90;G;
1974-01-03;2.50;G;
1974-01-04;2.30;G;
1974-01-05;2.10;G;
1974-01-06;2.10;G;
1974-01-07;1.90;G;
1974-01-08;1.60;G;
1974-01-09;1.50;G;
1974-01-10;1.40;G;
1974-01-11;1.20;G;
1974-01-12;1.20;G;
1974-01-13;1.40;G;
1974-01-14;2.70;G;
1974-01-15;7.80;G;
1974-01-16;9.20;G;
1974-01-17;8.50;G;
1974-01-18;6.40;G;
1974-01-19;5.50;G;
1974-01-20;4.80;G;
1974-01-21;3.90;G;
1974-01-22;3.30;G;
1974-01-23;2.90;G;
1974-01-24;3.60;G;
1974-01-25;3.80;G;
1974-01-26;3.70;G;
1974-01-27;3.00;G;
1974-01-28;2.80;G;
1974-01-29;3.80;G;
1974-01-30;4.40;G;
1974-01-31;3.70;G;
1974-02-01;3.30;G;
1974-02-02;3.00;G;
1974-02-03;2.90;G;
1974-02-04;2.60;G;
1974-02-05;2.50;G;
1974-02-06;2.50;G;
1974-02-07;2.40;G;
1974-02-08;2.20;G;
1974-02-09;2.60;G;
1974-02-10;5.00;G;
1974-02-11;6.80;G;
1974-02-12;5.20;G;
1974-02-13;3.60;G;
1974-02-14;3.30;G;
1974-02-15;2.80;G;
1974-02-16;2.50;G;
1974-02-17;2.40;G;
1974-02-18;2.20;G;
1974-02-19;1.90;G;
1974-02-20;1.80;G;
1974-02-21;2.10;G;
1974-02-22;2.50;G;
1974-02-23;2.60;G;
1974-02-24;2.20;G;
1974-02-25;1.90;G;
1974-02-26;1.70;G;
1974-02-27;1.60;G;
1974-02-28;1.40;G;
1974-03-01;1.30;G;
1974-03-02;1.20;G;
1974-03-03;1.10;G;
1974-03-04;1.10;G;
1974-03-05;1.0;G;
1974-03-06;1.0;G;
1974-03-07;0.98;G;
1974-03-08;0.9;G;
1974-03-09;0.83;G;
1974-03-10;0.9;G;
1974-03-11;0.86;G;
1974-03-12;0.81;G;
1974-03-13;0.89;G;
1974-03-14;0.8;G;
1974-03-15;0.84;G;
1974-03-16;0.84;G;
1974-03-17;1.10;G;
1974-03-18;1.50;G;
1974-03-19;1.70;G;
1974-03-20;1.60;G;
1974-03-21;1.90;G;
1974-03-22;1.60;G;
1974-03-23;1.30;G;
1974-03-24;1.20;G;
1974-03-25;0.99;G;
1974-03-26;0.92;G;
1974-03-27;0.83;G;
1974-03-28;0.75;G;
1974-03-29;0.69;G;
1974-03-30;0.66;G;
1974-03-31;0.63;G;
1974-04-01;0.6;G;
1974-04-02;0.58;G;
1974-04-03;0.58;G;
1974-04-04;0.57;G;
1974-04-05;0.54;G;
1974-04-06;0.53;G;
1974-04-07;0.51;G;
1974-04-08;0.5;G;
1974-04-09;0.47;G;
1974-04-10;0.46;G;
1974-04-11;0.4;G;
1974-04-12;0.45;G;
1974-04-13;0.43;G;
1974-04-14;0.41;G;
1974-04-15;0.45;G;
1974-04-16;0.45;G;
1974-04-17;0.41;G;
1974-04-18;0.41;G;
1974-04-19;0.39;G;
1974-04-20;0.37;G;
1974-04-21;0.37;G;
1974-04-22;0.36;G;
1974-04-23;0.33;G;
1974-04-24;0.33;G;
1974-04-25;0.33;G;
1974-04-26;0.33;G;
1974-04-27;0.33;G;
1974-04-28;0.33;G;
1974-04-29;0.31;G;
1974-04-30;0.31;G;
1974-05-01;0.29;G;
1974-05-02;0.35;G;
1974-05-03;0.57;G;
1974-05-04;0.51;G;
1974-05-05;0.44;G;
1974-05-06;0.4;G;
1974-05-07;0.34;G;
1974-05-08;0.3;G;
1974-05-09;0.27;G;
1974-05-10;0.26;G;
1974-05-11;0.25;G;
1974-05-12;0.24;G;
1974-05-13;0.22;G;
1974-05-14;0.22;G;
1974-05-15;0.21;G;
1974-05-16;0.22;G;
1974-05-17;0.2;G;
1974-05-18;0.2;G;
1974-05-19;0.21;G;
1974-05-20;0.2;G;
1974-05-21;0.22;G;
1974-05-22;0.2;G;
1974-05-23;0.21;G;
1974-05-24;0.24;G;
1974-05-25;0.32;G;
1974-05-26;0.24;G;
1974-05-27;0.21;G;
1974-05-28;0.21;G;
1974-05-29;0.23;G;
1974-05-30;0.25;G;
1974-05-31;0.24;G;
1974-06-01;0.23;G;
1974-06-02;0.24;G;
1974-06-03;0.23;G;
1974-06-04;0.21;G;
1974-06-05;0.21;G;
1974-06-06;0.19;G;
1974-06-07;0.21;G;
1974-06-08;0.2;G;
1974-06-09;0.22;G;
1974-06-10;0.23;G;
1974-06-11;0.22;G;
1974-06-12;0.2;G;
1974-06-13;0.16;G;
1974-06-14;0.15;G;
1974-06-15;0.15;G;
1974-06-16;0.14;G;
1974-06-17;0.1;G;
1974-06-18;0.1;G;
1974-06-19;0.11;G;
1974-06-20;0.14;G;
1974-06-21;0.13;G;
1974-06-22;0.16;G;
1974-06-23;0.16;G;
1974-06-24;0.16;G;
1974-06-25;0.16;G;
1974-06-26;0.14;G;
1974-06-27;0.14;G;
1974-06-28;0.11;G;
1974-06-29;0.11;G;
1974-06-30;0.11;G;
1974-07-01;0.1;G;
1974-07-02;0.1;G;
1974-07-03;0.13;G;
1974-07-04;0.15;G;
1974-07-05;0.13;G;
1974-07-06;0.22;G;
1974-07-07;0.12;G;
1974-07-08;0.1;G;
1974-07-09;0.08;G;
1974-07-10;0.09;G;
1974-07-11;0.15;G;
1974-07-12;0.2;G;
1974-07-13;0.13;G;
1974-07-14;0.14;G;
1974-07-15;0.15;G;
1974-07-16;0.16;G;
1974-07-17;0.13;G;
1974-07-18;0.12;G;
1974-07-19;0.1;G;
1974-07-20;0.1;G;
1974-07-21;0.06;G;
1974-07-22;0.08;G;
1974-07-23;0.05;G;
1974-07-24;0.05;G;
1974-07-25;0.05;G;
1974-07-26;0.05;G;
1974-07-27;0.07;G;
1974-07-28;0.13;G;
1974-07-29;0.09;G;
1974-07-30;0.09;G;
1974-07-31;0.09;G;
1974-08-01;0.13;G;
1974-08-02;0.11;G;
1974-08-03;0.1;G;
1974-08-04;0.11;G;
1974-08-05;0.25;G;
1974-08-06;0.4;G;
1974-08-07;0.37;G;
1974-08-08;0.24;G;
1974-08-09;0.24;G;
1974-08-10;0.21;G;
1974-08-11;0.24;G;
1974-08-12;0.21;G;
1974-08-13;0.21;G;
1974-08-14;0.16;G;
1974-08-15;0.13;G;
1974-08-16;0.15;G;
1974-08-17;0.14;G;
1974-08-18;0.13;G;
1974-08-19;0.12;G;
1974-08-20;0.1;G;
1974-08-21;0.1;G;
1974-08-22;0.11;G;
1974-08-23;0.09;G;
1974-08-24;0.08;G;
1974-08-25;0.1;G;
1974-08-26;0.1;G;
1974-08-27;0.11;G;
1974-08-28;0.17;G;
1974-08-29;0.17;G;
1974-08-30;0.18;G;
1974-08-31;0.2;G;
1974-09-01;0.19;G;
1974-09-02;0.13;G;
1974-09-03;0.12;G;
1974-09-04;0.1;G;
1974-09-05;0.1;G;
1974-09-06;0.14;G;
1974-09-07;0.14;G;
1974-09-08;0.16;G;
1974-09-09;0.17;G;
1974-09-10;0.16;G;
1974-09-11;0.14;G;
1974-09-12;0.14;G;
1974-09-13;0.13;G;
1974-09-14;0.13;G;
1974-09-15;0.13;G;
1974-09-16;0.14;G;
1974-09-17;0.15;G;
1974-09-18;0.13;G;
1974-09-19;0.14;G;
1974-09-20;0.17;G;
1974-09-21;0.17;G;
1974-09-22;0.19;G;
1974-09-23;0.23;G;
1974-09-24;0.25;G;
1974-09-25;0.25;G;
1974-09-26;0.26;G;
1974-09-27;0.32;G;
1974-09-28;0.35;G;
1974-09-29;0.5;G;
1974-09-30;0.72;G;
1974-10-01;0.96;G;
1974-10-02;1.20;G;
1974-10-03;0.96;G;
1974-10-04;0.61;G;
1974-10-05;0.88;G;
1974-10-06;1.80;G;
1974-10-07;1.80;G;
1974-10-08;2.00;G;
1974-10-09;4.50;G;
1974-10-10;6.40;G;
1974-10-11;5.30;G;
1974-10-12;4.60;G;
1974-10-13;4.00;G;
1974-10-14;3.30;G;
1974-10-15;2.60;G;
1974-10-16;2.20;G;
1974-10-17;1.90;G;
1974-10-18;1.60;G;
1974-10-19;1.90;G;
1974-10-20;2.30;G;
1974-10-21;2.70;G;
1974-10-22;8.00;G;
1974-10-23;7.90;G;
1974-10-24;6.20;G;
1974-10-25;4.50;G;
1974-10-26;3.70;G;
1974-10-27;4.10;G;
1974-10-28;4.10;G;
1974-10-29;3.60;G;
1974-10-30;3.20;G;
1974-10-31;5.80;G;
1974-11-01;7.90;G;
1974-11-02;7.20;G;
1974-11-03;5.40;G;
1974-11-04;4.00;G;
1974-11-05;3.30;G;
1974-11-06;3.30;G;
1974-11-07;3.40;G;
1974-11-08;3.10;G;
1974-11-09;2.90;G;
1974-11-10;3.90;G;
1974-11-11;3.90;G;
1974-11-12;3.90;G;
1974-11-13;3.80;G;
1974-11-14;3.50;G;
1974-11-15;4.20;G;
1974-11-16;4.40;G;
1974-11-17;3.90;G;
1974-11-18;3.20;G;
1974-11-19;2.90;G;
1974-11-20;2.60;G;
1974-11-21;2.40;G;
1974-11-22;2.30;G;
1974-11-23;2.30;G;
1974-11-24;2.20;G;
1974-11-25;2.50;G;
1974-11-26;3.40;G;
1974-11-27;4.00;G;
1974-11-28;5.50;G;
1974-11-29;4.40;G;
1974-11-30;3.30;G;
1974-12-01;3.00;G;
1974-12-02;3.40;G;
1974-12-03;3.20;G;
1974-12-04;3.10;G;
1974-12-05;3.90;G;
1974-12-06;3.50;G;
1974-12-07;3.10;G;
1974-12-08;3.20;G;
1974-12-09;3.60;G;
1974-12-10;4.80;G;
1974-12-11;6.60;G;
1974-12-12;6.40;G;
1974-12-13;4.40;G;
1974-12-14;5.10;G;
1974-12-15;7.10;G;
1974-12-16;6.70;G;
1974-12-17;9.20;G;
1974-12-18;9.20;G;
1974-12-19;7.40;G;
1974-12-20;6.30;G;
1974-12-21;5.50;G;
1974-12-22;4.50;G;
1974-12-23;3.90;G;
1974-12-24;3.50;G;
1974-12-25;5.10;G;
1974-12-26;7.50;G;
1974-12-27;6.80;G;
1974-12-28;7.40;G;
1974-12-29;6.80;G;
1974-12-30;4.90;G;
1974-12-31;3.80;G;
1975-01-01;4.10;G;
1975-01-02;3.60;G;
1975-01-03;3.20;G;
1975-01-04;3.10;G;
1975-01-05;3.40;G;
1975-01-06;5.20;G;
1975-01-07;5.80;G;
1975-01-08;4.20;G;
1975-01-09;3.70;G;
1975-01-10;5.50;G;
1975-01-11;5.40;G;
1975-01-12;6.40;G;
1975-01-13;4.80;G;
1975-01-14;3.80;G;
1975-01-15;3.30;G;
1975-01-16;2.90;G;
1975-01-17;2.80;G;
1975-01-18;3.00;G;
1975-01-19;3.30;G;
1975-01-20;3.00;G;
1975-01-21;2.70;G;
1975-01-22;3.90;G;
1975-01-23;6.20;G;
1975-01-24;6.00;G;
1975-01-25;4.80;G;
1975-01-26;5.60;G;
1975-01-27;5.00;G;
1975-01-28;3.90;G;
1975-01-29;3.70;G;
1975-01-30;3.70;G;
1975-01-31;3.50;G;
1975-02-01;3.30;G;
1975-02-02;2.90;G;
1975-02-03;2.60;G;
1975-02-04;2.40;G;
1975-02-05;2.30;G;
1975-02-06;2.20;G;
1975-02-07;2.10;G;
1975-02-08;1.70;G;
1975-02-09;1.50;G;
1975-02-10;1.50;G;
1975-02-11;1.60;G;
1975-02-12;1.60;G;
1975-02-13;2.10;G;
1975-02-14;1.60;G;
1975-02-15;1.30;G;
1975-02-16;1.10;G;
1975-02-17;1.20;G;
1975-02-18;1.40;G;
1975-02-19;1.40;G;
1975-02-20;1.40;G;
1975-02-21;1.20;G;
1975-02-22;1.0;G;
1975-02-23;1.10;G;
1975-02-24;1.0;G;
1975-02-25;0.89;G;
1975-02-26;0.97;G;
1975-02-27;0.91;G;
1975-02-28;0.91;G;
1975-03-01;0.91;G;
1975-03-02;0.93;G;
1975-03-03;1.20;G;
1975-03-04;1.50;G;
1975-03-05;1.50;G;
1975-03-06;1.50;G;
1975-03-07;1.50;G;
1975-03-08;2.10;G;
1975-03-09;2.30;G;
1975-03-10;1.90;G;
1975-03-11;1.60;G;
1975-03-12;1.40;G;
1975-03-13;1.20;G;
1975-03-14;1.20;G;
1975-03-15;1.20;G;
1975-03-16;1.30;G;
1975-03-17;1.10;G;
1975-03-18;1.20;G;
1975-03-19;1.20;G;
1975-03-20;1.10;G;
1975-03-21;0.98;G;
1975-03-22;0.92;G;
1975-03-23;0.91;G;
1975-03-24;0.91;G;
1975-03-25;0.97;G;
1975-03-26;1.10;G;
1975-03-27;1.40;G;
1975-03-28;1.30;G;
1975-03-29;1.20;G;
1975-03-30;1.20;G;
1975-03-31;1.20;G;
1975-04-01;1.80;G;
1975-04-02;3.30;G;
1975-04-03;2.90;G;
1975-04-04;2.60;G;
1975-04-05;3.60;G;
1975-04-06;5.60;G;
1975-04-07;5.10;G;
1975-04-08;5.90;G;
1975-04-09;6.60;G;
1975-04-10;5.90;G;
1975-04-11;4.50;G;
1975-04-12;3.40;G;
1975-04-13;3.00;G;
1975-04-14;2.70;G;
1975-04-15;3.80;G;
1975-04-16;5.80;G;
1975-04-17;4.20;G;
1975-04-18;3.20;G;
1975-04-19;2.50;G;
1975-04-20;2.10;G;
1975-04-21;1.90;G;
1975-04-22;1.60;G;
1975-04-23;1.40;G;
1975-04-24;1.20;G;
1975-04-25;1.10;G;
1975-04-26;1.0;G;
1975-04-27;0.97;G;
1975-04-28;0.92;G;
1975-04-29;0.61;G;
1975-04-30;0.81;G;
1975-05-01;0.7;G;
1975-05-02;0.89;G;
1975-05-03;0.8;G;
1975-05-04;0.74;G;
1975-05-05;0.66;G;
1975-05-06;0.62;G;
1975-05-07;0.58;G;
1975-05-08;0.57;G;
1975-05-09;0.55;G;
1975-05-10;0.53;G;
1975-05-11;0.59;G;
1975-05-12;0.9;G;
1975-05-13;1.60;G;
1975-05-14;1.50;G;
1975-05-15;0.86;G;
1975-05-16;0.68;G;
1975-05-17;0.62;G;
1975-05-18;0.59;G;
1975-05-19;0.56;G;
1975-05-20;0.52;G;
1975-05-21;0.49;G;
1975-05-22;0.52;G;
1975-05-23;0.52;G;
1975-05-24;0.47;G;
1975-05-25;0.41;G;
1975-05-26;0.37;G;
1975-05-27;0.33;G;
1975-05-28;0.29;G;
1975-05-29;0.25;G;
1975-05-30;0.25;G;
1975-05-31;0.27;G;
1975-06-01;0.29;G;
1975-06-02;0.3;G;
1975-06-03;0.41;G;
1975-06-04;0.53;G;
1975-06-05;0.66;G;
1975-06-06;0.63;G;
1975-06-07;0.56;G;
1975-06-08;0.49;G;
1975-06-09;0.41;G;
1975-06-10;0.34;G;
1975-06-11;0.31;G;
1975-06-12;0.28;G;
1975-06-13;0.23;G;
1975-06-14;0.2;G;
1975-06-15;0.19;G;
1975-06-16;0.18;G;
1975-06-17;0.17;G;
1975-06-18;0.17;G;
1975-06-19;0.15;G;
1975-06-20;0.13;G;
1975-06-21;0.14;G;
1975-06-22;0.15;G;
1975-06-23;0.12;G;
1975-06-24;0.11;G;
1975-06-25;0.11;G;
1975-06-26;0.11;G;
1975-06-27;0.12;G;
1975-06-28;0.14;G;
1975-06-29;0.16;G;
1975-06-30;0.13;G;
1975-07-01;0.14;G;
1975-07-02;0.12;G;
1975-07-03;0.14;G;
1975-07-04;0.09;G;
1975-07-05;0.13;G;
1975-07-06;0.06;G;
1975-07-07;0.05;G;
1975-07-08;0.05;G;
1975-07-09;0.05;G;
1975-07-10;0.05;G;
1975-07-11;0.05;G;
1975-07-12;0.16;G;
1975-07-13;0.1;G;
1975-07-14;0.14;G;
1975-07-15;0.13;G;
1975-07-16;0.2;G;
1975-07-17;0.14;G;
1975-07-18;0.14;G;
1975-07-19;0.12;G;
1975-07-20;0.1;G;
1975-07-21;0.1;G;
1975-07-22;0.08;G;
1975-07-23;0.11;G;
1975-07-24;0.11;G;
1975-07-25;0.07;G;
1975-07-26;0.09;G;
1975-07-27;0.05;G;
1975-07-28;0.04;G;
1975-07-29;0.04;G;
1975-07-30;0.05;G;
1975-07-31;0.05;G;
1975-08-01;0.04;G;
1975-08-02;0.1;G;
1975-08-03;0.07;G;
1975-08-04;0.05;G;
1975-08-05;0.04;G;
1975-08-06;0.04;G;
1975-08-07;0.04;G;
1975-08-08;0.04;G;
1975-08-09;0.04;G;
1975-08-10;0.04;G;
1975-08-11;0.04;G;
1975-08-12;0.04;G;
1975-08-13;0.04;G;
1975-08-14;0.04;G;
1975-08-15;0.05;G;
1975-08-16;0.05;G;
1975-08-17;0.05;G;
1975-08-18;0.05;G;
1975-08-19;0.04;G;
1975-08-20;0.04;G;
1975-08-21;0.04;G;
1975-08-22;0.04;G;
1975-08-23;0.04;G;
1975-08-24;0.04;G;
1975-08-25;0.04;G;
1975-08-26;0.04;G;
1975-08-27;0.04;G;
1975-08-28;0.04;G;
1975-08-29;0.04;G;
1975-08-30;0.04;G;
1975-08-31;0.04;G;
1975-09-01;0.04;G;
1975-09-02;0.04;G;
1975-09-03;0.04;G;
1975-09-04;0.05;G;
1975-09-05;0.04;G;
1975-09-06;0.05;G;
1975-09-07;0.04;G;
1975-09-08;0.04;G;
1975-09-09;0.04;G;
1975-09-10;0.08;G;
1975-09-11;0.22;G;
1975-09-12;0.13;G;
1975-09-13;0.08;G;
1975-09-14;0.05;G;
1975-09-15;0.06;G;
1975-09-16;0.04;G;
1975-09-17;0.04;G;
1975-09-18;0.04;G;
1975-09-19;0.04;G;
1975-09-20;0.04;G;
1975-09-21;0.04;G;
1975-09-22;0.04;G;
1975-09-23;0.04;G;
1975-09-24;0.05;G;
1975-09-25;0.04;G;
1975-09-26;0.04;G;
1975-09-27;0.05;G;
1975-09-28;0.07;G;
1975-09-29;0.1;G;
1975-09-30;0.14;G;
1975-10-01;0.12;G;
1975-10-02;0.1;G;
1975-10-03;0.15;G;
1975-10-04;0.27;G;
1975-10-05;0.35;G;
1975-10-06;0.28;G;
1975-10-07;0.23;G;
1975-10-08;0.22;G;
1975-10-09;0.17;G;
1975-10-10;0.15;G;
1975-10-11;0.14;G;
1975-10-12;0.13;G;
1975-10-13;0.12;G;
1975-10-14;0.11;G;
1975-10-15;0.19;G;
1975-10-16;0.21;G;
1975-10-17;0.22;G;
1975-10-18;0.22;G;
1975-10-19;0.2;G;
1975-10-20;0.18;G;
1975-10-21;0.18;G;
1975-10-22;0.18;G;
1975-10-23;0.16;G;
1975-10-24;0.16;G;
1975-10-25;0.18;G;
1975-10-26;0.17;G;
1975-10-27;0.17;G;
1975-10-28;0.16;G;
1975-10-29;0.17;G;
1975-10-30;0.16;G;
1975-10-31;0.16;G;
1975-11-01;0.17;G;
1975-11-02;0.16;G;
1975-11-03;0.17;G;
1975-11-04;0.15;G;
1975-11-05;0.15;G;
1975-11-06;0.17;G;
1975-11-07;0.16;G;
1975-11-08;0.16;G;
1975-11-09;0.16;G;
1975-11-10;0.15;G;
1975-11-11;0.14;G;
1975-11-12;0.15;G;
1975-11-13;0.17;G;
1975-11-14;0.16;G;
1975-11-15;0.17;G;
1975-11-16;0.17;G;
1975-11-17;0.17;G;
1975-11-18;0.16;G;
1975-11-19;0.25;G;
1975-11-20;0.29;G;
1975-11-21;0.31;G;
1975-11-22;0.26;G;
1975-11-23;0.25;G;
1975-11-24;0.2;G;
1975-11-25;0.2;G;
1975-11-26;0.21;G;
1975-11-27;0.24;G;
1975-11-28;0.34;G;
1975-11-29;0.87;G;
1975-11-30;1.20;G;
1975-12-01;0.88;G;
1975-12-02;1.0;G;
1975-12-03;1.30;G;
1975-12-04;1.10;G;
1975-12-05;0.91;G;
1975-12-06;0.77;G;
1975-12-07;0.74;G;
1975-12-08;0.8;G;
1975-12-09;0.79;G;
1975-12-10;0.68;G;
1975-12-11;0.59;G;
1975-12-12;0.52;G;
1975-12-13;0.45;G;
1975-12-14;0.55;G;
1975-12-15;0.54;G;
1975-12-16;0.68;G;
1975-12-17;0.54;G;
1975-12-18;0.78;G;
1975-12-19;0.52;G;
1975-12-20;0.53;G;
1975-12-21;0.43;G;
1975-12-22;0.49;G;
1975-12-23;0.61;G;
1975-12-24;0.88;G;
1975-12-25;1.0;G;
1975-12-26;1.0;G;
1975-12-27;1.30;G;
1975-12-28;1.20;G;
1975-12-29;1.0;G;
1975-12-30;1.0;G;
1975-12-31;1.40;G;
1976-01-01;2.10;G;
1976-01-02;1.90;G;
1976-01-03;1.20;G;
1976-01-04;1.40;G;
1976-01-05;1.50;G;
1976-01-06;1.80;G;
1976-01-07;2.20;G;
1976-01-08;4.70;G;
1976-01-09;6.50;G;
1976-01-10;5.00;G;
1976-01-11;4.30;G;
1976-01-12;4.80;G;
1976-01-13;3.80;G;
1976-01-14;2.80;G;
1976-01-15;2.10;G;
1976-01-16;1.90;G;
1976-01-17;1.70;G;
1976-01-18;1.60;G;
1976-01-19;1.80;G;
1976-01-20;5.40;G;
1976-01-21;6.40;G;
1976-01-22;5.20;G;
1976-01-23;3.60;G;
1976-01-24;2.70;G;
1976-01-25;2.50;G;
1976-01-26;2.10;G;
1976-01-27;1.20;G;
1976-01-28;0.79;G;
1976-01-29;0.76;G;
1976-01-30;0.73;G;
1976-01-31;0.7;G;
1976-02-01;0.67;G;
1976-02-02;0.64;G;
1976-02-03;0.61;G;
1976-02-04;0.58;G;
1976-02-05;0.55;G;
1976-02-06;0.52;G;
1976-02-07;0.49;G;
1976-02-08;0.52;G;
1976-02-09;0.39;G;
1976-02-10;0.48;G;
1976-02-11;0.54;G;
1976-02-12;0.5;G;
1976-02-13;0.44;G;
1976-02-14;0.43;G;
1976-02-15;0.42;G;
1976-02-16;0.51;G;
1976-02-17;0.41;G;
1976-02-18;0.37;G;
1976-02-19;0.33;G;
1976-02-20;0.32;G;
1976-02-21;0.33;G;
1976-02-22;0.29;G;
1976-02-23;0.33;G;
1976-02-24;0.48;G;
1976-02-25;2.10;G;
1976-02-26;2.40;G;
1976-02-27;1.60;G;
1976-02-28;1.40;G;
1976-02-29;1.50;G;
1976-03-01;1.50;G;
1976-03-02;1.10;G;
1976-03-03;0.85;G;
1976-03-04;0.76;G;
1976-03-05;0.77;G;
1976-03-06;0.68;G;
1976-03-07;0.61;G;
1976-03-08;0.58;G;
1976-03-09;0.55;G;
1976-03-10;0.57;G;
1976-03-11;0.62;G;
1976-03-12;0.62;G;
1976-03-13;0.56;G;
1976-03-14;0.54;G;
1976-03-15;0.48;G;
1976-03-16;0.49;G;
1976-03-17;0.53;G;
1976-03-18;0.52;G;
1976-03-19;0.47;G;
1976-03-20;0.42;G;
1976-03-21;0.43;G;
1976-03-22;0.33;G;
1976-03-23;0.29;G;
1976-03-24;0.31;G;
1976-03-25;0.32;G;
1976-03-26;0.45;G;
1976-03-27;2.50;G;
1976-03-28;3.40;G;
1976-03-29;3.10;G;
1976-03-30;2.60;G;
1976-03-31;2.30;G;
1976-04-01;2.60;G;
1976-04-02;2.70;G;
1976-04-03;3.70;G;
1976-04-04;4.10;G;
1976-04-05;4.00;G;
1976-04-06;4.70;G;
1976-04-07;3.90;G;
1976-04-08;3.10;G;
1976-04-09;2.50;G;
1976-04-10;2.20;G;
1976-04-11;2.00;G;
1976-04-12;1.80;G;
1976-04-13;1.60;G;
1976-04-14;1.50;G;
1976-04-15;1.40;G;
1976-04-16;1.40;G;
1976-04-17;1.20;G;
1976-04-18;1.0;G;
1976-04-19;0.92;G;
1976-04-20;0.79;G;
1976-04-21;0.74;G;
1976-04-22;0.74;G;
1976-04-23;0.91;G;
1976-04-24;1.0;G;
1976-04-25;0.88;G;
1976-04-26;0.75;G;
1976-04-27;0.82;G;
1976-04-28;0.84;G;
1976-04-29;0.79;G;
1976-04-30;0.8;G;
1976-05-01;0.69;G;
1976-05-02;0.63;G;
1976-05-03;0.66;G;
1976-05-04;1.0;G;
1976-05-05;1.20;G;
1976-05-06;1.0;G;
1976-05-07;0.89;G;
1976-05-08;0.74;G;
1976-05-09;0.64;G;
1976-05-10;0.54;G;
1976-05-11;0.47;G;
1976-05-12;0.43;G;
1976-05-13;0.42;G;
1976-05-14;0.42;G;
1976-05-15;0.41;G;
1976-05-16;0.33;G;
1976-05-17;0.28;G;
1976-05-18;0.26;G;
1976-05-19;0.24;G;
1976-05-20;0.22;G;
1976-05-21;0.21;G;
1976-05-22;0.2;G;
1976-05-23;0.18;G;
1976-05-24;0.18;G;
1976-05-25;0.48;G;
1976-05-26;0.79;G;
1976-05-27;0.98;G;
1976-05-28;1.0;G;
1976-05-29;0.87;G;
1976-05-30;0.72;G;
1976-05-31;0.77;G;
1976-06-01;0.74;G;
1976-06-02;0.58;G;
1976-06-03;1.50;G;
1976-06-04;2.50;G;
1976-06-05;1.70;G;
1976-06-06;1.20;G;
1976-06-07;0.84;G;
1976-06-08;0.6;G;
1976-06-09;0.5;G;
1976-06-10;0.4;G;
1976-06-11;0.32;G;
1976-06-12;0.28;G;
1976-06-13;0.25;G;
1976-06-14;0.24;G;
1976-06-15;0.25;G;
1976-06-16;0.25;G;
1976-06-17;0.24;G;
1976-06-18;0.25;G;
1976-06-19;0.36;G;
1976-06-20;0.45;G;
1976-06-21;0.53;G;
1976-06-22;0.46;G;
1976-06-23;0.36;G;
1976-06-24;0.27;G;
1976-06-25;0.22;G;
1976-06-26;0.19;G;
1976-06-27;0.16;G;
1976-06-28;0.15;G;
1976-06-29;0.13;G;
1976-06-30;0.1;G;
1976-07-01;0.1;G;
1976-07-02;0.08;G;
1976-07-03;0.08;G;
1976-07-04;0.06;G;
1976-07-05;0.06;G;
1976-07-06;0.06;G;
1976-07-07;0.06;G;
1976-07-08;0.13;G;
1976-07-09;0.09;G;
1976-07-10;0.1;G;
1976-07-11;0.09;G;
1976-07-12;0.1;G;
1976-07-13;0.06;G;
1976-07-14;0.08;G;
1976-07-15;0.06;G;
1976-07-16;0.05;G;
1976-07-17;0.05;G;
1976-07-18;0.05;G;
1976-07-19;0.04;G;
1976-07-20;0.04;G;
1976-07-21;0.1;G;
1976-07-22;0.12;G;
1976-07-23;0.09;G;
1976-07-24;0.09;G;
1976-07-25;0.08;G;
1976-07-26;0.08;G;
1976-07-27;0.06;G;
1976-07-28;0.05;G;
1976-07-29;0.15;G;
1976-07-30;0.33;G;
1976-07-31;0.15;G;
1976-08-01;0.15;G;
1976-08-02;0.14;G;
1976-08-03;0.12;G;
1976-08-04;0.13;G;
1976-08-05;0.11;G;
1976-08-06;0.1;G;
1976-08-07;0.07;G;
1976-08-08;0.05;G;
1976-08-09;0.06;G;
1976-08-10;0.05;G;
1976-08-11;0.05;G;
1976-08-12;0.06;G;
1976-08-13;0.05;G;
1976-08-14;0.05;G;
1976-08-15;0.05;G;
1976-08-16;0.05;G;
1976-08-17;0.05;G;
1976-08-18;0.04;G;
1976-08-19;0.04;G;
1976-08-20;0.05;G;
1976-08-21;0.05;G;
1976-08-22;0.04;G;
1976-08-23;0.04;G;
1976-08-24;0.04;G;
1976-08-25;0.04;G;
1976-08-26;0.06;G;
1976-08-27;0.08;G;
1976-08-28;0.05;G;
1976-08-29;0.05;G;
1976-08-30;0.05;G;
1976-08-31;0.05;G;
1976-09-01;0.06;G;
1976-09-02;0.15;G;
1976-09-03;0.08;G;
1976-09-04;0.07;G;
1976-09-05;0.06;G;
1976-09-06;0.07;G;
1976-09-07;0.06;G;
1976-09-08;0.06;G;
1976-09-09;0.09;G;
1976-09-10;0.13;G;
1976-09-11;0.07;G;
1976-09-12;0.08;G;
1976-09-13;0.08;G;
1976-09-14;0.12;G;
1976-09-15;0.1;G;
1976-09-16;0.14;G;
1976-09-17;0.13;G;
1976-09-18;0.12;G;
1976-09-19;0.11;G;
1976-09-20;0.1;G;
1976-09-21;0.09;G;
1976-09-22;0.11;G;
1976-09-23;0.1;G;
1976-09-24;0.1;G;
1976-09-25;0.09;G;
1976-09-26;0.08;G;
1976-09-27;0.13;G;
1976-09-28;0.12;G;
1976-09-29;0.1;G;
1976-09-30;0.1;G;
1976-10-01;0.1;G;
1976-10-02;0.12;G;
1976-10-03;0.09;G;
1976-10-04;0.09;G;
1976-10-05;0.14;G;
1976-10-06;0.16;G;
1976-10-07;0.15;G;
1976-10-08;0.15;G;
1976-10-09;0.15;G;
1976-10-10;0.15;G;
1976-10-11;0.15;G;
1976-10-12;0.16;G;
1976-10-13;0.18;G;
1976-10-14;0.26;G;
1976-10-15;0.54;G;
1976-10-16;1.40;G;
1976-10-17;1.90;G;
1976-10-18;1.90;G;
1976-10-19;1.60;G;
1976-10-20;1.40;G;
1976-10-21;1.10;G;
1976-10-22;0.92;G;
1976-10-23;0.79;G;
1976-10-24;0.66;G;
1976-10-25;0.58;G;
1976-10-26;0.54;G;
1976-10-27;0.49;G;
1976-10-28;0.42;G;
1976-10-29;0.4;G;
1976-10-30;0.38;G;
1976-10-31;0.37;G;
1976-11-01;0.31;G;
1976-11-02;0.29;G;
1976-11-03;0.31;G;
1976-11-04;0.35;G;
1976-11-05;0.35;G;
1976-11-06;0.37;G;
1976-11-07;0.36;G;
1976-11-08;0.36;G;
1976-11-09;0.38;G;
1976-11-10;0.39;G;
1976-11-11;0.41;G;
1976-11-12;0.41;G;
1976-11-13;0.41;G;
1976-11-14;0.37;G;
1976-11-15;0.34;G;
1976-11-16;0.33;G;
1976-11-17;0.3;G;
1976-11-18;0.29;G;
1976-11-19;0.3;G;
1976-11-20;0.27;G;
1976-11-21;0.3;G;
1976-11-22;0.3;G;
1976-11-23;0.28;G;
1976-11-24;0.24;G;
1976-11-25;0.32;G;
1976-11-26;0.42;G;
1976-11-27;0.66;G;
1976-11-28;1.10;G;
1976-11-29;1.50;G;
1976-11-30;2.20;G;
1976-12-01;4.90;G;
1976-12-02;4.60;G;
1976-12-03;3.40;G;
1976-12-04;3.00;G;
1976-12-05;3.40;G;
1976-12-06;3.40;G;
1976-12-07;3.60;G;
1976-12-08;3.40;G;
1976-12-09;2.80;G;
1976-12-10;2.80;G;
1976-12-11;2.70;G;
1976-12-12;2.40;G;
1976-12-13;1.90;G;
1976-12-14;1.60;G;
1976-12-15;1.40;G;
1976-12-16;1.20;G;
1976-12-17;1.0;G;
1976-12-18;1.0;G;
1976-12-19;1.20;G;
1976-12-20;1.70;G;
1976-12-21;1.50;G;
1976-12-22;2.10;G;
1976-12-23;2.70;G;
1976-12-24;2.60;G;
1976-12-25;2.70;G;
1976-12-26;2.80;G;
1976-12-27;3.70;G;
1976-12-28;3.80;G;
1976-12-29;4.50;G;
1976-12-30;4.70;G;
1976-12-31;5.10;G;
1977-01-01;5.00;G;
1977-01-02;4.20;G;
1977-01-03;2.70;G;
1977-01-04;1.70;G;
1977-01-05;1.50;G;
1977-01-06;1.50;G;
1977-01-07;1.90;G;
1977-01-08;2.40;G;
1977-01-09;2.40;G;
1977-01-10;1.90;G;
1977-01-11;1.80;G;
1977-01-12;1.60;G;
1977-01-13;1.60;G;
1977-01-14;1.50;G;
1977-01-15;1.50;G;
1977-01-16;1.50;G;
1977-01-17;1.50;G;
1977-01-18;1.40;G;
1977-01-19;1.50;G;
1977-01-20;1.40;G;
1977-01-21;1.40;G;
1977-01-22;1.40;G;
1977-01-23;1.50;G;
1977-01-24;1.70;G;
1977-01-25;1.80;G;
1977-01-26;4.60;G;
1977-01-27;7.80;G;
1977-01-28;6.20;G;
1977-01-29;5.00;G;
1977-01-30;4.00;G;
1977-01-31;3.60;G;
1977-02-01;3.00;G;
1977-02-02;2.60;G;
1977-02-03;2.30;G;
1977-02-04;2.40;G;
1977-02-05;2.50;G;
1977-02-06;2.60;G;
1977-02-07;4.50;G;
1977-02-08;6.70;G;
1977-02-09;5.00;G;
1977-02-10;3.80;G;
1977-02-11;2.80;G;
1977-02-12;1.80;G;
1977-02-13;2.20;G;
1977-02-14;2.30;G;
1977-02-15;2.10;G;
1977-02-16;2.00;G;
1977-02-17;1.80;G;
1977-02-18;1.80;G;
1977-02-19;2.70;G;
1977-02-20;4.60;G;
1977-02-21;7.50;G;
1977-02-22;6.40;G;
1977-02-23;6.80;G;
1977-02-24;7.30;G;
1977-02-25;5.90;G;
1977-02-26;4.40;G;
1977-02-27;3.80;G;
1977-02-28;3.30;G;
1977-03-01;2.70;G;
1977-03-02;2.50;G;
1977-03-03;4.40;G;
1977-03-04;11.0;G;
1977-03-05;12.8;G;
1977-03-06;11.8;G;
1977-03-07;9.70;G;
1977-03-08;8.00;G;
1977-03-09;8.60;G;
1977-03-10;8.30;G;
1977-03-11;8.00;G;
1977-03-12;6.70;G;
1977-03-13;5.70;G;
1977-03-14;6.10;G;
1977-03-15;5.60;G;
1977-03-16;5.10;G;
1977-03-17;5.10;G;
1977-03-18;5.20;G;
1977-03-19;5.90;G;
1977-03-20;8.80;G;
1977-03-21;6.80;G;
1977-03-22;4.80;G;
1977-03-23;3.90;G;
1977-03-24;3.40;G;
1977-03-25;3.00;G;
1977-03-26;2.80;G;
1977-03-27;2.60;G;
1977-03-28;2.50;G;
1977-03-29;2.40;G;
1977-03-30;2.40;G;
1977-03-31;2.60;G;
1977-04-01;2.90;G;
1977-04-02;4.30;G;
1977-04-03;3.90;G;
1977-04-04;3.10;G;
1977-04-05;3.80;G;
1977-04-06;4.10;G;
1977-04-07;3.60;G;
1977-04-08;3.20;G;
1977-04-09;2.90;G;
1977-04-10;2.80;G;
1977-04-11;2.50;G;
1977-04-12;2.80;G;
1977-04-13;3.80;G;
1977-04-14;3.60;G;
1977-04-15;3.30;G;
1977-04-16;3.30;G;
1977-04-17;5.10;G;
1977-04-18;4.40;G;
1977-04-19;3.40;G;
1977-04-20;2.70;G;
1977-04-21;3.00;G;
1977-04-22;3.60;G;
1977-04-23;4.90;G;
1977-04-24;4.80;G;
1977-04-25;3.60;G;
1977-04-26;3.40;G;
1977-04-27;3.80;G;
1977-04-28;3.60;G;
1977-04-29;3.20;G;
1977-04-30;2.90;G;
1977-05-01;3.10;G;
1977-05-02;3.40;G;
1977-05-03;3.30;G;
1977-05-04;3.20;G;
1977-05-05;3.10;G;
1977-05-06;2.90;G;
1977-05-07;2.90;G;
1977-05-08;2.80;G;
1977-05-09;2.90;G;
1977-05-10;2.90;G;
1977-05-11;3.20;G;
1977-05-12;3.70;G;
1977-05-13;2.60;G;
1977-05-14;2.40;G;
1977-05-15;2.20;G;
1977-05-16;2.00;G;
1977-05-17;1.70;G;
1977-05-18;1.50;G;
1977-05-19;1.30;G;
1977-05-20;1.10;G;
1977-05-21;0.95;G;
1977-05-22;0.8;G;
1977-05-23;0.7;G;
1977-05-24;0.6;G;
1977-05-25;0.55;G;
1977-05-26;0.5;G;
1977-05-27;0.45;G;
1977-05-28;0.4;G;
1977-05-29;0.38;G;
1977-05-30;0.34;G;
1977-05-31;0.34;G;
1977-06-01;0.39;G;
1977-06-02;0.38;G;
1977-06-03;0.35;G;
1977-06-04;0.32;G;
1977-06-05;0.34;G;
1977-06-06;0.32;G;
1977-06-07;0.42;G;
1977-06-08;0.42;G;
1977-06-09;0.35;G;
1977-06-10;0.33;G;
1977-06-11;0.34;G;
1977-06-12;0.31;G;
1977-06-13;0.24;G;
1977-06-14;0.21;G;
1977-06-15;0.23;G;
1977-06-16;0.28;G;
1977-06-17;0.34;G;
1977-06-18;0.36;G;
1977-06-19;0.31;G;
1977-06-20;0.25;G;
1977-06-21;0.19;G;
1977-06-22;0.18;G;
1977-06-23;0.17;G;
1977-06-24;0.14;G;
1977-06-25;0.17;G;
1977-06-26;0.17;G;
1977-06-27;0.13;G;
1977-06-28;0.13;G;
1977-06-29;0.19;G;
1977-06-30;0.13;G;
1977-07-01;0.31;G;
1977-07-02;0.19;G;
1977-07-03;0.16;G;
1977-07-04;0.12;G;
1977-07-05;0.15;G;
1977-07-06;0.14;G;
1977-07-07;0.14;G;
1977-07-08;0.14;G;
1977-07-09;0.12;G;
1977-07-10;0.12;G;
1977-07-11;0.12;G;
1977-07-12;0.1;G;
1977-07-13;0.1;G;
1977-07-14;0.1;G;
1977-07-15;0.09;G;
1977-07-16;0.11;G;
1977-07-17;0.11;G;
1977-07-18;0.21;G;
1977-07-19;0.21;G;
1977-07-20;0.2;G;
1977-07-21;0.18;G;
1977-07-22;0.16;G;
1977-07-23;0.39;G;
1977-07-24;0.65;G;
1977-07-25;0.57;G;
1977-07-26;1.80;G;
1977-07-27;3.10;G;
1977-07-28;2.60;G;
1977-07-29;1.90;G;
1977-07-30;1.20;G;
1977-07-31;0.83;G;
1977-08-01;0.52;G;
1977-08-02;0.33;G;
1977-08-03;0.3;G;
1977-08-04;0.25;G;
1977-08-05;0.22;G;
1977-08-06;0.17;G;
1977-08-07;0.16;G;
1977-08-08;0.15;G;
1977-08-09;0.17;G;
1977-08-10;0.15;G;
1977-08-11;0.15;G;
1977-08-12;0.14;G;
1977-08-13;0.4;G;
1977-08-14;0.2;G;
1977-08-15;0.2;G;
1977-08-16;0.2;G;
1977-08-17;0.17;G;
1977-08-18;0.15;G;
1977-08-19;0.16;G;
1977-08-20;0.14;G;
1977-08-21;0.14;G;
1977-08-22;0.11;G;
1977-08-23;0.1;G;
1977-08-24;0.11;G;
1977-08-25;0.1;G;
1977-08-26;0.12;G;
1977-08-27;0.12;G;
1977-08-28;0.12;G;
1977-08-29;0.13;G;
1977-08-30;0.08;G;
1977-08-31;0.08;G;
1977-09-01;0.11;G;
1977-09-02;0.1;G;
1977-09-03;0.1;G;
1977-09-04;0.12;G;
1977-09-05;0.12;G;
1977-09-06;0.17;G;
1977-09-07;0.14;G;
1977-09-08;0.13;G;
1977-09-09;0.14;G;
1977-09-10;0.12;G;
1977-09-11;0.12;G;
1977-09-12;0.15;G;
1977-09-13;0.15;G;
1977-09-14;0.14;G;
1977-09-15;0.16;G;
1977-09-16;0.14;G;
1977-09-17;0.15;G;
1977-09-18;0.14;G;
1977-09-19;0.13;G;
1977-09-20;0.13;G;
1977-09-21;0.11;G;
1977-09-22;0.12;G;
1977-09-23;0.1;G;
1977-09-24;0.1;G;
1977-09-25;0.06;G;
1977-09-26;0.09;G;
1977-09-27;0.09;G;
1977-09-28;0.12;G;
1977-09-29;0.15;G;
1977-09-30;0.29;G;
1977-10-01;0.32;G;
1977-10-02;0.46;G;
1977-10-03;0.39;G;
1977-10-04;0.94;G;
1977-10-05;1.40;G;
1977-10-06;1.30;G;
1977-10-07;1.20;G;
1977-10-08;1.20;G;
1977-10-09;1.10;G;
1977-10-10;1.0;G;
1977-10-11;0.97;G;
1977-10-12;0.82;G;
1977-10-13;0.67;G;
1977-10-14;0.58;G;
1977-10-15;0.47;G;
1977-10-16;0.46;G;
1977-10-17;0.43;G;
1977-10-18;0.4;G;
1977-10-19;0.36;G;
1977-10-20;0.35;G;
1977-10-21;0.36;G;
1977-10-22;0.41;G;
1977-10-23;0.35;G;
1977-10-24;0.41;G;
1977-10-25;0.44;G;
1977-10-26;0.38;G;
1977-10-27;0.36;G;
1977-10-28;0.31;G;
1977-10-29;0.32;G;
1977-10-30;0.33;G;
1977-10-31;0.35;G;
1977-11-01;0.4;G;
1977-11-02;0.5;G;
1977-11-03;1.0;G;
1977-11-04;1.70;G;
1977-11-05;1.60;G;
1977-11-06;1.50;G;
1977-11-07;1.50;G;
1977-11-08;1.60;G;
1977-11-09;1.90;G;
1977-11-10;1.70;G;
1977-11-11;1.60;G;
1977-11-12;1.90;G;
1977-11-13;2.20;G;
1977-11-14;3.50;G;
1977-11-15;7.30;G;
1977-11-16;10.00;G;
1977-11-17;7.50;G;
1977-11-18;5.30;G;
1977-11-19;4.40;G;
1977-11-20;5.60;G;
1977-11-21;6.40;G;
1977-11-22;6.70;G;
1977-11-23;6.20;G;
1977-11-24;8.70;G;
1977-11-25;9.20;G;
1977-11-26;7.30;G;
1977-11-27;5.10;G;
1977-11-28;3.80;G;
1977-11-29;3.40;G;
1977-11-30;3.10;G;
1977-12-01;2.60;G;
1977-12-02;2.20;G;
1977-12-03;2.00;G;
1977-12-04;2.00;G;
1977-12-05;1.90;G;
1977-12-06;1.70;G;
1977-12-07;1.50;G;
1977-12-08;1.60;G;
1977-12-09;2.00;G;
1977-12-10;2.00;G;
1977-12-11;1.60;G;
1977-12-12;2.00;G;
1977-12-13;2.80;G;
1977-12-14;3.20;G;
1977-12-15;3.20;G;
1977-12-16;2.90;G;
1977-12-17;2.80;G;
1977-12-18;3.10;G;
1977-12-19;4.10;G;
1977-12-20;3.80;G;
1977-12-21;3.10;G;
1977-12-22;2.90;G;
1977-12-23;3.20;G;
1977-12-24;8.50;G;
1977-12-25;10.4;G;
1977-12-26;8.30;G;
1977-12-27;7.40;G;
1977-12-28;8.40;G;
1977-12-29;7.10;G;
1977-12-30;7.40;G;
1977-12-31;5.70;G;
1978-01-01;5.00;G;
1978-01-02;6.60;G;
1978-01-03;6.50;G;
1978-01-04;5.30;G;
1978-01-05;4.00;G;
1978-01-06;3.60;G;
1978-01-07;4.10;G;
1978-01-08;4.00;G;
1978-01-09;3.90;G;
1978-01-10;4.40;G;
1978-01-11;5.40;G;
1978-01-12;5.60;G;
1978-01-13;4.80;G;
1978-01-14;4.80;G;
1978-01-15;4.30;G;
1978-01-16;3.60;G;
1978-01-17;3.30;G;
1978-01-18;3.20;G;
1978-01-19;3.20;G;
1978-01-20;3.00;G;
1978-01-21;2.60;G;
1978-01-22;2.40;G;
1978-01-23;2.20;G;
1978-01-24;2.20;G;
1978-01-25;2.90;G;
1978-01-26;3.10;G;
1978-01-27;2.70;G;
1978-01-28;2.40;G;
1978-01-29;2.50;G;
1978-01-30;3.00;G;
1978-01-31;3.20;G;
1978-02-01;2.80;G;
1978-02-02;2.20;G;
1978-02-03;1.60;G;
1978-02-04;2.10;G;
1978-02-05;2.20;G;
1978-02-06;2.10;G;
1978-02-07;2.00;G;
1978-02-08;1.80;G;
1978-02-09;2.20;G;
1978-02-10;2.20;G;
1978-02-11;1.90;G;
1978-02-12;1.10;G;
1978-02-13;1.10;G;
1978-02-14;1.0;G;
1978-02-15;1.0;G;
1978-02-16;0.95;G;
1978-02-17;0.9;G;
1978-02-18;0.85;G;
1978-02-19;0.8;G;
1978-02-20;0.8;G;
1978-02-21;0.85;G;
1978-02-22;0.9;G;
1978-02-23;0.95;G;
1978-02-24;1.0;G;
1978-02-25;1.40;G;
1978-02-26;2.40;G;
1978-02-27;3.70;G;
1978-02-28;4.60;G;
1978-03-01;5.60;G;
1978-03-02;7.00;G;
1978-03-03;7.60;G;
1978-03-04;8.10;G;
1978-03-05;7.60;G;
1978-03-06;6.70;G;
1978-03-07;5.80;G;
1978-03-08;5.20;G;
1978-03-09;5.00;G;
1978-03-10;5.60;G;
1978-03-11;7.40;G;
1978-03-12;6.60;G;
1978-03-13;6.50;G;
1978-03-14;9.80;G;
1978-03-15;14.1;G;
1978-03-16;15.8;G;
1978-03-17;14.7;G;
1978-03-18;10.6;G;
1978-03-19;7.20;G;
1978-03-20;5.20;G;
1978-03-21;4.40;G;
1978-03-22;4.00;G;
1978-03-23;3.60;G;
1978-03-24;3.70;G;
1978-03-25;8.70;G;
1978-03-26;12.8;G;
1978-03-27;11.0;G;
1978-03-28;10.5;G;
1978-03-29;8.70;G;
1978-03-30;6.80;G;
1978-03-31;5.60;G;
1978-04-01;4.80;G;
1978-04-02;3.90;G;
1978-04-03;3.30;G;
1978-04-04;2.80;G;
1978-04-05;2.50;G;
1978-04-06;2.20;G;
1978-04-07;2.20;G;
1978-04-08;2.10;G;
1978-04-09;1.90;G;
1978-04-10;1.70;G;
1978-04-11;1.80;G;
1978-04-12;2.10;G;
1978-04-13;2.10;G;
1978-04-14;1.90;G;
1978-04-15;1.50;G;
1978-04-16;1.40;G;
1978-04-17;1.20;G;
1978-04-18;1.10;G;
1978-04-19;1.0;G;
1978-04-20;0.9;G;
1978-04-21;0.95;G;
1978-04-22;0.86;G;
1978-04-23;0.74;G;
1978-04-24;0.87;G;
1978-04-25;1.10;G;
1978-04-26;1.0;G;
1978-04-27;0.85;G;
1978-04-28;0.68;G;
1978-04-29;0.66;G;
1978-04-30;0.64;G;
1978-05-01;0.58;G;
1978-05-02;0.57;G;
1978-05-03;0.47;G;
1978-05-04;0.5;G;
1978-05-05;0.4;G;
1978-05-06;0.43;G;
1978-05-07;0.4;G;
1978-05-08;0.35;G;
1978-05-09;0.35;G;
1978-05-10;0.31;G;
1978-05-11;0.32;G;
1978-05-12;0.34;G;
1978-05-13;0.4;G;
1978-05-14;0.32;G;
1978-05-15;0.3;G;
1978-05-16;0.26;G;
1978-05-17;0.23;G;
1978-05-18;0.22;G;
1978-05-19;0.22;G;
1978-05-20;0.2;G;
1978-05-21;0.2;G;
1978-05-22;0.26;G;
1978-05-23;0.24;G;
1978-05-24;0.28;G;
1978-05-25;0.23;G;
1978-05-26;0.19;G;
1978-05-27;0.18;G;
1978-05-28;0.19;G;
1978-05-29;0.17;G;
1978-05-30;0.16;G;
1978-05-31;0.17;G;
1978-06-01;0.17;G;
1978-06-02;0.17;G;
1978-06-03;0.16;G;
1978-06-04;0.14;G;
1978-06-05;0.15;G;
1978-06-06;0.13;G;
1978-06-07;0.32;G;
1978-06-08;0.17;G;
1978-06-09;0.16;G;
1978-06-10;0.2;G;
1978-06-11;0.2;G;
1978-06-12;0.25;G;
1978-06-13;0.31;G;
1978-06-14;0.46;G;
1978-06-15;0.24;G;
1978-06-16;0.19;G;
1978-06-17;0.16;G;
1978-06-18;0.15;G;
1978-06-19;0.14;G;
1978-06-20;0.13;G;
1978-06-21;0.11;G;
1978-06-22;0.1;G;
1978-06-23;0.24;G;
1978-06-24;0.1;G;
1978-06-25;0.07;G;
1978-06-26;0.08;G;
1978-06-27;0.08;G;
1978-06-28;0.11;G;
1978-06-29;0.09;G;
1978-06-30;0.11;G;
1978-07-01;0.11;G;
1978-07-02;0.14;G;
1978-07-03;0.14;G;
1978-07-04;0.12;G;
1978-07-05;0.11;G;
1978-07-06;0.19;G;
1978-07-07;0.14;G;
1978-07-08;0.14;G;
1978-07-09;0.2;G;
1978-07-10;0.15;G;
1978-07-11;0.13;G;
1978-07-12;0.12;G;
1978-07-13;0.1;G;
1978-07-14;0.11;G;
1978-07-15;0.27;G;
1978-07-16;0.13;G;
1978-07-17;0.1;G;
1978-07-18;0.08;G;
1978-07-19;0.1;G;
1978-07-20;0.29;G;
1978-07-21;0.39;G;
1978-07-22;0.31;G;
1978-07-23;0.2;G;
1978-07-24;0.18;G;
1978-07-25;0.17;G;
1978-07-26;0.12;G;
1978-07-27;0.13;G;
1978-07-28;0.12;G;
1978-07-29;0.1;G;
1978-07-30;0.08;G;
1978-07-31;0.07;G;
1978-08-01;0.07;G;
1978-08-02;0.07;G;
1978-08-03;0.06;G;
1978-08-04;0.09;G;
1978-08-05;0.1;G;
1978-08-06;0.07;G;
1978-08-07;0.08;G;
1978-08-08;0.08;G;
1978-08-09;0.07;G;
1978-08-10;0.08;G;
1978-08-11;0.07;G;
1978-08-12;0.07;G;
1978-08-13;0.08;G;
1978-08-14;0.08;G;
1978-08-15;0.09;G;
1978-08-16;0.08;G;
1978-08-17;0.08;G;
1978-08-18;0.06;G;
1978-08-19;0.06;G;
1978-08-20;0.06;G;
1978-08-21;0.06;G;
1978-08-22;0.06;G;
1978-08-23;0.06;G;
1978-08-24;0.05;G;
1978-08-25;0.09;G;
1978-08-26;0.07;G;
1978-08-27;0.06;G;
1978-08-28;0.07;G;
1978-08-29;0.19;G;
1978-08-30;0.13;G;
1978-08-31;0.16;G;
1978-09-01;0.18;G;
1978-09-02;0.16;G;
1978-09-03;0.22;G;
1978-09-04;0.38;G;
1978-09-05;0.34;G;
1978-09-06;0.32;G;
1978-09-07;0.24;G;
1978-09-08;0.2;G;
1978-09-09;0.23;G;
1978-09-10;0.27;G;
1978-09-11;0.31;G;
1978-09-12;0.37;G;
1978-09-13;0.38;G;
1978-09-14;0.5;G;
1978-09-15;1.90;G;
1978-09-16;2.80;G;
1978-09-17;2.20;G;
1978-09-18;1.50;G;
1978-09-19;1.20;G;
1978-09-20;0.95;G;
1978-09-21;0.77;G;
1978-09-22;0.72;G;
1978-09-23;0.75;G;
1978-09-24;1.50;G;
1978-09-25;2.00;G;
1978-09-26;1.80;G;
1978-09-27;1.80;G;
1978-09-28;1.70;G;
1978-09-29;1.80;G;
1978-09-30;1.50;G;
1978-10-01;1.20;G;
1978-10-02;0.9;G;
1978-10-03;0.76;G;
1978-10-04;0.72;G;
1978-10-05;0.93;G;
1978-10-06;1.80;G;
1978-10-07;2.00;G;
1978-10-08;1.60;G;
1978-10-09;1.30;G;
1978-10-10;1.30;G;
1978-10-11;1.30;G;
1978-10-12;1.0;G;
1978-10-13;0.92;G;
1978-10-14;0.8;G;
1978-10-15;0.65;G;
1978-10-16;0.95;G;
1978-10-17;1.80;G;
1978-10-18;2.00;G;
1978-10-19;1.60;G;
1978-10-20;1.50;G;
1978-10-21;1.60;G;
1978-10-22;1.60;G;
1978-10-23;1.40;G;
1978-10-24;1.60;G;
1978-10-25;1.90;G;
1978-10-26;1.70;G;
1978-10-27;1.40;G;
1978-10-28;1.50;G;
1978-10-29;1.50;G;
1978-10-30;1.40;G;
1978-10-31;1.20;G;
1978-11-01;1.10;G;
1978-11-02;1.0;G;
1978-11-03;0.87;G;
1978-11-04;0.92;G;
1978-11-05;0.91;G;
1978-11-06;0.97;G;
1978-11-07;0.9;G;
1978-11-08;0.81;G;
1978-11-09;0.72;G;
1978-11-10;0.72;G;
1978-11-11;0.7;G;
1978-11-12;0.75;G;
1978-11-13;0.64;G;
1978-11-14;0.66;G;
1978-11-15;0.73;G;
1978-11-16;0.9;G;
1978-11-17;1.30;G;
1978-11-18;2.60;G;
1978-11-19;4.30;G;
1978-11-20;5.50;G;
1978-11-21;4.30;G;
1978-11-22;3.80;G;
1978-11-23;3.40;G;
1978-11-24;4.80;G;
1978-11-25;4.30;G;
1978-11-26;3.70;G;
1978-11-27;3.40;G;
1978-11-28;2.90;G;
1978-11-29;2.40;G;
1978-11-30;2.20;G;
1978-12-01;1.90;G;
1978-12-02;2.00;G;
1978-12-03;2.40;G;
1978-12-04;2.20;G;
1978-12-05;1.80;G;
1978-12-06;1.50;G;
1978-12-07;1.40;G;
1978-12-08;1.20;G;
1978-12-09;1.0;G;
1978-12-10;0.8;G;
1978-12-11;0.8;G;
1978-12-12;1.20;G;
1978-12-13;3.40;G;
1978-12-14;6.00;G;
1978-12-15;4.80;G;
1978-12-16;3.30;G;
1978-12-17;3.00;G;
1978-12-18;3.20;G;
1978-12-19;2.00;G;
1978-12-20;1.30;G;
1978-12-21;1.20;G;
1978-12-22;1.20;G;
1978-12-23;1.20;G;
1978-12-24;0.82;G;
1978-12-25;0.94;G;
1978-12-26;1.90;G;
1978-12-27;1.80;G;
1978-12-28;1.0;G;
1978-12-29;0.7;G;
1978-12-30;0.55;G;
1978-12-31;0.5;G;
1979-01-01;0.45;G;
1979-01-02;0.4;G;
1979-01-03;0.4;G;
1979-01-04;0.4;G;
1979-01-05;0.4;G;
1979-01-06;0.4;G;
1979-01-07;0.45;G;
1979-01-08;0.45;G;
1979-01-09;0.5;G;
1979-01-10;0.5;G;
1979-01-11;0.5;G;
1979-01-12;0.45;G;
1979-01-13;0.45;G;
1979-01-14;0.45;G;
1979-01-15;0.45;G;
1979-01-16;0.4;G;
1979-01-17;0.4;G;
1979-01-18;0.4;G;
1979-01-19;0.45;G;
1979-01-20;0.45;G;
1979-01-21;0.5;G;
1979-01-22;0.5;G;
1979-01-23;0.55;G;
1979-01-24;0.55;G;
1979-01-25;0.55;G;
1979-01-26;0.55;G;
1979-01-27;0.5;G;
1979-01-28;0.5;G;
1979-01-29;0.5;G;
1979-01-30;0.5;G;
1979-01-31;0.5;G;
1979-02-01;0.45;G;
1979-02-02;0.45;G;
1979-02-03;0.45;G;
1979-02-04;0.45;G;
1979-02-05;0.45;G;
1979-02-06;0.45;G;
1979-02-07;0.5;G;
1979-02-08;0.5;G;
1979-02-09;0.5;G;
1979-02-10;0.45;G;
1979-02-11;0.45;G;
1979-02-12;0.45;G;
1979-02-13;0.4;G;
1979-02-14;0.4;G;
1979-02-15;0.4;G;
1979-02-16;0.4;G;
1979-02-17;0.35;G;
1979-02-18;0.35;G;
1979-02-19;0.35;G;
1979-02-20;0.35;G;
1979-02-21;0.35;G;
1979-02-22;0.35;G;
1979-02-23;0.35;G;
1979-02-24;0.4;G;
1979-02-25;0.4;G;
1979-02-26;0.45;G;
1979-02-27;0.5;G;
1979-02-28;0.6;G;
1979-03-01;1.0;G;
1979-03-02;1.40;G;
1979-03-03;4.00;G;
1979-03-04;5.80;G;
1979-03-05;6.60;G;
1979-03-06;6.10;G;
1979-03-07;5.60;G;
1979-03-08;4.90;G;
1979-03-09;4.80;G;
1979-03-10;5.40;G;
1979-03-11;5.40;G;
1979-03-12;5.40;G;
1979-03-13;5.80;G;
1979-03-14;5.60;G;
1979-03-15;5.30;G;
1979-03-16;4.40;G;
1979-03-17;4.10;G;
1979-03-18;4.10;G;
1979-03-19;4.20;G;
1979-03-20;3.70;G;
1979-03-21;3.10;G;
1979-03-22;2.90;G;
1979-03-23;2.70;G;
1979-03-24;3.10;G;
1979-03-25;4.00;G;
1979-03-26;9.00;G;
1979-03-27;13.9;G;
1979-03-28;17.0;G;
1979-03-29;16.6;G;
1979-03-30;15.3;G;
1979-03-31;13.8;G;
1979-04-01;12.8;G;
1979-04-02;11.5;G;
1979-04-03;12.2;G;
1979-04-04;14.4;G;
1979-04-05;13.7;G;
1979-04-06;12.2;G;
1979-04-07;11.7;G;
1979-04-08;11.0;G;
1979-04-09;9.50;G;
1979-04-10;9.00;G;
1979-04-11;9.30;G;
1979-04-12;9.20;G;
1979-04-13;9.20;G;
1979-04-14;8.60;G;
1979-04-15;6.90;G;
1979-04-16;5.30;G;
1979-04-17;4.40;G;
1979-04-18;3.70;G;
1979-04-19;3.40;G;
1979-04-20;3.10;G;
1979-04-21;3.20;G;
1979-04-22;3.40;G;
1979-04-23;3.20;G;
1979-04-24;3.50;G;
1979-04-25;3.60;G;
1979-04-26;3.20;G;
1979-04-27;2.70;G;
1979-04-28;2.40;G;
1979-04-29;2.50;G;
1979-04-30;4.90;G;
1979-05-01;5.40;G;
1979-05-02;5.80;G;
1979-05-03;6.90;G;
1979-05-04;5.00;G;
1979-05-05;3.90;G;
1979-05-06;3.20;G;
1979-05-07;2.60;G;
1979-05-08;2.60;G;
1979-05-09;2.50;G;
1979-05-10;2.00;G;
1979-05-11;1.90;G;
1979-05-12;1.60;G;
1979-05-13;1.50;G;
1979-05-14;1.30;G;
1979-05-15;1.10;G;
1979-05-16;0.91;G;
1979-05-17;0.78;G;
1979-05-18;0.81;G;
1979-05-19;0.77;G;
1979-05-20;0.68;G;
1979-05-21;0.54;G;
1979-05-22;0.99;G;
1979-05-23;1.20;G;
1979-05-24;1.90;G;
1979-05-25;2.00;G;
1979-05-26;1.70;G;
1979-05-27;1.20;G;
1979-05-28;1.20;G;
1979-05-29;0.89;G;
1979-05-30;0.61;G;
1979-05-31;0.48;G;
1979-06-01;0.36;G;
1979-06-02;0.3;G;
1979-06-03;0.26;G;
1979-06-04;0.21;G;
1979-06-05;0.23;G;
1979-06-06;0.22;G;
1979-06-07;0.21;G;
1979-06-08;0.29;G;
1979-06-09;0.24;G;
1979-06-10;0.22;G;
1979-06-11;0.22;G;
1979-06-12;0.21;G;
1979-06-13;0.21;G;
1979-06-14;0.21;G;
1979-06-15;0.22;G;
1979-06-16;0.2;G;
1979-06-17;0.18;G;
1979-06-18;0.17;G;
1979-06-19;0.16;G;
1979-06-20;0.15;G;
1979-06-21;0.13;G;
1979-06-22;0.14;G;
1979-06-23;0.12;G;
1979-06-24;0.13;G;
1979-06-25;0.14;G;
1979-06-26;0.14;G;
1979-06-27;0.13;G;
1979-06-28;0.1;G;
1979-06-29;0.14;G;
1979-06-30;0.14;G;
1979-07-01;0.2;G;
1979-07-02;0.14;G;
1979-07-03;0.13;G;
1979-07-04;0.11;G;
1979-07-05;0.1;G;
1979-07-06;0.09;G;
1979-07-07;0.08;G;
1979-07-08;0.09;G;
1979-07-09;0.11;G;
1979-07-10;0.12;G;
1979-07-11;0.12;G;
1979-07-12;0.12;G;
1979-07-13;0.09;G;
1979-07-14;0.08;G;
1979-07-15;0.07;G;
1979-07-16;0.1;G;
1979-07-17;0.08;G;
1979-07-18;0.07;G;
1979-07-19;0.15;G;
1979-07-20;0.1;G;
1979-07-21;0.08;G;
1979-07-22;0.08;G;
1979-07-23;0.08;G;
1979-07-24;0.11;G;
1979-07-25;0.09;G;
1979-07-26;0.1;G;
1979-07-27;0.08;G;
1979-07-28;0.08;G;
1979-07-29;0.15;G;
1979-07-30;0.1;G;
1979-07-31;0.1;G;
1979-08-01;0.1;G;
1979-08-02;0.1;G;
1979-08-03;0.08;G;
1979-08-04;0.08;G;
1979-08-05;0.11;G;
1979-08-06;0.07;G;
1979-08-07;0.06;G;
1979-08-08;0.06;G;
1979-08-09;0.06;G;
1979-08-10;0.29;G;
1979-08-11;0.26;G;
1979-08-12;0.19;G;
1979-08-13;0.14;G;
1979-08-14;0.14;G;
1979-08-15;0.11;G;
1979-08-16;0.1;G;
1979-08-17;0.08;G;
1979-08-18;0.07;G;
1979-08-19;0.06;G;
1979-08-20;0.05;G;
1979-08-21;0.06;G;
1979-08-22;0.06;G;
1979-08-23;0.06;G;
1979-08-24;0.1;G;
1979-08-25;0.09;G;
1979-08-26;0.14;G;
1979-08-27;0.18;G;
1979-08-28;0.15;G;
1979-08-29;0.12;G;
1979-08-30;0.11;G;
1979-08-31;0.09;G;
1979-09-01;0.08;G;
1979-09-02;0.1;G;
1979-09-03;0.1;G;
1979-09-04;0.09;G;
1979-09-05;0.09;G;
1979-09-06;0.09;G;
1979-09-07;0.08;G;
1979-09-08;0.08;G;
1979-09-09;0.08;G;
1979-09-10;0.08;G;
1979-09-11;0.08;G;
1979-09-12;0.08;G;
1979-09-13;0.07;G;
1979-09-14;0.14;G;
1979-09-15;0.12;G;
1979-09-16;0.1;G;
1979-09-17;0.13;G;
1979-09-18;0.17;G;
1979-09-19;0.15;G;
1979-09-20;0.19;G;
1979-09-21;0.17;G;
1979-09-22;0.15;G;
1979-09-23;0.15;G;
1979-09-24;0.14;G;
1979-09-25;0.13;G;
1979-09-26;0.13;G;
1979-09-27;0.14;G;
1979-09-28;0.15;G;
1979-09-29;0.12;G;
1979-09-30;0.14;G;
1979-10-01;0.12;G;
1979-10-02;0.12;G;
1979-10-03;0.12;G;
1979-10-04;0.12;G;
1979-10-05;0.13;G;
1979-10-06;0.15;G;
1979-10-07;0.13;G;
1979-10-08;0.12;G;
1979-10-09;0.13;G;
1979-10-10;0.13;G;
1979-10-11;0.14;G;
1979-10-12;0.13;G;
1979-10-13;0.14;G;
1979-10-14;0.14;G;
1979-10-15;0.15;G;
1979-10-16;0.16;G;
1979-10-17;0.16;G;
1979-10-18;0.19;G;
1979-10-19;0.19;G;
1979-10-20;0.2;G;
1979-10-21;0.18;G;
1979-10-22;0.19;G;
1979-10-23;0.19;G;
1979-10-24;0.18;G;
1979-10-25;0.17;G;
1979-10-26;0.16;G;
1979-10-27;0.16;G;
1979-10-28;0.16;G;
1979-10-29;0.15;G;
1979-10-30;0.17;G;
1979-10-31;0.14;G;
1979-11-01;0.14;G;
1979-11-02;0.23;G;
1979-11-03;0.18;G;
1979-11-04;0.5;G;
1979-11-05;0.85;G;
1979-11-06;0.77;G;
1979-11-07;0.64;G;
1979-11-08;0.5;G;
1979-11-09;0.55;G;
1979-11-10;0.48;G;
1979-11-11;0.53;G;
1979-11-12;0.6;G;
1979-11-13;0.64;G;
1979-11-14;0.69;G;
1979-11-15;0.76;G;
1979-11-16;1.40;G;
1979-11-17;2.00;G;
1979-11-18;1.90;G;
1979-11-19;1.80;G;
1979-11-20;1.90;G;
1979-11-21;1.60;G;
1979-11-22;1.30;G;
1979-11-23;1.20;G;
1979-11-24;1.30;G;
1979-11-25;1.60;G;
1979-11-26;4.60;G;
1979-11-27;5.10;G;
1979-11-28;4.20;G;
1979-11-29;4.50;G;
1979-11-30;4.20;G;
1979-12-01;4.60;G;
1979-12-02;4.20;G;
1979-12-03;4.20;G;
1979-12-04;4.30;G;
1979-12-05;5.10;G;
1979-12-06;5.20;G;
1979-12-07;4.10;G;
1979-12-08;3.30;G;
1979-12-09;4.00;G;
1979-12-10;8.40;G;
1979-12-11;9.40;G;
1979-12-12;6.50;G;
1979-12-13;5.00;G;
1979-12-14;3.60;G;
1979-12-15;3.20;G;
1979-12-16;3.20;G;
1979-12-17;4.30;G;
1979-12-18;5.30;G;
1979-12-19;6.00;G;
1979-12-20;5.20;G;
1979-12-21;3.90;G;
1979-12-22;3.50;G;
1979-12-23;4.30;G;
1979-12-24;5.00;G;
1979-12-25;4.40;G;
1979-12-26;3.90;G;
1979-12-27;3.70;G;
1979-12-28;3.80;G;
1979-12-29;4.40;G;
1979-12-30;4.20;G;
1979-12-31;3.70;G;
1980-01-01;3.30;G;
1980-01-02;2.60;G;
1980-01-03;2.20;G;
1980-01-04;1.70;G;
1980-01-05;1.50;G;
1980-01-06;1.30;G;
1980-01-07;1.20;G;
1980-01-08;1.20;G;
1980-01-09;1.10;G;
1980-01-10;1.10;G;
1980-01-11;1.0;G;
1980-01-12;1.0;G;
1980-01-13;0.95;G;
1980-01-14;0.9;G;
1980-01-15;0.9;G;
1980-01-16;0.85;G;
1980-01-17;0.8;G;
1980-01-18;0.8;G;
1980-01-19;0.8;G;
1980-01-20;0.8;G;
1980-01-21;0.75;G;
1980-01-22;0.75;G;
1980-01-23;0.75;G;
1980-01-24;0.75;G;
1980-01-25;0.7;G;
1980-01-26;0.7;G;
1980-01-27;0.65;G;
1980-01-28;0.65;G;
1980-01-29;0.65;G;
1980-01-30;0.6;G;
1980-01-31;0.6;G;
1980-02-01;0.6;G;
1980-02-02;0.6;G;
1980-02-03;0.6;G;
1980-02-04;0.6;G;
1980-02-05;0.6;G;
1980-02-06;0.62;G;
1980-02-07;0.62;G;
1980-02-08;0.62;G;
1980-02-09;0.62;G;
1980-02-10;0.62;G;
1980-02-11;0.65;G;
1980-02-12;0.66;G;
1980-02-13;0.81;G;
1980-02-14;1.20;G;
1980-02-15;1.20;G;
1980-02-16;1.20;G;
1980-02-17;0.9;G;
1980-02-18;1.10;G;
1980-02-19;1.10;G;
1980-02-20;1.30;G;
1980-02-21;0.95;G;
1980-02-22;0.84;G;
1980-02-23;0.75;G;
1980-02-24;0.76;G;
1980-02-25;0.78;G;
1980-02-26;0.74;G;
1980-02-27;0.78;G;
1980-02-28;0.76;G;
1980-02-29;0.91;G;
1980-03-01;1.50;G;
1980-03-02;2.10;G;
1980-03-03;2.70;G;
1980-03-04;2.80;G;
1980-03-05;2.20;G;
1980-03-06;1.60;G;
1980-03-07;1.60;G;
1980-03-08;1.40;G;
1980-03-09;1.30;G;
1980-03-10;1.40;G;
1980-03-11;1.30;G;
1980-03-12;1.20;G;
1980-03-13;1.30;G;
1980-03-14;1.40;G;
1980-03-15;1.30;G;
1980-03-16;1.40;G;
1980-03-17;1.10;G;
1980-03-18;1.10;G;
1980-03-19;1.0;G;
1980-03-20;1.20;G;
1980-03-21;1.20;G;
1980-03-22;0.96;G;
1980-03-23;0.86;G;
1980-03-24;0.81;G;
1980-03-25;0.72;G;
1980-03-26;0.72;G;
1980-03-27;0.7;G;
1980-03-28;1.50;G;
1980-03-29;5.80;G;
1980-03-30;8.70;G;
1980-03-31;9.60;G;
1980-04-01;9.20;G;
1980-04-02;7.60;G;
1980-04-03;6.30;G;
1980-04-04;6.20;G;
1980-04-05;6.60;G;
1980-04-06;6.80;G;
1980-04-07;6.60;G;
1980-04-08;6.30;G;
1980-04-09;5.50;G;
1980-04-10;4.70;G;
1980-04-11;4.10;G;
1980-04-12;3.90;G;
1980-04-13;3.50;G;
1980-04-14;3.00;G;
1980-04-15;2.50;G;
1980-04-16;2.20;G;
1980-04-17;2.10;G;
1980-04-18;2.00;G;
1980-04-19;2.40;G;
1980-04-20;2.70;G;
1980-04-21;3.10;G;
1980-04-22;2.40;G;
1980-04-23;2.10;G;
1980-04-24;2.70;G;
1980-04-25;3.80;G;
1980-04-26;3.00;G;
1980-04-27;2.40;G;
1980-04-28;2.10;G;
1980-04-29;1.80;G;
1980-04-30;1.60;G;
1980-05-01;1.40;G;
1980-05-02;1.20;G;
1980-05-03;1.10;G;
1980-05-04;0.96;G;
1980-05-05;0.72;G;
1980-05-06;0.63;G;
1980-05-07;0.6;G;
1980-05-08;0.61;G;
1980-05-09;0.56;G;
1980-05-10;0.48;G;
1980-05-11;0.45;G;
1980-05-12;0.38;G;
1980-05-13;0.39;G;
1980-05-14;0.33;G;
1980-05-15;0.35;G;
1980-05-16;0.32;G;
1980-05-17;0.31;G;
1980-05-18;0.28;G;
1980-05-19;0.27;G;
1980-05-20;0.25;G;
1980-05-21;0.28;G;
1980-05-22;0.28;G;
1980-05-23;0.35;G;
1980-05-24;0.34;G;
1980-05-25;0.33;G;
1980-05-26;0.33;G;
1980-05-27;0.28;G;
1980-05-28;0.26;G;
1980-05-29;0.26;G;
1980-05-30;0.45;G;
1980-05-31;0.64;G;
1980-06-01;0.51;G;
1980-06-02;0.55;G;
1980-06-03;0.52;G;
1980-06-04;0.47;G;
1980-06-05;0.36;G;
1980-06-06;0.27;G;
1980-06-07;0.22;G;
1980-06-08;0.19;G;
1980-06-09;0.19;G;
1980-06-10;0.16;G;
1980-06-11;0.16;G;
1980-06-12;0.97;G;
1980-06-13;0.65;G;
1980-06-14;0.42;G;
1980-06-15;0.92;G;
1980-06-16;3.70;G;
1980-06-17;2.90;G;
1980-06-18;1.90;G;
1980-06-19;2.40;G;
1980-06-20;3.70;G;
1980-06-21;3.60;G;
1980-06-22;2.70;G;
1980-06-23;1.80;G;
1980-06-24;1.30;G;
1980-06-25;0.93;G;
1980-06-26;0.82;G;
1980-06-27;0.66;G;
1980-06-28;0.69;G;
1980-06-29;0.77;G;
1980-06-30;0.63;G;
1980-07-01;0.49;G;
1980-07-02;0.43;G;
1980-07-03;0.35;G;
1980-07-04;0.32;G;
1980-07-05;0.53;G;
1980-07-06;0.95;G;
1980-07-07;0.56;G;
1980-07-08;0.64;G;
1980-07-09;1.30;G;
1980-07-10;1.60;G;
1980-07-11;1.20;G;
1980-07-12;0.76;G;
1980-07-13;1.90;G;
1980-07-14;2.30;G;
1980-07-15;2.00;G;
1980-07-16;3.10;G;
1980-07-17;7.00;G;
1980-07-18;5.80;G;
1980-07-19;5.00;G;
1980-07-20;5.00;G;
1980-07-21;4.00;G;
1980-07-22;3.50;G;
1980-07-23;2.70;G;
1980-07-24;1.90;G;
1980-07-25;1.30;G;
1980-07-26;0.85;G;
1980-07-27;0.61;G;
1980-07-28;0.45;G;
1980-07-29;0.29;G;
1980-07-30;0.25;G;
1980-07-31;0.22;G;
1980-08-01;0.24;G;
1980-08-02;0.21;G;
1980-08-03;0.5;G;
1980-08-04;0.31;G;
1980-08-05;0.32;G;
1980-08-06;0.3;G;
1980-08-07;0.3;G;
1980-08-08;0.28;G;
1980-08-09;0.25;G;
1980-08-10;0.22;G;
1980-08-11;0.18;G;
1980-08-12;0.19;G;
1980-08-13;0.17;G;
1980-08-14;0.15;G;
1980-08-15;0.16;G;
1980-08-16;0.17;G;
1980-08-17;0.14;G;
1980-08-18;0.13;G;
1980-08-19;0.14;G;
1980-08-20;0.21;G;
1980-08-21;0.21;G;
1980-08-22;0.22;G;
1980-08-23;0.47;G;
1980-08-24;0.55;G;
1980-08-25;0.55;G;
1980-08-26;0.45;G;
1980-08-27;0.35;G;
1980-08-28;0.28;G;
1980-08-29;0.22;G;
1980-08-30;0.52;G;
1980-08-31;0.8;G;
1980-09-01;0.82;G;
1980-09-02;0.58;G;
1980-09-03;0.46;G;
1980-09-04;0.32;G;
1980-09-05;0.27;G;
1980-09-06;0.22;G;
1980-09-07;0.18;G;
1980-09-08;0.17;G;
1980-09-09;0.29;G;
1980-09-10;0.38;G;
1980-09-11;0.67;G;
1980-09-12;0.82;G;
1980-09-13;0.82;G;
1980-09-14;0.74;G;
1980-09-15;0.55;G;
1980-09-16;0.4;G;
1980-09-17;0.45;G;
1980-09-18;0.51;G;
1980-09-19;0.43;G;
1980-09-20;0.28;G;
1980-09-21;0.28;G;
1980-09-22;0.3;G;
1980-09-23;0.27;G;
1980-09-24;0.26;G;
1980-09-25;0.26;G;
1980-09-26;0.29;G;
1980-09-27;0.24;G;
1980-09-28;0.22;G;
1980-09-29;0.22;G;
1980-09-30;0.28;G;
1980-10-01;0.28;G;
1980-10-02;0.29;G;
1980-10-03;0.29;G;
1980-10-04;0.29;G;
1980-10-05;0.3;G;
1980-10-06;0.42;G;
1980-10-07;3.40;G;
1980-10-08;4.20;G;
1980-10-09;3.20;G;
1980-10-10;2.50;G;
1980-10-11;2.00;G;
1980-10-12;1.80;G;
1980-10-13;1.80;G;
1980-10-14;3.60;G;
1980-10-15;4.40;G;
1980-10-16;3.90;G;
1980-10-17;3.10;G;
1980-10-18;2.40;G;
1980-10-19;2.00;G;
1980-10-20;1.90;G;
1980-10-21;1.90;G;
1980-10-22;1.90;G;
1980-10-23;4.30;G;
1980-10-24;6.10;G;
1980-10-25;5.10;G;
1980-10-26;3.80;G;
1980-10-27;4.00;G;
1980-10-28;9.20;G;
1980-10-29;11.5;G;
1980-10-30;10.00;G;
1980-10-31;7.40;G;
1980-11-01;5.30;G;
1980-11-02;4.30;G;
1980-11-03;3.80;G;
1980-11-04;3.40;G;
1980-11-05;2.80;G;
1980-11-06;2.60;G;
1980-11-07;2.40;G;
1980-11-08;2.30;G;
1980-11-09;2.20;G;
1980-11-10;2.00;G;
1980-11-11;2.00;G;
1980-11-12;4.50;G;
1980-11-13;5.00;G;
1980-11-14;4.80;G;
1980-11-15;6.60;G;
1980-11-16;7.50;G;
1980-11-17;7.10;G;
1980-11-18;10.8;G;
1980-11-19;9.50;G;
1980-11-20;7.40;G;
1980-11-21;7.90;G;
1980-11-22;8.80;G;
1980-11-23;8.40;G;
1980-11-24;6.60;G;
1980-11-25;8.40;G;
1980-11-26;9.90;G;
1980-11-27;8.80;G;
1980-11-28;10.4;G;
1980-11-29;7.60;G;
1980-11-30;5.10;G;
1980-12-01;4.50;G;
1980-12-02;4.20;G;
1980-12-03;3.80;G;
1980-12-04;3.30;G;
1980-12-05;3.00;G;
1980-12-06;2.70;G;
1980-12-07;2.60;G;
1980-12-08;2.80;G;
1980-12-09;5.10;G;
1980-12-10;16.7;G;
1980-12-11;19.5;G;
1980-12-12;17.5;G;
1980-12-13;14.5;G;
1980-12-14;14.3;G;
1980-12-15;13.0;G;
1980-12-16;10.7;G;
1980-12-17;7.80;G;
1980-12-18;6.10;G;
1980-12-19;5.50;G;
1980-12-20;5.20;G;
1980-12-21;4.70;G;
1980-12-22;4.80;G;
1980-12-23;8.70;G;
1980-12-24;10.7;G;
1980-12-25;11.2;G;
1980-12-26;8.80;G;
1980-12-27;6.40;G;
1980-12-28;5.80;G;
1980-12-29;6.00;G;
1980-12-30;5.80;G;
1980-12-31;8.60;G;
1981-01-01;10.00;G;
1981-01-02;7.30;G;
1981-01-03;6.00;G;
1981-01-04;5.00;G;
1981-01-05;4.30;G;
1981-01-06;4.10;G;
1981-01-07;3.80;G;
1981-01-08;3.30;G;
1981-01-09;5.20;G;
1981-01-10;6.30;G;
1981-01-11;4.70;G;
1981-01-12;3.80;G;
1981-01-13;3.80;G;
1981-01-14;3.20;G;
1981-01-15;4.30;G;
1981-01-16;4.20;G;
1981-01-17;3.70;G;
1981-01-18;4.00;G;
1981-01-19;3.40;G;
1981-01-20;2.70;G;
1981-01-21;2.50;G;
1981-01-22;2.40;G;
1981-01-23;2.30;G;
1981-01-24;3.70;G;
1981-01-25;5.60;G;
1981-01-26;5.00;G;
1981-01-27;4.30;G;
1981-01-28;4.10;G;
1981-01-29;5.80;G;
1981-01-30;8.70;G;
1981-01-31;13.5;G;
1981-02-01;14.8;G;
1981-02-02;13.9;G;
1981-02-03;17.8;G;
1981-02-04;14.1;G;
1981-02-05;9.80;G;
1981-02-06;7.00;G;
1981-02-07;8.00;G;
1981-02-08;9.80;G;
1981-02-09;7.10;G;
1981-02-10;5.40;G;
1981-02-11;4.60;G;
1981-02-12;4.20;G;
1981-02-13;3.40;G;
1981-02-14;3.40;G;
1981-02-15;3.10;G;
1981-02-16;3.00;G;
1981-02-17;2.90;G;
1981-02-18;2.80;G;
1981-02-19;2.40;G;
1981-02-20;2.30;G;
1981-02-21;2.00;G;
1981-02-22;2.00;G;
1981-02-23;1.40;G;
1981-02-24;2.00;G;
1981-02-25;1.80;G;
1981-02-26;2.10;G;
1981-02-27;1.70;G;
1981-02-28;1.70;G;
1981-03-01;1.90;G;
1981-03-02;1.50;G;
1981-03-03;1.40;G;
1981-03-04;1.20;G;
1981-03-05;1.40;G;
1981-03-06;1.20;G;
1981-03-07;6.30;G;
1981-03-08;17.5;G;
1981-03-09;17.0;G;
1981-03-10;13.2;G;
1981-03-11;8.90;G;
1981-03-12;6.00;G;
1981-03-13;4.70;G;
1981-03-14;4.20;G;
1981-03-15;3.60;G;
1981-03-16;3.20;G;
1981-03-17;3.10;G;
1981-03-18;3.30;G;
1981-03-19;4.70;G;
1981-03-20;7.20;G;
1981-03-21;8.60;G;
1981-03-22;7.70;G;
1981-03-23;5.90;G;
1981-03-24;6.30;G;
1981-03-25;5.80;G;
1981-03-26;9.00;G;
1981-03-27;8.60;G;
1981-03-28;6.00;G;
1981-03-29;4.60;G;
1981-03-30;3.80;G;
1981-03-31;3.40;G;
1981-04-01;2.90;G;
1981-04-02;2.50;G;
1981-04-03;2.30;G;
1981-04-04;2.20;G;
1981-04-05;1.90;G;
1981-04-06;1.70;G;
1981-04-07;1.50;G;
1981-04-08;1.50;G;
1981-04-09;1.50;G;
1981-04-10;1.30;G;
1981-04-11;1.20;G;
1981-04-12;1.10;G;
1981-04-13;1.0;G;
1981-04-14;0.85;G;
1981-04-15;0.82;G;
1981-04-16;0.75;G;
1981-04-17;0.6;G;
1981-04-18;0.63;G;
1981-04-19;0.8;G;
1981-04-20;0.78;G;
1981-04-21;0.81;G;
1981-04-22;0.66;G;
1981-04-23;0.63;G;
1981-04-24;0.57;G;
1981-04-25;0.55;G;
1981-04-26;0.52;G;
1981-04-27;0.5;G;
1981-04-28;0.47;G;
1981-04-29;0.48;G;
1981-04-30;0.68;G;
1981-05-01;0.78;G;
1981-05-02;0.92;G;
1981-05-03;0.77;G;
1981-05-04;0.57;G;
1981-05-05;0.55;G;
1981-05-06;0.48;G;
1981-05-07;0.42;G;
1981-05-08;0.42;G;
1981-05-09;0.37;G;
1981-05-10;0.33;G;
1981-05-11;0.38;G;
1981-05-12;0.29;G;
1981-05-13;0.26;G;
1981-05-14;0.28;G;
1981-05-15;0.24;G;
1981-05-16;0.24;G;
1981-05-17;0.43;G;
1981-05-18;0.6;G;
1981-05-19;0.62;G;
1981-05-20;0.44;G;
1981-05-21;0.32;G;
1981-05-22;0.29;G;
1981-05-23;0.24;G;
1981-05-24;0.32;G;
1981-05-25;0.24;G;
1981-05-26;0.25;G;
1981-05-27;0.46;G;
1981-05-28;0.53;G;
1981-05-29;0.37;G;
1981-05-30;0.3;G;
1981-05-31;0.24;G;
1981-06-01;0.24;G;
1981-06-02;0.22;G;
1981-06-03;0.24;G;
1981-06-04;1.0;G;
1981-06-05;0.87;G;
1981-06-06;0.49;G;
1981-06-07;0.39;G;
1981-06-08;0.47;G;
1981-06-09;0.57;G;
1981-06-10;0.62;G;
1981-06-11;0.46;G;
1981-06-12;0.44;G;
1981-06-13;0.42;G;
1981-06-14;0.31;G;
1981-06-15;0.34;G;
1981-06-16;0.45;G;
1981-06-17;0.98;G;
1981-06-18;3.20;G;
1981-06-19;4.40;G;
1981-06-20;2.60;G;
1981-06-21;2.40;G;
1981-06-22;1.80;G;
1981-06-23;1.0;G;
1981-06-24;0.74;G;
1981-06-25;0.7;G;
1981-06-26;0.63;G;
1981-06-27;0.5;G;
1981-06-28;0.37;G;
1981-06-29;0.36;G;
1981-06-30;0.4;G;
1981-07-01;0.52;G;
1981-07-02;0.48;G;
1981-07-03;0.42;G;
1981-07-04;0.32;G;
1981-07-05;0.26;G;
1981-07-06;0.28;G;
1981-07-07;0.25;G;
1981-07-08;0.22;G;
1981-07-09;0.2;G;
1981-07-10;0.16;G;
1981-07-11;0.23;G;
1981-07-12;0.22;G;
1981-07-13;0.17;G;
1981-07-14;0.21;G;
1981-07-15;0.16;G;
1981-07-16;0.4;G;
1981-07-17;0.63;G;
1981-07-18;0.5;G;
1981-07-19;0.33;G;
1981-07-20;0.27;G;
1981-07-21;0.21;G;
1981-07-22;0.18;G;
1981-07-23;0.17;G;
1981-07-24;0.14;G;
1981-07-25;1.30;G;
1981-07-26;1.80;G;
1981-07-27;1.50;G;
1981-07-28;1.10;G;
1981-07-29;0.76;G;
1981-07-30;0.64;G;
1981-07-31;0.81;G;
1981-08-01;0.63;G;
1981-08-02;0.48;G;
1981-08-03;0.31;G;
1981-08-04;0.24;G;
1981-08-05;0.21;G;
1981-08-06;0.18;G;
1981-08-07;0.16;G;
1981-08-08;0.14;G;
1981-08-09;0.12;G;
1981-08-10;0.13;G;
1981-08-11;0.1;G;
1981-08-12;0.1;G;
1981-08-13;0.1;G;
1981-08-14;0.11;G;
1981-08-15;0.2;G;
1981-08-16;0.23;G;
1981-08-17;0.16;G;
1981-08-18;0.42;G;
1981-08-19;0.48;G;
1981-08-20;0.6;G;
1981-08-21;2.10;G;
1981-08-22;2.30;G;
1981-08-23;1.90;G;
1981-08-24;1.10;G;
1981-08-25;0.63;G;
1981-08-26;0.56;G;
1981-08-27;0.43;G;
1981-08-28;0.34;G;
1981-08-29;0.26;G;
1981-08-30;0.24;G;
1981-08-31;0.2;G;
1981-09-01;0.24;G;
1981-09-02;0.45;G;
1981-09-03;0.17;G;
1981-09-04;0.2;G;
1981-09-05;0.17;G;
1981-09-06;0.15;G;
1981-09-07;0.13;G;
1981-09-08;0.13;G;
1981-09-09;0.14;G;
1981-09-10;0.12;G;
1981-09-11;0.11;G;
1981-09-12;0.13;G;
1981-09-13;0.15;G;
1981-09-14;0.19;G;
1981-09-15;0.21;G;
1981-09-16;0.16;G;
1981-09-17;0.15;G;
1981-09-18;0.14;G;
1981-09-19;0.16;G;
1981-09-20;0.27;G;
1981-09-21;0.46;G;
1981-09-22;0.51;G;
1981-09-23;0.59;G;
1981-09-24;0.44;G;
1981-09-25;0.4;G;
1981-09-26;0.32;G;
1981-09-27;0.24;G;
1981-09-28;0.22;G;
1981-09-29;0.21;G;
1981-09-30;0.19;G;
1981-10-01;0.18;G;
1981-10-02;0.17;G;
1981-10-03;0.22;G;
1981-10-04;1.70;G;
1981-10-05;2.80;G;
1981-10-06;2.40;G;
1981-10-07;3.20;G;
1981-10-08;4.50;G;
1981-10-09;4.80;G;
1981-10-10;5.30;G;
1981-10-11;4.80;G;
1981-10-12;4.70;G;
1981-10-13;3.80;G;
1981-10-14;3.40;G;
1981-10-15;3.30;G;
1981-10-16;2.60;G;
1981-10-17;2.10;G;
1981-10-18;1.90;G;
1981-10-19;2.20;G;
1981-10-20;8.30;G;
1981-10-21;9.90;G;
1981-10-22;6.90;G;
1981-10-23;4.70;G;
1981-10-24;3.70;G;
1981-10-25;3.10;G;
1981-10-26;2.60;G;
1981-10-27;2.40;G;
1981-10-28;5.40;G;
1981-10-29;6.50;G;
1981-10-30;7.70;G;
1981-10-31;7.80;G;
1981-11-01;8.50;G;
1981-11-02;11.5;G;
1981-11-03;9.00;G;
1981-11-04;6.90;G;
1981-11-05;5.60;G;
1981-11-06;4.60;G;
1981-11-07;3.70;G;
1981-11-08;3.20;G;
1981-11-09;2.60;G;
1981-11-10;2.20;G;
1981-11-11;3.40;G;
1981-11-12;5.60;G;
1981-11-13;5.30;G;
1981-11-14;4.80;G;
1981-11-15;3.80;G;
1981-11-16;3.20;G;
1981-11-17;3.00;G;
1981-11-18;3.40;G;
1981-11-19;5.80;G;
1981-11-20;8.60;G;
1981-11-21;10.5;G;
1981-11-22;8.30;G;
1981-11-23;7.00;G;
1981-11-24;8.30;G;
1981-11-25;12.5;G;
1981-11-26;9.40;G;
1981-11-27;12.2;G;
1981-11-28;13.5;G;
1981-11-29;10.4;G;
1981-11-30;7.50;G;
1981-12-01;5.80;G;
1981-12-02;5.00;G;
1981-12-03;5.50;G;
1981-12-04;6.40;G;
1981-12-05;5.10;G;
1981-12-06;4.00;G;
1981-12-07;3.50;G;
1981-12-08;3.10;G;
1981-12-09;3.30;G;
1981-12-10;2.70;G;
1981-12-11;2.50;G;
1981-12-12;2.30;G;
1981-12-13;2.20;G;
1981-12-14;2.10;G;
1981-12-15;2.00;G;
1981-12-16;1.90;G;
1981-12-17;1.80;G;
1981-12-18;1.70;G;
1981-12-19;1.60;G;
1981-12-20;1.50;G;
1981-12-21;1.50;G;
1981-12-22;1.40;G;
1981-12-23;1.40;G;
1981-12-24;1.30;G;
1981-12-25;1.30;G;
1981-12-26;1.20;G;
1981-12-27;1.20;G;
1981-12-28;1.20;G;
1981-12-29;1.20;G;
1981-12-30;1.30;G;
1981-12-31;1.60;G;
1982-01-01;2.10;G;
1982-01-02;2.10;G;
1982-01-03;2.40;G;
1982-01-04;2.10;G;
1982-01-05;1.80;G;
1982-01-06;1.60;G;
1982-01-07;1.50;G;
1982-01-08;1.40;G;
1982-01-09;1.30;G;
1982-01-10;1.20;G;
1982-01-11;1.20;G;
1982-01-12;1.10;G;
1982-01-13;1.0;G;
1982-01-14;0.95;G;
1982-01-15;0.9;G;
1982-01-16;0.88;G;
1982-01-17;0.86;G;
1982-01-18;0.84;G;
1982-01-19;0.82;G;
1982-01-20;0.8;G;
1982-01-21;0.79;G;
1982-01-22;0.78;G;
1982-01-23;0.82;G;
1982-01-24;0.8;G;
1982-01-25;0.96;G;
1982-01-26;3.40;G;
1982-01-27;3.80;G;
1982-01-28;3.50;G;
1982-01-29;3.40;G;
1982-01-30;3.60;G;
1982-01-31;3.80;G;
1982-02-01;3.00;G;
1982-02-02;2.60;G;
1982-02-03;2.30;G;
1982-02-04;1.90;G;
1982-02-05;1.60;G;
1982-02-06;1.60;G;
1982-02-07;2.90;G;
1982-02-08;3.80;G;
1982-02-09;3.30;G;
1982-02-10;6.10;G;
1982-02-11;6.50;G;
1982-02-12;6.90;G;
1982-02-13;6.20;G;
1982-02-14;5.00;G;
1982-02-15;4.30;G;
1982-02-16;3.80;G;
1982-02-17;3.20;G;
1982-02-18;2.90;G;
1982-02-19;2.30;G;
1982-02-20;2.30;G;
1982-02-21;2.00;G;
1982-02-22;1.80;G;
1982-02-23;1.50;G;
1982-02-24;1.50;G;
1982-02-25;1.20;G;
1982-02-26;1.20;G;
1982-02-27;0.93;G;
1982-02-28;0.88;G;
1982-03-01;4.10;G;
1982-03-02;10.00;G;
1982-03-03;12.1;G;
1982-03-04;15.0;G;
1982-03-05;12.9;G;
1982-03-06;9.50;G;
1982-03-07;6.50;G;
1982-03-08;5.10;G;
1982-03-09;4.50;G;
1982-03-10;5.60;G;
1982-03-11;11.2;G;
1982-03-12;10.00;G;
1982-03-13;10.7;G;
1982-03-14;10.4;G;
1982-03-15;13.5;G;
1982-03-16;12.2;G;
1982-03-17;10.6;G;
1982-03-18;9.80;G;
1982-03-19;8.30;G;
1982-03-20;7.10;G;
1982-03-21;6.60;G;
1982-03-22;6.00;G;
1982-03-23;5.40;G;
1982-03-24;4.70;G;
1982-03-25;4.70;G;
1982-03-26;4.60;G;
1982-03-27;4.10;G;
1982-03-28;3.80;G;
1982-03-29;3.40;G;
1982-03-30;2.80;G;
1982-03-31;2.60;G;
1982-04-01;2.40;G;
1982-04-02;2.20;G;
1982-04-03;2.10;G;
1982-04-04;2.00;G;
1982-04-05;1.90;G;
1982-04-06;1.70;G;
1982-04-07;2.00;G;
1982-04-08;2.80;G;
1982-04-09;2.70;G;
1982-04-10;2.60;G;
1982-04-11;2.30;G;
1982-04-12;1.80;G;
1982-04-13;1.40;G;
1982-04-14;1.20;G;
1982-04-15;1.10;G;
1982-04-16;1.10;G;
1982-04-17;1.20;G;
1982-04-18;1.10;G;
1982-04-19;0.92;G;
1982-04-20;0.88;G;
1982-04-21;0.82;G;
1982-04-22;0.75;G;
1982-04-23;0.66;G;
1982-04-24;0.63;G;
1982-04-25;0.59;G;
1982-04-26;0.51;G;
1982-04-27;0.48;G;
1982-04-28;0.49;G;
1982-04-29;0.71;G;
1982-04-30;0.92;G;
1982-05-01;1.30;G;
1982-05-02;1.50;G;
1982-05-03;1.50;G;
1982-05-04;1.40;G;
1982-05-05;1.50;G;
1982-05-06;1.80;G;
1982-05-07;2.60;G;
1982-05-08;4.10;G;
1982-05-09;2.80;G;
1982-05-10;2.20;G;
1982-05-11;1.60;G;
1982-05-12;1.40;G;
1982-05-13;1.10;G;
1982-05-14;0.89;G;
1982-05-15;0.7;G;
1982-05-16;0.64;G;
1982-05-17;0.61;G;
1982-05-18;0.66;G;
1982-05-19;0.7;G;
1982-05-20;0.76;G;
1982-05-21;0.76;G;
1982-05-22;0.7;G;
1982-05-23;0.73;G;
1982-05-24;1.10;G;
1982-05-25;0.9;G;
1982-05-26;0.64;G;
1982-05-27;0.51;G;
1982-05-28;0.4;G;
1982-05-29;0.35;G;
1982-05-30;0.28;G;
1982-05-31;0.24;G;
1982-06-01;0.24;G;
1982-06-02;0.2;G;
1982-06-03;0.2;G;
1982-06-04;0.18;G;
1982-06-05;0.17;G;
1982-06-06;0.16;G;
1982-06-07;0.15;G;
1982-06-08;0.14;G;
1982-06-09;0.13;G;
1982-06-10;0.13;G;
1982-06-11;0.18;G;
1982-06-12;0.18;G;
1982-06-13;0.24;G;
1982-06-14;0.91;G;
1982-06-15;1.30;G;
1982-06-16;0.84;G;
1982-06-17;0.38;G;
1982-06-18;0.29;G;
1982-06-19;0.22;G;
1982-06-20;0.2;G;
1982-06-21;0.23;G;
1982-06-22;0.16;G;
1982-06-23;0.18;G;
1982-06-24;0.23;G;
1982-06-25;0.2;G;
1982-06-26;0.28;G;
1982-06-27;0.25;G;
1982-06-28;0.38;G;
1982-06-29;0.88;G;
1982-06-30;1.30;G;
1982-07-01;0.79;G;
1982-07-02;0.55;G;
1982-07-03;0.5;G;
1982-07-04;0.4;G;
1982-07-05;0.32;G;
1982-07-06;0.33;G;
1982-07-07;0.22;G;
1982-07-08;0.18;G;
1982-07-09;0.15;G;
1982-07-10;0.16;G;
1982-07-11;0.14;G;
1982-07-12;0.11;G;
1982-07-13;0.12;G;
1982-07-14;0.11;G;
1982-07-15;0.1;G;
1982-07-16;0.11;G;
1982-07-17;0.25;G;
1982-07-18;0.14;G;
1982-07-19;0.12;G;
1982-07-20;0.12;G;
1982-07-21;0.1;G;
1982-07-22;0.09;G;
1982-07-23;0.1;G;
1982-07-24;0.1;G;
1982-07-25;0.09;G;
1982-07-26;0.1;G;
1982-07-27;0.08;G;
1982-07-28;0.08;G;
1982-07-29;0.08;G;
1982-07-30;0.07;G;
1982-07-31;0.07;G;
1982-08-01;0.07;G;
1982-08-02;0.05;G;
1982-08-03;0.05;G;
1982-08-04;0.05;G;
1982-08-05;0.05;G;
1982-08-06;0.04;G;
1982-08-07;0.05;G;
1982-08-08;0.04;G;
1982-08-09;0.05;G;
1982-08-10;0.05;G;
1982-08-11;0.05;G;
1982-08-12;0.06;G;
1982-08-13;0.19;G;
1982-08-14;0.16;G;
1982-08-15;0.36;G;
1982-08-16;0.19;G;
1982-08-17;0.61;G;
1982-08-18;0.41;G;
1982-08-19;0.43;G;
1982-08-20;0.38;G;
1982-08-21;0.3;G;
1982-08-22;0.24;G;
1982-08-23;0.31;G;
1982-08-24;0.24;G;
1982-08-25;0.29;G;
1982-08-26;0.27;G;
1982-08-27;0.46;G;
1982-08-28;0.5;G;
1982-08-29;0.38;G;
1982-08-30;0.23;G;
1982-08-31;0.19;G;
1982-09-01;0.15;G;
1982-09-02;0.17;G;
1982-09-03;0.16;G;
1982-09-04;0.18;G;
1982-09-05;0.2;G;
1982-09-06;0.19;G;
1982-09-07;0.2;G;
1982-09-08;0.18;G;
1982-09-09;0.15;G;
1982-09-10;0.14;G;
1982-09-11;0.13;G;
1982-09-12;0.12;G;
1982-09-13;0.11;G;
1982-09-14;0.1;G;
1982-09-15;0.09;G;
1982-09-16;0.1;G;
1982-09-17;0.1;G;
1982-09-18;0.1;G;
1982-09-19;0.11;G;
1982-09-20;0.13;G;
1982-09-21;0.13;G;
1982-09-22;0.13;G;
1982-09-23;0.12;G;
1982-09-24;0.11;G;
1982-09-25;0.12;G;
1982-09-26;0.11;G;
1982-09-27;0.11;G;
1982-09-28;0.1;G;
1982-09-29;0.11;G;
1982-09-30;0.1;G;
1982-10-01;0.1;G;
1982-10-02;0.09;G;
1982-10-03;0.11;G;
1982-10-04;0.11;G;
1982-10-05;0.12;G;
1982-10-06;0.12;G;
1982-10-07;0.38;G;
1982-10-08;0.6;G;
1982-10-09;5.90;G;
1982-10-10;12.4;G;
1982-10-11;8.40;G;
1982-10-12;5.50;G;
1982-10-13;6.80;G;
1982-10-14;9.20;G;
1982-10-15;7.10;G;
1982-10-16;5.40;G;
1982-10-17;4.30;G;
1982-10-18;3.50;G;
1982-10-19;2.80;G;
1982-10-20;3.10;G;
1982-10-21;3.80;G;
1982-10-22;3.40;G;
1982-10-23;2.80;G;
1982-10-24;2.40;G;
1982-10-25;2.30;G;
1982-10-26;2.60;G;
1982-10-27;2.60;G;
1982-10-28;2.10;G;
1982-10-29;1.90;G;
1982-10-30;1.70;G;
1982-10-31;1.50;G;
1982-11-01;1.50;G;
1982-11-02;1.60;G;
1982-11-03;1.50;G;
1982-11-04;1.30;G;
1982-11-05;1.10;G;
1982-11-06;0.93;G;
1982-11-07;0.9;G;
1982-11-08;0.9;G;
1982-11-09;0.86;G;
1982-11-10;0.83;G;
1982-11-11;0.87;G;
1982-11-12;0.8;G;
1982-11-13;1.90;G;
1982-11-14;2.10;G;
1982-11-15;2.50;G;
1982-11-16;2.70;G;
1982-11-17;4.60;G;
1982-11-18;4.70;G;
1982-11-19;5.40;G;
1982-11-20;7.30;G;
1982-11-21;5.80;G;
1982-11-22;6.90;G;
1982-11-23;6.30;G;
1982-11-24;5.90;G;
1982-11-25;4.70;G;
1982-11-26;3.80;G;
1982-11-27;3.30;G;
1982-11-28;3.20;G;
1982-11-29;2.80;G;
1982-11-30;2.50;G;
1982-12-01;2.20;G;
1982-12-02;2.10;G;
1982-12-03;2.00;G;
1982-12-04;1.80;G;
1982-12-05;1.70;G;
1982-12-06;2.00;G;
1982-12-07;1.70;G;
1982-12-08;2.00;G;
1982-12-09;2.70;G;
1982-12-10;5.10;G;
1982-12-11;6.70;G;
1982-12-12;5.60;G;
1982-12-13;4.40;G;
1982-12-14;3.40;G;
1982-12-15;10.1;G;
1982-12-16;14.7;G;
1982-12-17;11.3;G;
1982-12-18;7.30;G;
1982-12-19;5.40;G;
1982-12-20;5.50;G;
1982-12-21;10.6;G;
1982-12-22;10.8;G;
1982-12-23;7.30;G;
1982-12-24;5.40;G;
1982-12-25;6.10;G;
1982-12-26;7.00;G;
1982-12-27;7.80;G;
1982-12-28;7.20;G;
1982-12-29;4.80;G;
1982-12-30;3.60;G;
1982-12-31;3.70;G;
1983-01-01;3.90;G;
1983-01-02;4.30;G;
1983-01-03;4.30;G;
1983-01-04;6.60;G;
1983-01-05;6.80;G;
1983-01-06;5.70;G;
1983-01-07;4.90;G;
1983-01-08;4.30;G;
1983-01-09;4.40;G;
1983-01-10;6.00;G;
1983-01-11;5.50;G;
1983-01-12;4.60;G;
1983-01-13;4.10;G;
1983-01-14;3.80;G;
1983-01-15;3.60;G;
1983-01-16;3.30;G;
1983-01-17;5.40;G;
1983-01-18;7.50;G;
1983-01-19;5.00;G;
1983-01-20;3.80;G;
1983-01-21;4.70;G;
1983-01-22;4.50;G;
1983-01-23;3.70;G;
1983-01-24;3.20;G;
1983-01-25;3.70;G;
1983-01-26;3.60;G;
1983-01-27;3.80;G;
1983-01-28;4.00;G;
1983-01-29;4.60;G;
1983-01-30;4.50;G;
1983-01-31;4.20;G;
1983-02-01;5.50;G;
1983-02-02;7.00;G;
1983-02-03;4.80;G;
1983-02-04;3.60;G;
1983-02-05;3.30;G;
1983-02-06;2.80;G;
1983-02-07;2.20;G;
1983-02-08;2.10;G;
1983-02-09;2.30;G;
1983-02-10;2.20;G;
1983-02-11;2.20;G;
1983-02-12;1.80;G;
1983-02-13;2.20;G;
1983-02-14;1.90;G;
1983-02-15;1.50;G;
1983-02-16;1.50;G;
1983-02-17;1.60;G;
1983-02-18;1.40;G;
1983-02-19;1.30;G;
1983-02-20;1.20;G;
1983-02-21;1.50;G;
1983-02-22;1.60;G;
1983-02-23;1.0;G;
1983-02-24;1.0;G;
1983-02-25;0.98;G;
1983-02-26;1.0;G;
1983-02-27;0.86;G;
1983-02-28;1.0;G;
1983-03-01;1.20;G;
1983-03-02;1.20;G;
1983-03-03;1.20;G;
1983-03-04;1.90;G;
1983-03-05;7.00;G;
1983-03-06;14.1;G;
1983-03-07;12.9;G;
1983-03-08;9.50;G;
1983-03-09;6.60;G;
1983-03-10;6.70;G;
1983-03-11;9.10;G;
1983-03-12;5.70;G;
1983-03-13;4.20;G;
1983-03-14;3.60;G;
1983-03-15;3.70;G;
1983-03-16;3.80;G;
1983-03-17;3.40;G;
1983-03-18;3.40;G;
1983-03-19;3.20;G;
1983-03-20;2.80;G;
1983-03-21;3.90;G;
1983-03-22;6.20;G;
1983-03-23;5.00;G;
1983-03-24;7.20;G;
1983-03-25;6.10;G;
1983-03-26;4.70;G;
1983-03-27;4.00;G;
1983-03-28;3.60;G;
1983-03-29;4.60;G;
1983-03-30;7.00;G;
1983-03-31;8.60;G;
1983-04-01;7.00;G;
1983-04-02;11.3;G;
1983-04-03;11.1;G;
1983-04-04;8.20;G;
1983-04-05;5.70;G;
1983-04-06;5.30;G;
1983-04-07;6.00;G;
1983-04-08;4.80;G;
1983-04-09;4.00;G;
1983-04-10;3.60;G;
1983-04-11;3.80;G;
1983-04-12;3.70;G;
1983-04-13;3.10;G;
1983-04-14;2.80;G;
1983-04-15;2.50;G;
1983-04-16;2.30;G;
1983-04-17;2.00;G;
1983-04-18;1.80;G;
1983-04-19;1.50;G;
1983-04-20;2.70;G;
1983-04-21;3.00;G;
1983-04-22;2.30;G;
1983-04-23;2.10;G;
1983-04-24;1.90;G;
1983-04-25;1.70;G;
1983-04-26;1.60;G;
1983-04-27;2.00;G;
1983-04-28;3.20;G;
1983-04-29;3.00;G;
1983-04-30;3.30;G;
1983-05-01;2.80;G;
1983-05-02;2.20;G;
1983-05-03;1.90;G;
1983-05-04;2.20;G;
1983-05-05;2.20;G;
1983-05-06;1.80;G;
1983-05-07;1.60;G;
1983-05-08;1.40;G;
1983-05-09;1.90;G;
1983-05-10;2.00;G;
1983-05-11;2.30;G;
1983-05-12;3.40;G;
1983-05-13;3.30;G;
1983-05-14;2.40;G;
1983-05-15;2.00;G;
1983-05-16;1.80;G;
1983-05-17;2.20;G;
1983-05-18;2.10;G;
1983-05-19;2.00;G;
1983-05-20;1.40;G;
1983-05-21;1.20;G;
1983-05-22;1.0;G;
1983-05-23;0.8;G;
1983-05-24;0.72;G;
1983-05-25;1.60;G;
1983-05-26;2.30;G;
1983-05-27;2.40;G;
1983-05-28;3.20;G;
1983-05-29;5.60;G;
1983-05-30;3.90;G;
1983-05-31;2.70;G;
1983-06-01;2.00;G;
1983-06-02;1.50;G;
1983-06-03;1.20;G;
1983-06-04;1.10;G;
1983-06-05;1.40;G;
1983-06-06;1.20;G;
1983-06-07;0.83;G;
1983-06-08;0.61;G;
1983-06-09;0.61;G;
1983-06-10;0.67;G;
1983-06-11;0.53;G;
1983-06-12;0.4;G;
1983-06-13;0.36;G;
1983-06-14;0.32;G;
1983-06-15;0.3;G;
1983-06-16;0.26;G;
1983-06-17;0.24;G;
1983-06-18;0.21;G;
1983-06-19;0.19;G;
1983-06-20;0.17;G;
1983-06-21;0.16;G;
1983-06-22;0.16;G;
1983-06-23;0.16;G;
1983-06-24;0.15;G;
1983-06-25;0.15;G;
1983-06-26;0.15;G;
1983-06-27;0.14;G;
1983-06-28;0.16;G;
1983-06-29;0.21;G;
1983-06-30;0.18;G;
1983-07-01;0.25;G;
1983-07-02;0.17;G;
1983-07-03;0.16;G;
1983-07-04;0.13;G;
1983-07-05;0.12;G;
1983-07-06;0.11;G;
1983-07-07;0.1;G;
1983-07-08;0.1;G;
1983-07-09;0.09;G;
1983-07-10;0.06;G;
1983-07-11;0.4;G;
1983-07-12;0.1;G;
1983-07-13;0.09;G;
1983-07-14;0.09;G;
1983-07-15;0.08;G;
1983-07-16;0.07;G;
1983-07-17;0.06;G;
1983-07-18;0.06;G;
1983-07-19;0.06;G;
1983-07-20;0.06;G;
1983-07-21;0.05;G;
1983-07-22;0.04;G;
1983-07-23;0.04;G;
1983-07-24;0.05;G;
1983-07-25;0.04;G;
1983-07-26;0.04;G;
1983-07-27;0.05;G;
1983-07-28;0.04;G;
1983-07-29;0.05;G;
1983-07-30;0.05;G;
1983-07-31;0.04;G;
1983-08-01;0.05;G;
1983-08-02;0.06;G;
1983-08-03;0.05;G;
1983-08-04;0.06;G;
1983-08-05;0.07;G;
1983-08-06;0.06;G;
1983-08-07;0.06;G;
1983-08-08;0.07;G;
1983-08-09;0.05;G;
1983-08-10;0.05;G;
1983-08-11;0.04;G;
1983-08-12;0.06;G;
1983-08-13;0.06;G;
1983-08-14;0.04;G;
1983-08-15;0.05;G;
1983-08-16;0.05;G;
1983-08-17;0.06;G;
1983-08-18;0.05;G;
1983-08-19;0.05;G;
1983-08-20;0.05;G;
1983-08-21;0.04;G;
1983-08-22;0.04;G;
1983-08-23;0.04;G;
1983-08-24;0.04;G;
1983-08-25;0.04;G;
1983-08-26;0.04;G;
1983-08-27;0.04;G;
1983-08-28;0.04;G;
1983-08-29;0.04;G;
1983-08-30;0.04;G;
1983-08-31;0.04;G;
1983-09-01;0.04;G;
1983-09-02;0.04;G;
1983-09-03;0.04;G;
1983-09-04;0.08;G;
1983-09-05;0.09;G;
1983-09-06;0.07;G;
1983-09-07;0.07;G;
1983-09-08;0.06;G;
1983-09-09;0.08;G;
1983-09-10;0.07;G;
1983-09-11;0.07;G;
1983-09-12;0.07;G;
1983-09-13;0.12;G;
1983-09-14;0.08;G;
1983-09-15;0.21;G;
1983-09-16;0.22;G;
1983-09-17;0.16;G;
1983-09-18;0.14;G;
1983-09-19;0.12;G;
1983-09-20;0.1;G;
1983-09-21;0.11;G;
1983-09-22;0.16;G;
1983-09-23;0.14;G;
1983-09-24;0.12;G;
1983-09-25;0.1;G;
1983-09-26;0.1;G;
1983-09-27;0.09;G;
1983-09-28;0.08;G;
1983-09-29;0.08;G;
1983-09-30;0.08;G;
1983-10-01;0.09;G;
1983-10-02;0.08;G;
1983-10-03;0.08;G;
1983-10-04;0.09;G;
1983-10-05;0.13;G;
1983-10-06;0.1;G;
1983-10-07;0.24;G;
1983-10-08;0.25;G;
1983-10-09;0.22;G;
1983-10-10;0.31;G;
1983-10-11;0.26;G;
1983-10-12;0.29;G;
1983-10-13;0.23;G;
1983-10-14;0.24;G;
1983-10-15;0.2;G;
1983-10-16;0.2;G;
1983-10-17;0.19;G;
1983-10-18;0.25;G;
1983-10-19;0.35;G;
1983-10-20;0.4;G;
1983-10-21;0.3;G;
1983-10-22;0.27;G;
1983-10-23;0.23;G;
1983-10-24;0.21;G;
1983-10-25;0.3;G;
1983-10-26;0.43;G;
1983-10-27;0.47;G;
1983-10-28;0.39;G;
1983-10-29;0.3;G;
1983-10-30;0.28;G;
1983-10-31;0.24;G;
1983-11-01;0.25;G;
1983-11-02;0.24;G;
1983-11-03;0.23;G;
1983-11-04;0.25;G;
1983-11-05;0.25;G;
1983-11-06;0.24;G;
1983-11-07;0.22;G;
1983-11-08;0.21;G;
1983-11-09;0.22;G;
1983-11-10;0.21;G;
1983-11-11;0.22;G;
1983-11-12;0.2;G;
1983-11-13;0.18;G;
1983-11-14;0.31;G;
1983-11-15;0.64;G;
1983-11-16;0.66;G;
1983-11-17;0.5;G;
1983-11-18;0.37;G;
1983-11-19;0.39;G;
1983-11-20;0.6;G;
1983-11-21;0.74;G;
1983-11-22;0.73;G;
1983-11-23;0.54;G;
1983-11-24;0.61;G;
1983-11-25;0.91;G;
1983-11-26;5.10;G;
1983-11-27;7.10;G;
1983-11-28;7.00;G;
1983-11-29;4.60;G;
1983-11-30;3.30;G;
1983-12-01;2.80;G;
1983-12-02;2.40;G;
1983-12-03;2.00;G;
1983-12-04;2.30;G;
1983-12-05;4.70;G;
1983-12-06;5.70;G;
1983-12-07;4.00;G;
1983-12-08;3.90;G;
1983-12-09;8.70;G;
1983-12-10;7.60;G;
1983-12-11;5.20;G;
1983-12-12;4.00;G;
1983-12-13;3.10;G;
1983-12-14;2.50;G;
1983-12-15;2.20;G;
1983-12-16;2.10;G;
1983-12-17;1.90;G;
1983-12-18;1.60;G;
1983-12-19;2.20;G;
1983-12-20;5.50;G;
1983-12-21;5.30;G;
1983-12-22;5.00;G;
1983-12-23;6.40;G;
1983-12-24;5.60;G;
1983-12-25;4.60;G;
1983-12-26;4.30;G;
1983-12-27;4.90;G;
1983-12-28;6.60;G;
1983-12-29;5.00;G;
1983-12-30;4.40;G;
1983-12-31;4.20;G;
1984-01-01;5.00;G;
1984-01-02;4.90;G;
1984-01-03;8.20;G;
1984-01-04;6.20;G;
1984-01-05;4.30;G;
1984-01-06;4.60;G;
1984-01-07;6.50;G;
1984-01-08;8.50;G;
1984-01-09;6.70;G;
1984-01-10;4.80;G;
1984-01-11;9.90;G;
1984-01-12;13.0;G;
1984-01-13;11.6;G;
1984-01-14;9.80;G;
1984-01-15;7.30;G;
1984-01-16;5.80;G;
1984-01-17;7.70;G;
1984-01-18;6.80;G;
1984-01-19;4.80;G;
1984-01-20;3.70;G;
1984-01-21;3.10;G;
1984-01-22;2.40;G;
1984-01-23;2.10;G;
1984-01-24;1.90;G;
1984-01-25;2.20;G;
1984-01-26;2.10;G;
1984-01-27;2.00;G;
1984-01-28;2.00;G;
1984-01-29;2.00;G;
1984-01-30;2.20;G;
1984-01-31;2.40;G;
1984-02-01;2.50;G;
1984-02-02;2.80;G;
1984-02-03;4.50;G;
1984-02-04;5.90;G;
1984-02-05;11.2;G;
1984-02-06;9.80;G;
1984-02-07;7.80;G;
1984-02-08;6.30;G;
1984-02-09;5.10;G;
1984-02-10;4.50;G;
1984-02-11;3.80;G;
1984-02-12;3.40;G;
1984-02-13;3.20;G;
1984-02-14;2.90;G;
1984-02-15;2.50;G;
1984-02-16;2.00;G;
1984-02-17;2.20;G;
1984-02-18;1.70;G;
1984-02-19;1.70;G;
1984-02-20;1.40;G;
1984-02-21;1.50;G;
1984-02-22;1.40;G;
1984-02-23;1.40;G;
1984-02-24;1.40;G;
1984-02-25;1.40;G;
1984-02-26;1.40;G;
1984-02-27;1.40;G;
1984-02-28;1.30;G;
1984-02-29;1.30;G;
1984-03-01;1.20;G;
1984-03-02;1.40;G;
1984-03-03;1.30;G;
1984-03-04;1.40;G;
1984-03-05;2.40;G;
1984-03-06;5.00;G;
1984-03-07;5.40;G;
1984-03-08;4.00;G;
1984-03-09;3.40;G;
1984-03-10;2.70;G;
1984-03-11;2.40;G;
1984-03-12;2.10;G;
1984-03-13;2.00;G;
1984-03-14;2.10;G;
1984-03-15;2.20;G;
1984-03-16;1.70;G;
1984-03-17;1.50;G;
1984-03-18;1.30;G;
1984-03-19;1.20;G;
1984-03-20;1.10;G;
1984-03-21;1.40;G;
1984-03-22;0.82;G;
1984-03-23;0.82;G;
1984-03-24;0.86;G;
1984-03-25;0.84;G;
1984-03-26;0.79;G;
1984-03-27;0.81;G;
1984-03-28;0.89;G;
1984-03-29;1.70;G;
1984-03-30;3.00;G;
1984-03-31;3.10;G;
1984-04-01;2.80;G;
1984-04-02;2.60;G;
1984-04-03;2.50;G;
1984-04-04;3.90;G;
1984-04-05;5.20;G;
1984-04-06;4.90;G;
1984-04-07;4.00;G;
1984-04-08;3.50;G;
1984-04-09;3.50;G;
1984-04-10;3.20;G;
1984-04-11;2.70;G;
1984-04-12;2.20;G;
1984-04-13;1.90;G;
1984-04-14;1.60;G;
1984-04-15;1.50;G;
1984-04-16;1.40;G;
1984-04-17;1.30;G;
1984-04-18;0.97;G;
1984-04-19;0.92;G;
1984-04-20;0.86;G;
1984-04-21;0.78;G;
1984-04-22;0.72;G;
1984-04-23;0.6;G;
1984-04-24;0.53;G;
1984-04-25;0.51;G;
1984-04-26;0.47;G;
1984-04-27;0.45;G;
1984-04-28;0.38;G;
1984-04-29;0.36;G;
1984-04-30;0.36;G;
1984-05-01;0.45;G;
1984-05-02;0.46;G;
1984-05-03;0.47;G;
1984-05-04;0.43;G;
1984-05-05;0.39;G;
1984-05-06;0.32;G;
1984-05-07;0.34;G;
1984-05-08;0.3;G;
1984-05-09;0.3;G;
1984-05-10;0.26;G;
1984-05-11;0.25;G;
1984-05-12;0.21;G;
1984-05-13;0.2;G;
1984-05-14;0.21;G;
1984-05-15;0.28;G;
1984-05-16;0.29;G;
1984-05-17;0.28;G;
1984-05-18;0.32;G;
1984-05-19;0.32;G;
1984-05-20;0.34;G;
1984-05-21;0.27;G;
1984-05-22;0.25;G;
1984-05-23;0.3;G;
1984-05-24;0.42;G;
1984-05-25;0.71;G;
1984-05-26;0.77;G;
1984-05-27;0.63;G;
1984-05-28;0.43;G;
1984-05-29;0.31;G;
1984-05-30;0.23;G;
1984-05-31;0.56;G;
1984-06-01;0.87;G;
1984-06-02;0.67;G;
1984-06-03;0.48;G;
1984-06-04;0.33;G;
1984-06-05;0.31;G;
1984-06-06;4.00;G;
1984-06-07;8.10;G;
1984-06-08;5.90;G;
1984-06-09;3.90;G;
1984-06-10;4.70;G;
1984-06-11;5.10;G;
1984-06-12;3.30;G;
1984-06-13;2.30;G;
1984-06-14;2.50;G;
1984-06-15;4.30;G;
1984-06-16;4.30;G;
1984-06-17;3.10;G;
1984-06-18;2.00;G;
1984-06-19;1.50;G;
1984-06-20;1.20;G;
1984-06-21;1.10;G;
1984-06-22;1.10;G;
1984-06-23;3.70;G;
1984-06-24;7.60;G;
1984-06-25;7.10;G;
1984-06-26;4.50;G;
1984-06-27;3.40;G;
1984-06-28;3.60;G;
1984-06-29;2.80;G;
1984-06-30;2.20;G;
1984-07-01;1.70;G;
1984-07-02;1.30;G;
1984-07-03;3.00;G;
1984-07-04;7.70;G;
1984-07-05;6.10;G;
1984-07-06;4.00;G;
1984-07-07;2.60;G;
1984-07-08;1.80;G;
1984-07-09;1.30;G;
1984-07-10;1.0;G;
1984-07-11;0.82;G;
1984-07-12;0.94;G;
1984-07-13;0.89;G;
1984-07-14;2.10;G;
1984-07-15;2.10;G;
1984-07-16;2.00;G;
1984-07-17;3.40;G;
1984-07-18;3.90;G;
1984-07-19;2.80;G;
1984-07-20;2.90;G;
1984-07-21;2.30;G;
1984-07-22;2.40;G;
1984-07-23;1.70;G;
1984-07-24;1.20;G;
1984-07-25;0.84;G;
1984-07-26;0.84;G;
1984-07-27;1.10;G;
1984-07-28;0.69;G;
1984-07-29;0.56;G;
1984-07-30;0.42;G;
1984-07-31;0.34;G;
1984-08-01;0.23;G;
1984-08-02;0.29;G;
1984-08-03;0.24;G;
1984-08-04;0.64;G;
1984-08-05;1.80;G;
1984-08-06;1.90;G;
1984-08-07;1.40;G;
1984-08-08;0.96;G;
1984-08-09;0.77;G;
1984-08-10;0.68;G;
1984-08-11;0.6;G;
1984-08-12;0.45;G;
1984-08-13;0.35;G;
1984-08-14;0.28;G;
1984-08-15;0.43;G;
1984-08-16;0.3;G;
1984-08-17;0.24;G;
1984-08-18;0.21;G;
1984-08-19;0.19;G;
1984-08-20;0.19;G;
1984-08-21;0.18;G;
1984-08-22;0.17;G;
1984-08-23;0.16;G;
1984-08-24;0.15;G;
1984-08-25;0.15;G;
1984-08-26;0.15;G;
1984-08-27;0.14;G;
1984-08-28;0.13;G;
1984-08-29;0.35;G;
1984-08-30;0.22;G;
1984-08-31;0.2;G;
1984-09-01;0.18;G;
1984-09-02;0.18;G;
1984-09-03;0.25;G;
1984-09-04;2.40;G;
1984-09-05;5.00;G;
1984-09-06;4.20;G;
1984-09-07;3.00;G;
1984-09-08;2.60;G;
1984-09-09;2.80;G;
1984-09-10;4.00;G;
1984-09-11;4.60;G;
1984-09-12;6.20;G;
1984-09-13;5.30;G;
1984-09-14;3.70;G;
1984-09-15;2.80;G;
1984-09-16;2.20;G;
1984-09-17;1.90;G;
1984-09-18;1.60;G;
1984-09-19;2.20;G;
1984-09-20;2.80;G;
1984-09-21;2.70;G;
1984-09-22;2.70;G;
1984-09-23;2.40;G;
1984-09-24;1.90;G;
1984-09-25;1.50;G;
1984-09-26;1.40;G;
1984-09-27;1.20;G;
1984-09-28;1.20;G;
1984-09-29;0.91;G;
1984-09-30;0.78;G;
1984-10-01;0.84;G;
1984-10-02;1.10;G;
1984-10-03;1.10;G;
1984-10-04;1.20;G;
1984-10-05;1.80;G;
1984-10-06;3.20;G;
1984-10-07;4.10;G;
1984-10-08;4.80;G;
1984-10-09;5.10;G;
1984-10-10;4.00;G;
1984-10-11;4.00;G;
1984-10-12;4.50;G;
1984-10-13;3.80;G;
1984-10-14;4.30;G;
1984-10-15;3.40;G;
1984-10-16;2.70;G;
1984-10-17;2.40;G;
1984-10-18;2.70;G;
1984-10-19;3.50;G;
1984-10-20;4.90;G;
1984-10-21;4.70;G;
1984-10-22;6.00;G;
1984-10-23;10.5;G;
1984-10-24;8.50;G;
1984-10-25;6.20;G;
1984-10-26;5.90;G;
1984-10-27;5.00;G;
1984-10-28;4.00;G;
1984-10-29;3.70;G;
1984-10-30;3.50;G;
1984-10-31;3.10;G;
1984-11-01;2.80;G;
1984-11-02;2.60;G;
1984-11-03;2.40;G;
1984-11-04;2.20;G;
1984-11-05;2.10;G;
1984-11-06;1.80;G;
1984-11-07;1.70;G;
1984-11-08;1.60;G;
1984-11-09;1.50;G;
1984-11-10;1.40;G;
1984-11-11;1.20;G;
1984-11-12;1.20;G;
1984-11-13;1.20;G;
1984-11-14;1.0;G;
1984-11-15;1.0;G;
1984-11-16;0.85;G;
1984-11-17;0.82;G;
1984-11-18;0.8;G;
1984-11-19;0.77;G;
1984-11-20;0.98;G;
1984-11-21;1.20;G;
1984-11-22;2.00;G;
1984-11-23;6.00;G;
1984-11-24;8.90;G;
1984-11-25;6.40;G;
1984-11-26;4.50;G;
1984-11-27;3.50;G;
1984-11-28;3.00;G;
1984-11-29;2.60;G;
1984-11-30;2.30;G;
1984-12-01;2.20;G;
1984-12-02;2.00;G;
1984-12-03;1.80;G;
1984-12-04;1.60;G;
1984-12-05;1.50;G;
1984-12-06;1.70;G;
1984-12-07;2.10;G;
1984-12-08;2.00;G;
1984-12-09;2.10;G;
1984-12-10;2.70;G;
1984-12-11;2.60;G;
1984-12-12;2.10;G;
1984-12-13;1.80;G;
1984-12-14;1.60;G;
1984-12-15;1.50;G;
1984-12-16;1.50;G;
1984-12-17;1.30;G;
1984-12-18;1.50;G;
1984-12-19;1.60;G;
1984-12-20;4.60;G;
1984-12-21;9.90;G;
1984-12-22;7.00;G;
1984-12-23;4.80;G;
1984-12-24;3.90;G;
1984-12-25;3.10;G;
1984-12-26;2.50;G;
1984-12-27;2.10;G;
1984-12-28;1.90;G;
1984-12-29;1.60;G;
1984-12-30;1.50;G;
1984-12-31;1.50;G;
1985-01-01;1.40;G;
1985-01-02;1.30;G;
1985-01-03;1.10;G;
1985-01-04;0.99;G;
1985-01-05;0.9;G;
1985-01-06;0.8;G;
1985-01-07;0.71;G;
1985-01-08;0.66;G;
1985-01-09;0.61;G;
1985-01-10;0.56;G;
1985-01-11;0.51;G;
1985-01-12;0.46;G;
1985-01-13;0.43;G;
1985-01-14;0.41;G;
1985-01-15;0.38;G;
1985-01-16;0.35;G;
1985-01-17;0.33;G;
1985-01-18;0.31;G;
1985-01-19;0.31;G;
1985-01-20;0.28;G;
1985-01-21;0.32;G;
1985-01-22;1.0;G;
1985-01-23;0.94;G;
1985-01-24;0.92;G;
1985-01-25;0.9;G;
1985-01-26;0.8;G;
1985-01-27;0.71;G;
1985-01-28;0.71;G;
1985-01-29;1.20;G;
1985-01-30;4.00;G;
1985-01-31;9.10;G;
1985-02-01;13.9;G;
1985-02-02;10.1;G;
1985-02-03;5.40;G;
1985-02-04;3.70;G;
1985-02-05;2.90;G;
1985-02-06;2.40;G;
1985-02-07;2.10;G;
1985-02-08;1.90;G;
1985-02-09;1.70;G;
1985-02-10;1.50;G;
1985-02-11;1.30;G;
1985-02-12;1.20;G;
1985-02-13;1.10;G;
1985-02-14;0.99;G;
1985-02-15;0.9;G;
1985-02-16;0.8;G;
1985-02-17;0.75;G;
1985-02-18;0.71;G;
1985-02-19;0.66;G;
1985-02-20;0.63;G;
1985-02-21;0.61;G;
1985-02-22;0.59;G;
1985-02-23;0.57;G;
1985-02-24;0.55;G;
1985-02-25;0.54;G;
1985-02-26;0.53;G;
1985-02-27;0.52;G;
1985-02-28;0.5;G;
1985-03-01;0.54;G;
1985-03-02;0.51;G;
1985-03-03;2.70;G;
1985-03-04;3.20;G;
1985-03-05;1.50;G;
1985-03-06;5.90;G;
1985-03-07;3.40;G;
1985-03-08;2.00;G;
1985-03-09;1.30;G;
1985-03-10;1.20;G;
1985-03-11;0.94;G;
1985-03-12;0.88;G;
1985-03-13;0.97;G;
1985-03-14;0.66;G;
1985-03-15;0.7;G;
1985-03-16;0.66;G;
1985-03-17;0.66;G;
1985-03-18;0.59;G;
1985-03-19;0.59;G;
1985-03-20;0.91;G;
1985-03-21;1.40;G;
1985-03-22;5.20;G;
1985-03-23;4.40;G;
1985-03-24;5.40;G;
1985-03-25;6.20;G;
1985-03-26;5.90;G;
1985-03-27;5.60;G;
1985-03-28;4.30;G;
1985-03-29;3.20;G;
1985-03-30;3.20;G;
1985-03-31;11.8;G;
1985-04-01;13.1;G;
1985-04-02;14.5;G;
1985-04-03;13.0;G;
1985-04-04;11.0;G;
1985-04-05;9.00;G;
1985-04-06;6.40;G;
1985-04-07;7.10;G;
1985-04-08;8.00;G;
1985-04-09;8.80;G;
1985-04-10;6.90;G;
1985-04-11;5.40;G;
1985-04-12;5.00;G;
1985-04-13;5.00;G;
1985-04-14;4.50;G;
1985-04-15;4.00;G;
1985-04-16;3.50;G;
1985-04-17;3.10;G;
1985-04-18;3.00;G;
1985-04-19;2.60;G;
1985-04-20;2.40;G;
1985-04-21;2.20;G;
1985-04-22;1.90;G;
1985-04-23;2.10;G;
1985-04-24;2.20;G;
1985-04-25;2.10;G;
1985-04-26;1.80;G;
1985-04-27;2.60;G;
1985-04-28;3.50;G;
1985-04-29;3.90;G;
1985-04-30;7.70;G;
1985-05-01;9.50;G;
1985-05-02;11.2;G;
1985-05-03;10.9;G;
1985-05-04;10.4;G;
1985-05-05;8.10;G;
1985-05-06;5.80;G;
1985-05-07;4.30;G;
1985-05-08;3.30;G;
1985-05-09;2.90;G;
1985-05-10;3.10;G;
1985-05-11;3.80;G;
1985-05-12;2.90;G;
1985-05-13;2.20;G;
1985-05-14;1.90;G;
1985-05-15;1.60;G;
1985-05-16;1.50;G;
1985-05-17;1.30;G;
1985-05-18;1.0;G;
1985-05-19;0.86;G;
1985-05-20;0.69;G;
1985-05-21;0.65;G;
1985-05-22;0.58;G;
1985-05-23;0.52;G;
1985-05-24;0.42;G;
1985-05-25;0.4;G;
1985-05-26;0.37;G;
1985-05-27;0.32;G;
1985-05-28;0.26;G;
1985-05-29;0.25;G;
1985-05-30;0.25;G;
1985-05-31;0.2;G;
1985-06-01;0.22;G;
1985-06-02;0.19;G;
1985-06-03;0.18;G;
1985-06-04;0.18;G;
1985-06-05;0.19;G;
1985-06-06;0.17;G;
1985-06-07;0.2;G;
1985-06-08;0.26;G;
1985-06-09;0.24;G;
1985-06-10;0.3;G;
1985-06-11;0.43;G;
1985-06-12;0.66;G;
1985-06-13;0.64;G;
1985-06-14;0.6;G;
1985-06-15;0.74;G;
1985-06-16;0.99;G;
1985-06-17;0.63;G;
1985-06-18;0.41;G;
1985-06-19;0.34;G;
1985-06-20;0.24;G;
1985-06-21;0.21;G;
1985-06-22;0.19;G;
1985-06-23;0.19;G;
1985-06-24;0.19;G;
1985-06-25;0.24;G;
1985-06-26;0.23;G;
1985-06-27;0.22;G;
1985-06-28;0.18;G;
1985-06-29;0.16;G;
1985-06-30;0.16;G;
1985-07-01;0.18;G;
1985-07-02;0.38;G;
1985-07-03;0.28;G;
1985-07-04;0.2;G;
1985-07-05;0.16;G;
1985-07-06;0.14;G;
1985-07-07;0.12;G;
1985-07-08;0.12;G;
1985-07-09;0.13;G;
1985-07-10;0.12;G;
1985-07-11;0.11;G;
1985-07-12;0.1;G;
1985-07-13;0.12;G;
1985-07-14;0.1;G;
1985-07-15;0.1;G;
1985-07-16;0.14;G;
1985-07-17;0.13;G;
1985-07-18;0.13;G;
1985-07-19;0.16;G;
1985-07-20;0.15;G;
1985-07-21;0.14;G;
1985-07-22;0.24;G;
1985-07-23;0.21;G;
1985-07-24;0.18;G;
1985-07-25;0.14;G;
1985-07-26;0.12;G;
1985-07-27;0.13;G;
1985-07-28;0.21;G;
1985-07-29;0.16;G;
1985-07-30;0.17;G;
1985-07-31;0.18;G;
1985-08-01;0.14;G;
1985-08-02;0.13;G;
1985-08-03;0.15;G;
1985-08-04;0.18;G;
1985-08-05;0.18;G;
1985-08-06;0.14;G;
1985-08-07;0.14;G;
1985-08-08;0.11;G;
1985-08-09;0.1;G;
1985-08-10;0.19;G;
1985-08-11;0.11;G;
1985-08-12;0.12;G;
1985-08-13;0.1;G;
1985-08-14;0.45;G;
1985-08-15;0.89;G;
1985-08-16;0.9;G;
1985-08-17;1.60;G;
1985-08-18;1.20;G;
1985-08-19;1.20;G;
1985-08-20;1.10;G;
1985-08-21;1.60;G;
1985-08-22;1.50;G;
1985-08-23;0.8;G;
1985-08-24;0.58;G;
1985-08-25;0.52;G;
1985-08-26;0.46;G;
1985-08-27;0.32;G;
1985-08-28;0.2;G;
1985-08-29;0.2;G;
1985-08-30;0.16;G;
1985-08-31;0.16;G;
1985-09-01;0.17;G;
1985-09-02;0.17;G;
1985-09-03;0.25;G;
1985-09-04;0.24;G;
1985-09-05;0.34;G;
1985-09-06;1.20;G;
1985-09-07;3.20;G;
1985-09-08;3.00;G;
1985-09-09;2.20;G;
1985-09-10;1.60;G;
1985-09-11;1.70;G;
1985-09-12;1.30;G;
1985-09-13;0.93;G;
1985-09-14;0.85;G;
1985-09-15;1.50;G;
1985-09-16;2.20;G;
1985-09-17;3.20;G;
1985-09-18;2.70;G;
1985-09-19;1.90;G;
1985-09-20;1.40;G;
1985-09-21;1.20;G;
1985-09-22;1.50;G;
1985-09-23;1.20;G;
1985-09-24;1.20;G;
1985-09-25;0.99;G;
1985-09-26;0.8;G;
1985-09-27;0.73;G;
1985-09-28;0.71;G;
1985-09-29;0.55;G;
1985-09-30;0.56;G;
1985-10-01;0.51;G;
1985-10-02;0.48;G;
1985-10-03;0.4;G;
1985-10-04;0.39;G;
1985-10-05;0.38;G;
1985-10-06;0.35;G;
1985-10-07;0.32;G;
1985-10-08;0.47;G;
1985-10-09;0.61;G;
1985-10-10;0.67;G;
1985-10-11;0.74;G;
1985-10-12;0.66;G;
1985-10-13;0.49;G;
1985-10-14;0.44;G;
1985-10-15;0.4;G;
1985-10-16;0.37;G;
1985-10-17;0.37;G;
1985-10-18;0.38;G;
1985-10-19;0.32;G;
1985-10-20;0.32;G;
1985-10-21;0.28;G;
1985-10-22;0.29;G;
1985-10-23;0.28;G;
1985-10-24;0.27;G;
1985-10-25;0.25;G;
1985-10-26;0.25;G;
1985-10-27;0.24;G;
1985-10-28;0.21;G;
1985-10-29;0.23;G;
1985-10-30;0.26;G;
1985-10-31;0.21;G;
1985-11-01;0.22;G;
1985-11-02;0.43;G;
1985-11-03;0.52;G;
1985-11-04;0.47;G;
1985-11-05;1.20;G;
1985-11-06;3.80;G;
1985-11-07;4.10;G;
1985-11-08;3.50;G;
1985-11-09;3.50;G;
1985-11-10;4.80;G;
1985-11-11;4.60;G;
1985-11-12;4.50;G;
1985-11-13;3.50;G;
1985-11-14;2.60;G;
1985-11-15;1.90;G;
1985-11-16;1.60;G;
1985-11-17;1.40;G;
1985-11-18;1.20;G;
1985-11-19;1.20;G;
1985-11-20;1.20;G;
1985-11-21;1.20;G;
1985-11-22;1.50;G;
1985-11-23;2.20;G;
1985-11-24;2.60;G;
1985-11-25;2.00;G;
1985-11-26;1.60;G;
1985-11-27;1.40;G;
1985-11-28;1.30;G;
1985-11-29;1.10;G;
1985-11-30;1.0;G;
1985-12-01;0.9;G;
1985-12-02;3.30;G;
1985-12-03;13.5;G;
1985-12-04;16.6;G;
1985-12-05;16.0;G;
1985-12-06;15.9;G;
1985-12-07;12.9;G;
1985-12-08;9.10;G;
1985-12-09;7.70;G;
1985-12-10;12.6;G;
1985-12-11;9.90;G;
1985-12-12;6.60;G;
1985-12-13;9.30;G;
1985-12-14;10.6;G;
1985-12-15;10.8;G;
1985-12-16;12.2;G;
1985-12-17;11.8;G;
1985-12-18;8.40;G;
1985-12-19;7.50;G;
1985-12-20;7.20;G;
1985-12-21;9.00;G;
1985-12-22;7.70;G;
1985-12-23;5.80;G;
1985-12-24;4.80;G;
1985-12-25;4.50;G;
1985-12-26;6.40;G;
1985-12-27;4.90;G;
1985-12-28;3.60;G;
1985-12-29;2.80;G;
1985-12-30;2.40;G;
1985-12-31;2.10;G;
1986-01-01;1.90;G;
1986-01-02;1.60;G;
1986-01-03;1.70;G;
1986-01-04;1.50;G;
1986-01-05;1.50;G;
1986-01-06;1.40;G;
1986-01-07;1.40;G;
1986-01-08;2.60;G;
1986-01-09;3.90;G;
1986-01-10;4.90;G;
1986-01-11;4.70;G;
1986-01-12;2.90;G;
1986-01-13;5.20;G;
1986-01-14;6.40;G;
1986-01-15;4.90;G;
1986-01-16;3.70;G;
1986-01-17;2.30;G;
1986-01-18;2.60;G;
1986-01-19;3.00;G;
1986-01-20;4.00;G;
1986-01-21;15.0;G;
1986-01-22;14.4;G;
1986-01-23;13.8;G;
1986-01-24;10.8;G;
1986-01-25;7.50;G;
1986-01-26;5.30;G;
1986-01-27;4.40;G;
1986-01-28;3.60;G;
1986-01-29;3.00;G;
1986-01-30;2.50;G;
1986-01-31;2.00;G;
1986-02-01;1.60;G;
1986-02-02;1.40;G;
1986-02-03;1.30;G;
1986-02-04;1.20;G;
1986-02-05;1.10;G;
1986-02-06;0.97;G;
1986-02-07;0.83;G;
1986-02-08;0.7;G;
1986-02-09;0.68;G;
1986-02-10;0.66;G;
1986-02-11;0.64;G;
1986-02-12;0.61;G;
1986-02-13;0.59;G;
1986-02-14;0.57;G;
1986-02-15;0.55;G;
1986-02-16;0.54;G;
1986-02-17;0.53;G;
1986-02-18;0.53;G;
1986-02-19;0.52;G;
1986-02-20;0.51;G;
1986-02-21;0.5;G;
1986-02-22;0.49;G;
1986-02-23;0.49;G;
1986-02-24;0.48;G;
1986-02-25;0.47;G;
1986-02-26;0.46;G;
1986-02-27;0.46;G;
1986-02-28;0.45;G;
1986-03-01;0.44;G;
1986-03-02;0.42;G;
1986-03-03;0.4;G;
1986-03-04;0.46;G;
1986-03-05;3.60;G;
1986-03-06;13.9;G;
1986-03-07;10.2;G;
1986-03-08;8.70;G;
1986-03-09;7.10;G;
1986-03-10;5.40;G;
1986-03-11;4.50;G;
1986-03-12;3.80;G;
1986-03-13;3.00;G;
1986-03-14;1.90;G;
1986-03-15;1.20;G;
1986-03-16;0.96;G;
1986-03-17;1.60;G;
1986-03-18;2.90;G;
1986-03-19;3.40;G;
1986-03-20;3.70;G;
1986-03-21;3.10;G;
1986-03-22;3.10;G;
1986-03-23;11.2;G;
1986-03-24;7.60;G;
1986-03-25;9.50;G;
1986-03-26;9.90;G;
1986-03-27;8.80;G;
1986-03-28;11.4;G;
1986-03-29;11.2;G;
1986-03-30;10.9;G;
1986-03-31;8.70;G;
1986-04-01;6.40;G;
1986-04-02;5.40;G;
1986-04-03;4.80;G;
1986-04-04;4.30;G;
1986-04-05;3.80;G;
1986-04-06;3.50;G;
1986-04-07;3.10;G;
1986-04-08;2.80;G;
1986-04-09;2.60;G;
1986-04-10;2.30;G;
1986-04-11;2.00;G;
1986-04-12;1.80;G;
1986-04-13;1.70;G;
1986-04-14;2.00;G;
1986-04-15;2.20;G;
1986-04-16;2.10;G;
1986-04-17;2.20;G;
1986-04-18;2.10;G;
1986-04-19;2.20;G;
1986-04-20;3.30;G;
1986-04-21;3.00;G;
1986-04-22;3.10;G;
1986-04-23;3.00;G;
1986-04-24;3.10;G;
1986-04-25;5.80;G;
1986-04-26;6.40;G;
1986-04-27;5.90;G;
1986-04-28;4.40;G;
1986-04-29;3.40;G;
1986-04-30;2.70;G;
1986-05-01;2.30;G;
1986-05-02;2.00;G;
1986-05-03;1.60;G;
1986-05-04;1.40;G;
1986-05-05;1.0;G;
1986-05-06;0.86;G;
1986-05-07;0.71;G;
1986-05-08;0.85;G;
1986-05-09;0.9;G;
1986-05-10;0.99;G;
1986-05-11;1.20;G;
1986-05-12;1.10;G;
1986-05-13;1.50;G;
1986-05-14;2.40;G;
1986-05-15;1.90;G;
1986-05-16;1.60;G;
1986-05-17;1.20;G;
1986-05-18;0.89;G;
1986-05-19;0.72;G;
1986-05-20;0.59;G;
1986-05-21;0.59;G;
1986-05-22;0.55;G;
1986-05-23;0.57;G;
1986-05-24;1.20;G;
1986-05-25;1.50;G;
1986-05-26;1.10;G;
1986-05-27;0.68;G;
1986-05-28;0.51;G;
1986-05-29;0.38;G;
1986-05-30;0.33;G;
1986-05-31;0.31;G;
1986-06-01;0.3;G;
1986-06-02;0.28;G;
1986-06-03;0.32;G;
1986-06-04;0.56;G;
1986-06-05;0.7;G;
1986-06-06;2.30;G;
1986-06-07;2.20;G;
1986-06-08;1.70;G;
1986-06-09;1.40;G;
1986-06-10;0.86;G;
1986-06-11;0.61;G;
1986-06-12;0.45;G;
1986-06-13;0.36;G;
1986-06-14;0.25;G;
1986-06-15;0.22;G;
1986-06-16;0.18;G;
1986-06-17;0.18;G;
1986-06-18;0.17;G;
1986-06-19;0.15;G;
1986-06-20;0.16;G;
1986-06-21;0.15;G;
1986-06-22;0.13;G;
1986-06-23;0.12;G;
1986-06-24;0.11;G;
1986-06-25;0.1;G;
1986-06-26;0.11;G;
1986-06-27;0.08;G;
1986-06-28;0.08;G;
1986-06-29;0.07;G;
1986-06-30;0.06;G;
1986-07-01;0.07;G;
1986-07-02;0.07;G;
1986-07-03;0.06;G;
1986-07-04;0.07;G;
1986-07-05;0.11;G;
1986-07-06;0.13;G;
1986-07-07;0.1;G;
1986-07-08;0.08;G;
1986-07-09;0.07;G;
1986-07-10;0.07;G;
1986-07-11;0.08;G;
1986-07-12;0.07;G;
1986-07-13;0.06;G;
1986-07-14;0.06;G;
1986-07-15;0.05;G;
1986-07-16;0.05;G;
1986-07-17;0.06;G;
1986-07-18;0.06;G;
1986-07-19;0.06;G;
1986-07-20;0.06;G;
1986-07-21;0.06;G;
1986-07-22;0.06;G;
1986-07-23;0.19;G;
1986-07-24;0.21;G;
1986-07-25;0.11;G;
1986-07-26;0.08;G;
1986-07-27;0.07;G;
1986-07-28;0.07;G;
1986-07-29;0.25;G;
1986-07-30;0.08;G;
1986-07-31;0.09;G;
1986-08-01;0.06;G;
1986-08-02;0.06;G;
1986-08-03;0.05;G;
1986-08-04;0.06;G;
1986-08-05;0.05;G;
1986-08-06;0.05;G;
1986-08-07;0.09;G;
1986-08-08;0.05;G;
1986-08-09;0.05;G;
1986-08-10;0.06;G;
1986-08-11;0.06;G;
1986-08-12;0.04;G;
1986-08-13;0.05;G;
1986-08-14;0.05;G;
1986-08-15;0.07;G;
1986-08-16;0.19;G;
1986-08-17;0.06;G;
1986-08-18;0.06;G;
1986-08-19;0.05;G;
1986-08-20;0.06;G;
1986-08-21;0.05;G;
1986-08-22;0.05;G;
1986-08-23;0.05;G;
1986-08-24;0.05;G;
1986-08-25;0.06;G;
1986-08-26;0.12;G;
1986-08-27;0.1;G;
1986-08-28;0.06;G;
1986-08-29;0.07;G;
1986-08-30;0.05;G;
1986-08-31;0.05;G;
1986-09-01;0.05;G;
1986-09-02;0.08;G;
1986-09-03;0.06;G;
1986-09-04;0.06;G;
1986-09-05;0.06;G;
1986-09-06;0.14;G;
1986-09-07;0.09;G;
1986-09-08;0.13;G;
1986-09-09;0.09;G;
1986-09-10;0.09;G;
1986-09-11;0.08;G;
1986-09-12;0.06;G;
1986-09-13;0.07;G;
1986-09-14;0.16;G;
1986-09-15;0.1;G;
1986-09-16;0.11;G;
1986-09-17;0.09;G;
1986-09-18;0.08;G;
1986-09-19;0.08;G;
1986-09-20;0.07;G;
1986-09-21;0.06;G;
1986-09-22;0.08;G;
1986-09-23;0.08;G;
1986-09-24;0.06;G;
1986-09-25;0.06;G;
1986-09-26;0.07;G;
1986-09-27;0.06;G;
1986-09-28;0.05;G;
1986-09-29;0.06;G;
1986-09-30;0.08;G;
1986-10-01;0.06;G;
1986-10-02;0.06;G;
1986-10-03;0.07;G;
1986-10-04;0.07;G;
1986-10-05;0.06;G;
1986-10-06;0.07;G;
1986-10-07;0.13;G;
1986-10-08;0.09;G;
1986-10-09;0.09;G;
1986-10-10;0.08;G;
1986-10-11;0.09;G;
1986-10-12;0.08;G;
1986-10-13;0.08;G;
1986-10-14;0.08;G;
1986-10-15;0.08;G;
1986-10-16;0.1;G;
1986-10-17;0.08;G;
1986-10-18;0.07;G;
1986-10-19;0.13;G;
1986-10-20;0.15;G;
1986-10-21;0.4;G;
1986-10-22;0.76;G;
1986-10-23;0.74;G;
1986-10-24;0.61;G;
1986-10-25;0.45;G;
1986-10-26;0.42;G;
1986-10-27;0.46;G;
1986-10-28;0.47;G;
1986-10-29;0.57;G;
1986-10-30;0.79;G;
1986-10-31;1.10;G;
1986-11-01;1.20;G;
1986-11-02;0.98;G;
1986-11-03;0.71;G;
1986-11-04;0.66;G;
1986-11-05;1.20;G;
1986-11-06;2.30;G;
1986-11-07;1.70;G;
1986-11-08;1.70;G;
1986-11-09;2.00;G;
1986-11-10;1.60;G;
1986-11-11;1.40;G;
1986-11-12;1.30;G;
1986-11-13;1.20;G;
1986-11-14;0.97;G;
1986-11-15;0.94;G;
1986-11-16;0.94;G;
1986-11-17;0.89;G;
1986-11-18;0.84;G;
1986-11-19;3.10;G;
1986-11-20;5.20;G;
1986-11-21;4.60;G;
1986-11-22;3.50;G;
1986-11-23;3.10;G;
1986-11-24;3.00;G;
1986-11-25;3.50;G;
1986-11-26;3.00;G;
1986-11-27;2.40;G;
1986-11-28;2.00;G;
1986-11-29;1.90;G;
1986-11-30;1.80;G;
1986-12-01;1.60;G;
1986-12-02;1.40;G;
1986-12-03;2.00;G;
1986-12-04;4.70;G;
1986-12-05;5.20;G;
1986-12-06;4.50;G;
1986-12-07;3.40;G;
1986-12-08;2.80;G;
1986-12-09;2.30;G;
1986-12-10;2.00;G;
1986-12-11;1.60;G;
1986-12-12;1.50;G;
1986-12-13;1.40;G;
1986-12-14;1.40;G;
1986-12-15;1.60;G;
1986-12-16;2.80;G;
1986-12-17;3.60;G;
1986-12-18;4.30;G;
1986-12-19;6.80;G;
1986-12-20;5.90;G;
1986-12-21;4.40;G;
1986-12-22;3.40;G;
1986-12-23;2.40;G;
1986-12-24;1.70;G;
1986-12-25;1.30;G;
1986-12-26;1.20;G;
1986-12-27;1.20;G;
1986-12-28;1.20;G;
1986-12-29;2.60;G;
1986-12-30;3.20;G;
1986-12-31;2.80;G;
1987-01-01;2.20;G;
1987-01-02;1.40;G;
1987-01-03;1.20;G;
1987-01-04;1.0;G;
1987-01-05;0.85;G;
1987-01-06;0.79;G;
1987-01-07;0.73;G;
1987-01-08;0.67;G;
1987-01-09;0.61;G;
1987-01-10;0.55;G;
1987-01-11;0.54;G;
1987-01-12;0.52;G;
1987-01-13;0.51;G;
1987-01-14;0.5;G;
1987-01-15;0.48;G;
1987-01-16;0.47;G;
1987-01-17;0.46;G;
1987-01-18;0.45;G;
1987-01-19;0.43;G;
1987-01-20;0.42;G;
1987-01-21;0.41;G;
1987-01-22;0.41;G;
1987-01-23;0.4;G;
1987-01-24;0.6;G;
1987-01-25;1.0;G;
1987-01-26;1.40;G;
1987-01-27;1.60;G;
1987-01-28;1.40;G;
1987-01-29;1.20;G;
1987-01-30;0.82;G;
1987-01-31;0.93;G;
1987-02-01;1.50;G;
1987-02-02;1.30;G;
1987-02-03;1.0;G;
1987-02-04;0.71;G;
1987-02-05;1.20;G;
1987-02-06;11.1;G;
1987-02-07;15.7;G;
1987-02-08;14.7;G;
1987-02-09;9.70;G;
1987-02-10;7.90;G;
1987-02-11;7.10;G;
1987-02-12;5.70;G;
1987-02-13;4.70;G;
1987-02-14;4.00;G;
1987-02-15;3.40;G;
1987-02-16;2.50;G;
1987-02-17;1.60;G;
1987-02-18;0.8;G;
1987-02-19;0.75;G;
1987-02-20;0.7;G;
1987-02-21;0.66;G;
1987-02-22;0.62;G;
1987-02-23;0.58;G;
1987-02-24;0.54;G;
1987-02-25;0.5;G;
1987-02-26;0.48;G;
1987-02-27;0.45;G;
1987-02-28;0.42;G;
1987-03-01;0.4;G;
1987-03-02;0.39;G;
1987-03-03;0.38;G;
1987-03-04;0.37;G;
1987-03-05;0.37;G;
1987-03-06;0.36;G;
1987-03-07;0.35;G;
1987-03-08;0.34;G;
1987-03-09;0.33;G;
1987-03-10;0.32;G;
1987-03-11;0.31;G;
1987-03-12;0.31;G;
1987-03-13;0.3;G;
1987-03-14;0.29;G;
1987-03-15;0.28;G;
1987-03-16;0.28;G;
1987-03-17;0.27;G;
1987-03-18;0.26;G;
1987-03-19;0.26;G;
1987-03-20;0.26;G;
1987-03-21;0.25;G;
1987-03-22;0.29;G;
1987-03-23;0.33;G;
1987-03-24;0.37;G;
1987-03-25;0.48;G;
1987-03-26;2.50;G;
1987-03-27;11.0;G;
1987-03-28;14.8;G;
1987-03-29;14.2;G;
1987-03-30;12.1;G;
1987-03-31;10.7;G;
1987-04-01;8.40;G;
1987-04-02;6.20;G;
1987-04-03;5.30;G;
1987-04-04;5.30;G;
1987-04-05;5.40;G;
1987-04-06;5.10;G;
1987-04-07;4.80;G;
1987-04-08;4.70;G;
1987-04-09;4.20;G;
1987-04-10;4.60;G;
1987-04-11;6.60;G;
1987-04-12;5.50;G;
1987-04-13;4.50;G;
1987-04-14;3.90;G;
1987-04-15;3.70;G;
1987-04-16;3.50;G;
1987-04-17;3.10;G;
1987-04-18;2.60;G;
1987-04-19;2.30;G;
1987-04-20;6.10;G;
1987-04-21;6.20;G;
1987-04-22;4.40;G;
1987-04-23;3.50;G;
1987-04-24;2.90;G;
1987-04-25;2.40;G;
1987-04-26;2.00;G;
1987-04-27;1.60;G;
1987-04-28;1.40;G;
1987-04-29;1.20;G;
1987-04-30;0.99;G;
1987-05-01;0.94;G;
1987-05-02;1.20;G;
1987-05-03;1.50;G;
1987-05-04;1.50;G;
1987-05-05;1.20;G;
1987-05-06;0.96;G;
1987-05-07;0.79;G;
1987-05-08;0.63;G;
1987-05-09;0.57;G;
1987-05-10;0.56;G;
1987-05-11;0.7;G;
1987-05-12;1.90;G;
1987-05-13;2.20;G;
1987-05-14;1.70;G;
1987-05-15;1.50;G;
1987-05-16;2.90;G;
1987-05-17;2.80;G;
1987-05-18;2.10;G;
1987-05-19;1.60;G;
1987-05-20;1.50;G;
1987-05-21;1.40;G;
1987-05-22;1.10;G;
1987-05-23;0.81;G;
1987-05-24;0.59;G;
1987-05-25;0.48;G;
1987-05-26;0.41;G;
1987-05-27;0.35;G;
1987-05-28;0.46;G;
1987-05-29;0.87;G;
1987-05-30;0.7;G;
1987-05-31;0.59;G;
1987-06-01;0.46;G;
1987-06-02;0.44;G;
1987-06-03;0.36;G;
1987-06-04;0.32;G;
1987-06-05;0.31;G;
1987-06-06;0.29;G;
1987-06-07;0.26;G;
1987-06-08;0.3;G;
1987-06-09;0.28;G;
1987-06-10;0.23;G;
1987-06-11;0.28;G;
1987-06-12;0.25;G;
1987-06-13;0.23;G;
1987-06-14;0.24;G;
1987-06-15;0.63;G;
1987-06-16;3.70;G;
1987-06-17;4.20;G;
1987-06-18;3.70;G;
1987-06-19;3.70;G;
1987-06-20;2.60;G;
1987-06-21;1.80;G;
1987-06-22;1.20;G;
1987-06-23;0.86;G;
1987-06-24;1.10;G;
1987-06-25;1.40;G;
1987-06-26;2.20;G;
1987-06-27;3.00;G;
1987-06-28;2.00;G;
1987-06-29;2.30;G;
1987-06-30;2.90;G;
1987-07-01;1.80;G;
1987-07-02;1.20;G;
1987-07-03;0.67;G;
1987-07-04;0.49;G;
1987-07-05;0.39;G;
1987-07-06;0.28;G;
1987-07-07;0.27;G;
1987-07-08;0.21;G;
1987-07-09;0.23;G;
1987-07-10;0.18;G;
1987-07-11;0.2;G;
1987-07-12;0.19;G;
1987-07-13;0.28;G;
1987-07-14;0.18;G;
1987-07-15;0.16;G;
1987-07-16;0.15;G;
1987-07-17;0.15;G;
1987-07-18;0.43;G;
1987-07-19;1.90;G;
1987-07-20;5.90;G;
1987-07-21;4.80;G;
1987-07-22;3.20;G;
1987-07-23;2.10;G;
1987-07-24;1.50;G;
1987-07-25;1.30;G;
1987-07-26;1.50;G;
1987-07-27;2.50;G;
1987-07-28;2.10;G;
1987-07-29;1.40;G;
1987-07-30;1.40;G;
1987-07-31;1.90;G;
1987-08-01;2.10;G;
1987-08-02;2.40;G;
1987-08-03;2.20;G;
1987-08-04;1.70;G;
1987-08-05;2.90;G;
1987-08-06;3.50;G;
1987-08-07;2.20;G;
1987-08-08;1.60;G;
1987-08-09;1.20;G;
1987-08-10;2.20;G;
1987-08-11;3.40;G;
1987-08-12;2.40;G;
1987-08-13;1.60;G;
1987-08-14;1.50;G;
1987-08-15;1.50;G;
1987-08-16;1.30;G;
1987-08-17;1.60;G;
1987-08-18;2.30;G;
1987-08-19;2.00;G;
1987-08-20;1.40;G;
1987-08-21;0.99;G;
1987-08-22;0.72;G;
1987-08-23;0.6;G;
1987-08-24;0.57;G;
1987-08-25;0.7;G;
1987-08-26;0.66;G;
1987-08-27;0.61;G;
1987-08-28;0.52;G;
1987-08-29;0.43;G;
1987-08-30;0.38;G;
1987-08-31;0.33;G;
1987-09-01;0.29;G;
1987-09-02;0.25;G;
1987-09-03;0.23;G;
1987-09-04;0.21;G;
1987-09-05;0.3;G;
1987-09-06;0.32;G;
1987-09-07;0.54;G;
1987-09-08;0.59;G;
1987-09-09;0.47;G;
1987-09-10;0.88;G;
1987-09-11;1.20;G;
1987-09-12;3.90;G;
1987-09-13;4.40;G;
1987-09-14;2.90;G;
1987-09-15;1.90;G;
1987-09-16;1.30;G;
1987-09-17;0.91;G;
1987-09-18;0.84;G;
1987-09-19;0.72;G;
1987-09-20;0.61;G;
1987-09-21;0.78;G;
1987-09-22;1.80;G;
1987-09-23;2.00;G;
1987-09-24;1.90;G;
1987-09-25;1.60;G;
1987-09-26;1.30;G;
1987-09-27;1.10;G;
1987-09-28;0.94;G;
1987-09-29;0.73;G;
1987-09-30;0.59;G;
1987-10-01;0.52;G;
1987-10-02;0.46;G;
1987-10-03;0.41;G;
1987-10-04;0.36;G;
1987-10-05;0.33;G;
1987-10-06;0.35;G;
1987-10-07;0.31;G;
1987-10-08;0.33;G;
1987-10-09;0.35;G;
1987-10-10;0.3;G;
1987-10-11;0.3;G;
1987-10-12;0.32;G;
1987-10-13;0.31;G;
1987-10-14;0.32;G;
1987-10-15;0.43;G;
1987-10-16;0.61;G;
1987-10-17;0.67;G;
1987-10-18;0.64;G;
1987-10-19;0.56;G;
1987-10-20;0.57;G;
1987-10-21;0.6;G;
1987-10-22;0.58;G;
1987-10-23;0.53;G;
1987-10-24;1.60;G;
1987-10-25;2.40;G;
1987-10-26;1.90;G;
1987-10-27;1.50;G;
1987-10-28;1.30;G;
1987-10-29;0.99;G;
1987-10-30;0.81;G;
1987-10-31;0.77;G;
1987-11-01;0.69;G;
1987-11-02;0.69;G;
1987-11-03;0.63;G;
1987-11-04;0.57;G;
1987-11-05;0.6;G;
1987-11-06;0.54;G;
1987-11-07;0.52;G;
1987-11-08;0.56;G;
1987-11-09;0.62;G;
1987-11-10;1.0;G;
1987-11-11;1.30;G;
1987-11-12;4.30;G;
1987-11-13;4.90;G;
1987-11-14;3.60;G;
1987-11-15;2.80;G;
1987-11-16;2.70;G;
1987-11-17;3.40;G;
1987-11-18;3.20;G;
1987-11-19;4.20;G;
1987-11-20;4.30;G;
1987-11-21;3.20;G;
1987-11-22;3.60;G;
1987-11-23;3.80;G;
1987-11-24;3.50;G;
1987-11-25;4.70;G;
1987-11-26;6.80;G;
1987-11-27;5.90;G;
1987-11-28;4.70;G;
1987-11-29;4.10;G;
1987-11-30;3.50;G;
1987-12-01;2.90;G;
1987-12-02;2.40;G;
1987-12-03;1.80;G;
1987-12-04;1.60;G;
1987-12-05;1.50;G;
1987-12-06;1.30;G;
1987-12-07;1.10;G;
1987-12-08;1.0;G;
1987-12-09;0.95;G;
1987-12-10;0.9;G;
1987-12-11;0.87;G;
1987-12-12;0.85;G;
1987-12-13;0.82;G;
1987-12-14;0.8;G;
1987-12-15;0.97;G;
1987-12-16;0.99;G;
1987-12-17;0.99;G;
1987-12-18;2.80;G;
1987-12-19;5.40;G;
1987-12-20;5.70;G;
1987-12-21;6.20;G;
1987-12-22;5.40;G;
1987-12-23;4.70;G;
1987-12-24;3.50;G;
1987-12-25;3.00;G;
1987-12-26;3.20;G;
1987-12-27;4.70;G;
1987-12-28;5.60;G;
1987-12-29;6.40;G;
1987-12-30;6.50;G;
1987-12-31;4.80;G;
1988-01-01;4.50;G;
1988-01-02;11.1;G;
1988-01-03;11.9;G;
1988-01-04;8.90;G;
1988-01-05;7.00;G;
1988-01-06;9.20;G;
1988-01-07;11.5;G;
1988-01-08;9.20;G;
1988-01-09;6.30;G;
1988-01-10;6.60;G;
1988-01-11;12.8;G;
1988-01-12;10.6;G;
1988-01-13;6.90;G;
1988-01-14;5.20;G;
1988-01-15;4.40;G;
1988-01-16;3.90;G;
1988-01-17;3.80;G;
1988-01-18;3.70;G;
1988-01-19;3.50;G;
1988-01-20;3.10;G;
1988-01-21;2.80;G;
1988-01-22;2.60;G;
1988-01-23;3.20;G;
1988-01-24;3.30;G;
1988-01-25;4.00;G;
1988-01-26;5.70;G;
1988-01-27;5.60;G;
1988-01-28;5.50;G;
1988-01-29;5.20;G;
1988-01-30;4.60;G;
1988-01-31;4.10;G;
1988-02-01;6.40;G;
1988-02-02;12.7;G;
1988-02-03;13.2;G;
1988-02-04;10.8;G;
1988-02-05;7.70;G;
1988-02-06;8.50;G;
1988-02-07;8.20;G;
1988-02-08;6.00;G;
1988-02-09;5.30;G;
1988-02-10;6.80;G;
1988-02-11;7.90;G;
1988-02-12;5.70;G;
1988-02-13;4.70;G;
1988-02-14;4.10;G;
1988-02-15;3.70;G;
1988-02-16;3.40;G;
1988-02-17;3.40;G;
1988-02-18;3.40;G;
1988-02-19;3.20;G;
1988-02-20;2.50;G;
1988-02-21;2.70;G;
1988-02-22;3.60;G;
1988-02-23;5.60;G;
1988-02-24;4.50;G;
1988-02-25;3.90;G;
1988-02-26;3.30;G;
1988-02-27;3.60;G;
1988-02-28;3.70;G;
1988-02-29;3.70;G;
1988-03-01;3.30;G;
1988-03-02;3.10;G;
1988-03-03;3.10;G;
1988-03-04;3.00;G;
1988-03-05;3.00;G;
1988-03-06;2.90;G;
1988-03-07;2.70;G;
1988-03-08;2.50;G;
1988-03-09;2.40;G;
1988-03-10;2.50;G;
1988-03-11;3.10;G;
1988-03-12;3.00;G;
1988-03-13;2.80;G;
1988-03-14;2.10;G;
1988-03-15;2.40;G;
1988-03-16;3.00;G;
1988-03-17;3.80;G;
1988-03-18;3.40;G;
1988-03-19;3.10;G;
1988-03-20;2.60;G;
1988-03-21;2.60;G;
1988-03-22;2.50;G;
1988-03-23;2.40;G;
1988-03-24;2.50;G;
1988-03-25;6.80;G;
1988-03-26;11.1;G;
1988-03-27;12.8;G;
1988-03-28;11.8;G;
1988-03-29;10.5;G;
1988-03-30;11.3;G;
1988-03-31;10.7;G;
1988-04-01;8.70;G;
1988-04-02;8.90;G;
1988-04-03;7.40;G;
1988-04-04;5.50;G;
1988-04-05;4.60;G;
1988-04-06;4.00;G;
1988-04-07;3.50;G;
1988-04-08;3.10;G;
1988-04-09;2.60;G;
1988-04-10;3.50;G;
1988-04-11;4.90;G;
1988-04-12;3.70;G;
1988-04-13;3.10;G;
1988-04-14;2.60;G;
1988-04-15;2.40;G;
1988-04-16;2.10;G;
1988-04-17;2.00;G;
1988-04-18;1.90;G;
1988-04-19;1.90;G;
1988-04-20;1.80;G;
1988-04-21;1.80;G;
1988-04-22;2.30;G;
1988-04-23;2.70;G;
1988-04-24;2.60;G;
1988-04-25;2.10;G;
1988-04-26;1.70;G;
1988-04-27;1.50;G;
1988-04-28;1.40;G;
1988-04-29;1.20;G;
1988-04-30;1.10;G;
1988-05-01;1.10;G;
1988-05-02;1.0;G;
1988-05-03;0.96;G;
1988-05-04;0.87;G;
1988-05-05;0.74;G;
1988-05-06;0.7;G;
1988-05-07;0.63;G;
1988-05-08;0.57;G;
1988-05-09;0.55;G;
1988-05-10;0.52;G;
1988-05-11;0.47;G;
1988-05-12;0.48;G;
1988-05-13;0.41;G;
1988-05-14;0.39;G;
1988-05-15;0.33;G;
1988-05-16;0.37;G;
1988-05-17;0.36;G;
1988-05-18;0.32;G;
1988-05-19;0.31;G;
1988-05-20;0.42;G;
1988-05-21;0.44;G;
1988-05-22;0.41;G;
1988-05-23;0.39;G;
1988-05-24;0.41;G;
1988-05-25;0.33;G;
1988-05-26;0.28;G;
1988-05-27;0.24;G;
1988-05-28;0.26;G;
1988-05-29;0.45;G;
1988-05-30;0.31;G;
1988-05-31;0.28;G;
1988-06-01;0.29;G;
1988-06-02;0.31;G;
1988-06-03;0.33;G;
1988-06-04;0.38;G;
1988-06-05;0.34;G;
1988-06-06;0.24;G;
1988-06-07;0.21;G;
1988-06-08;0.2;G;
1988-06-09;0.17;G;
1988-06-10;0.15;G;
1988-06-11;0.13;G;
1988-06-12;0.12;G;
1988-06-13;0.1;G;
1988-06-14;0.1;G;
1988-06-15;0.08;G;
1988-06-16;0.08;G;
1988-06-17;0.07;G;
1988-06-18;0.07;G;
1988-06-19;0.16;G;
1988-06-20;0.14;G;
1988-06-21;0.11;G;
1988-06-22;0.1;G;
1988-06-23;0.08;G;
1988-06-24;0.12;G;
1988-06-25;0.11;G;
1988-06-26;0.16;G;
1988-06-27;0.14;G;
1988-06-28;0.12;G;
1988-06-29;0.41;G;
1988-06-30;0.2;G;
1988-07-01;0.21;G;
1988-07-02;0.32;G;
1988-07-03;0.35;G;
1988-07-04;0.23;G;
1988-07-05;0.76;G;
1988-07-06;0.59;G;
1988-07-07;0.34;G;
1988-07-08;0.2;G;
1988-07-09;0.26;G;
1988-07-10;0.16;G;
1988-07-11;0.3;G;
1988-07-12;0.19;G;
1988-07-13;0.16;G;
1988-07-14;0.15;G;
1988-07-15;0.15;G;
1988-07-16;1.0;G;
1988-07-17;2.00;G;
1988-07-18;1.10;G;
1988-07-19;1.10;G;
1988-07-20;1.10;G;
1988-07-21;0.76;G;
1988-07-22;0.9;G;
1988-07-23;1.40;G;
1988-07-24;1.10;G;
1988-07-25;0.6;G;
1988-07-26;0.72;G;
1988-07-27;1.30;G;
1988-07-28;0.88;G;
1988-07-29;0.6;G;
1988-07-30;0.82;G;
1988-07-31;1.70;G;
1988-08-01;1.80;G;
1988-08-02;2.00;G;
1988-08-03;1.60;G;
1988-08-04;1.0;G;
1988-08-05;0.83;G;
1988-08-06;0.56;G;
1988-08-07;0.47;G;
1988-08-08;0.39;G;
1988-08-09;0.32;G;
1988-08-10;0.24;G;
1988-08-11;0.2;G;
1988-08-12;0.19;G;
1988-08-13;0.26;G;
1988-08-14;0.2;G;
1988-08-15;0.18;G;
1988-08-16;0.17;G;
1988-08-17;0.16;G;
1988-08-18;0.15;G;
1988-08-19;0.19;G;
1988-08-20;0.16;G;
1988-08-21;0.15;G;
1988-08-22;0.16;G;
1988-08-23;0.38;G;
1988-08-24;0.25;G;
1988-08-25;0.28;G;
1988-08-26;0.22;G;
1988-08-27;0.2;G;
1988-08-28;0.19;G;
1988-08-29;0.24;G;
1988-08-30;0.41;G;
1988-08-31;0.32;G;
1988-09-01;0.29;G;
1988-09-02;0.92;G;
1988-09-03;2.30;G;
1988-09-04;2.10;G;
1988-09-05;1.40;G;
1988-09-06;0.92;G;
1988-09-07;0.63;G;
1988-09-08;0.51;G;
1988-09-09;0.38;G;
1988-09-10;0.3;G;
1988-09-11;0.34;G;
1988-09-12;0.5;G;
1988-09-13;2.20;G;
1988-09-14;2.60;G;
1988-09-15;1.90;G;
1988-09-16;1.40;G;
1988-09-17;0.97;G;
1988-09-18;0.7;G;
1988-09-19;0.56;G;
1988-09-20;0.45;G;
1988-09-21;0.35;G;
1988-09-22;0.32;G;
1988-09-23;0.6;G;
1988-09-24;1.50;G;
1988-09-25;2.40;G;
1988-09-26;3.60;G;
1988-09-27;3.70;G;
1988-09-28;4.60;G;
1988-09-29;4.20;G;
1988-09-30;3.10;G;
1988-10-01;2.30;G;
1988-10-02;1.80;G;
1988-10-03;1.50;G;
1988-10-04;1.30;G;
1988-10-05;1.10;G;
1988-10-06;1.60;G;
1988-10-07;3.50;G;
1988-10-08;5.50;G;
1988-10-09;10.1;G;
1988-10-10;11.8;G;
1988-10-11;8.20;G;
1988-10-12;5.30;G;
1988-10-13;4.50;G;
1988-10-14;3.90;G;
1988-10-15;3.40;G;
1988-10-16;2.90;G;
1988-10-17;2.80;G;
1988-10-18;3.10;G;
1988-10-19;3.60;G;
1988-10-20;2.90;G;
1988-10-21;2.40;G;
1988-10-22;2.20;G;
1988-10-23;2.10;G;
1988-10-24;2.00;G;
1988-10-25;1.60;G;
1988-10-26;1.50;G;
1988-10-27;1.60;G;
1988-10-28;1.50;G;
1988-10-29;1.50;G;
1988-10-30;1.30;G;
1988-10-31;1.40;G;
1988-11-01;2.20;G;
1988-11-02;3.10;G;
1988-11-03;2.20;G;
1988-11-04;1.80;G;
1988-11-05;1.70;G;
1988-11-06;1.60;G;
1988-11-07;2.10;G;
1988-11-08;1.70;G;
1988-11-09;1.50;G;
1988-11-10;1.40;G;
1988-11-11;1.40;G;
1988-11-12;1.40;G;
1988-11-13;1.40;G;
1988-11-14;1.30;G;
1988-11-15;1.10;G;
1988-11-16;1.10;G;
1988-11-17;1.10;G;
1988-11-18;1.40;G;
1988-11-19;1.50;G;
1988-11-20;1.30;G;
1988-11-21;1.0;G;
1988-11-22;0.9;G;
1988-11-23;0.8;G;
1988-11-24;0.92;G;
1988-11-25;1.40;G;
1988-11-26;1.60;G;
1988-11-27;1.60;G;
1988-11-28;3.90;G;
1988-11-29;8.00;G;
1988-11-30;4.70;G;
1988-12-01;3.20;G;
1988-12-02;2.90;G;
1988-12-03;2.20;G;
1988-12-04;2.20;G;
1988-12-05;3.60;G;
1988-12-06;5.10;G;
1988-12-07;3.90;G;
1988-12-08;3.90;G;
1988-12-09;5.00;G;
1988-12-10;4.40;G;
1988-12-11;6.10;G;
1988-12-12;5.70;G;
1988-12-13;4.40;G;
1988-12-14;3.40;G;
1988-12-15;2.60;G;
1988-12-16;2.30;G;
1988-12-17;2.40;G;
1988-12-18;3.60;G;
1988-12-19;6.70;G;
1988-12-20;4.50;G;
1988-12-21;3.70;G;
1988-12-22;4.50;G;
1988-12-23;5.80;G;
1988-12-24;8.80;G;
1988-12-25;7.20;G;
1988-12-26;6.50;G;
1988-12-27;5.70;G;
1988-12-28;4.90;G;
1988-12-29;4.30;G;
1988-12-30;3.90;G;
1988-12-31;3.50;G;
1989-01-01;3.10;G;
1989-01-02;2.80;G;
1989-01-03;2.50;G;
1989-01-04;2.40;G;
1989-01-05;2.30;G;
1989-01-06;2.20;G;
1989-01-07;2.10;G;
1989-01-08;2.00;G;
1989-01-09;2.00;G;
1989-01-10;2.10;G;
1989-01-11;1.90;G;
1989-01-12;1.80;G;
1989-01-13;1.90;G;
1989-01-14;2.20;G;
1989-01-15;2.70;G;
1989-01-16;2.30;G;
1989-01-17;2.20;G;
1989-01-18;2.30;G;
1989-01-19;2.20;G;
1989-01-20;2.10;G;
1989-01-21;2.00;G;
1989-01-22;1.70;G;
1989-01-23;1.60;G;
1989-01-24;2.10;G;
1989-01-25;2.20;G;
1989-01-26;2.00;G;
1989-01-27;1.70;G;
1989-01-28;1.60;G;
1989-01-29;1.60;G;
1989-01-30;1.50;G;
1989-01-31;1.90;G;
1989-02-01;2.10;G;
1989-02-02;1.90;G;
1989-02-03;1.60;G;
1989-02-04;1.80;G;
1989-02-05;2.50;G;
1989-02-06;2.60;G;
1989-02-07;2.40;G;
1989-02-08;2.00;G;
1989-02-09;1.80;G;
1989-02-10;1.50;G;
1989-02-11;1.50;G;
1989-02-12;1.50;G;
1989-02-13;1.70;G;
1989-02-14;2.60;G;
1989-02-15;3.90;G;
1989-02-16;4.50;G;
1989-02-17;3.20;G;
1989-02-18;2.70;G;
1989-02-19;3.70;G;
1989-02-20;3.50;G;
1989-02-21;2.90;G;
1989-02-22;2.60;G;
1989-02-23;2.60;G;
1989-02-24;2.80;G;
1989-02-25;3.20;G;
1989-02-26;3.90;G;
1989-02-27;3.90;G;
1989-02-28;3.80;G;
1989-03-01;3.40;G;
1989-03-02;4.00;G;
1989-03-03;3.60;G;
1989-03-04;3.10;G;
1989-03-05;2.60;G;
1989-03-06;2.40;G;
1989-03-07;2.20;G;
1989-03-08;2.10;G;
1989-03-09;1.90;G;
1989-03-10;1.90;G;
1989-03-11;2.20;G;
1989-03-12;2.20;G;
1989-03-13;3.70;G;
1989-03-14;4.80;G;
1989-03-15;5.10;G;
1989-03-16;5.80;G;
1989-03-17;4.40;G;
1989-03-18;3.50;G;
1989-03-19;3.00;G;
1989-03-20;2.70;G;
1989-03-21;2.80;G;
1989-03-22;5.00;G;
1989-03-23;6.70;G;
1989-03-24;9.60;G;
1989-03-25;9.30;G;
1989-03-26;5.90;G;
1989-03-27;4.40;G;
1989-03-28;3.80;G;
1989-03-29;3.20;G;
1989-03-30;3.00;G;
1989-03-31;3.20;G;
1989-04-01;3.00;G;
1989-04-02;2.70;G;
1989-04-03;2.30;G;
1989-04-04;2.20;G;
1989-04-05;2.20;G;
1989-04-06;4.20;G;
1989-04-07;4.10;G;
1989-04-08;3.40;G;
1989-04-09;2.70;G;
1989-04-10;2.50;G;
1989-04-11;2.20;G;
1989-04-12;2.00;G;
1989-04-13;1.70;G;
1989-04-14;1.40;G;
1989-04-15;1.30;G;
1989-04-16;1.20;G;
1989-04-17;1.20;G;
1989-04-18;1.50;G;
1989-04-19;1.60;G;
1989-04-20;3.50;G;
1989-04-21;3.10;G;
1989-04-22;2.40;G;
1989-04-23;2.00;G;
1989-04-24;1.70;G;
1989-04-25;1.60;G;
1989-04-26;1.50;G;
1989-04-27;1.40;G;
1989-04-28;1.30;G;
1989-04-29;1.10;G;
1989-04-30;0.92;G;
1989-05-01;0.82;G;
1989-05-02;0.71;G;
1989-05-03;0.67;G;
1989-05-04;0.65;G;
1989-05-05;0.56;G;
1989-05-06;0.59;G;
1989-05-07;0.63;G;
1989-05-08;0.6;G;
1989-05-09;0.61;G;
1989-05-10;0.44;G;
1989-05-11;0.44;G;
1989-05-12;0.48;G;
1989-05-13;0.56;G;
1989-05-14;0.59;G;
1989-05-15;0.35;G;
1989-05-16;0.31;G;
1989-05-17;0.25;G;
1989-05-18;0.21;G;
1989-05-19;0.32;G;
1989-05-20;0.2;G;
1989-05-21;0.24;G;
1989-05-22;0.2;G;
1989-05-23;0.16;G;
1989-05-24;0.15;G;
1989-05-25;0.13;G;
1989-05-26;0.11;G;
1989-05-27;0.1;G;
1989-05-28;0.09;G;
1989-05-29;0.1;G;
1989-05-30;0.1;G;
1989-05-31;0.11;G;
1989-06-01;0.1;G;
1989-06-02;0.08;G;
1989-06-03;0.1;G;
1989-06-04;0.13;G;
1989-06-05;0.2;G;
1989-06-06;0.39;G;
1989-06-07;0.48;G;
1989-06-08;0.37;G;
1989-06-09;0.4;G;
1989-06-10;0.56;G;
1989-06-11;0.4;G;
1989-06-12;0.35;G;
1989-06-13;0.3;G;
1989-06-14;0.25;G;
1989-06-15;0.3;G;
1989-06-16;0.3;G;
1989-06-17;0.3;G;
1989-06-18;0.3;G;
1989-06-19;0.3;G;
1989-06-20;0.38;G;
1989-06-21;0.27;G;
1989-06-22;0.16;G;
1989-06-23;0.1;G;
1989-06-24;0.1;G;
1989-06-25;0.08;G;
1989-06-26;0.1;G;
1989-06-27;0.2;G;
1989-06-28;0.15;G;
1989-06-29;0.17;G;
1989-06-30;0.15;G;
1989-07-01;0.072;G;
1989-07-02;0.063;G;
1989-07-03;0.069;G;
1989-07-04;0.055;G;
1989-07-05;0.043;G;
1989-07-06;0.042;G;
1989-07-07;0.048;G;
1989-07-08;0.042;G;
1989-07-09;0.037;G;
1989-07-10;0.043;G;
1989-07-11;0.07;G;
1989-07-12;0.054;G;
1989-07-13;0.093;G;
1989-07-14;0.069;G;
1989-07-15;0.092;G;
1989-07-16;0.244;G;
1989-07-17;0.328;G;
1989-07-18;0.256;G;
1989-07-19;0.144;G;
1989-07-20;0.117;G;
1989-07-21;0.083;G;
1989-07-22;0.074;G;
1989-07-23;0.069;G;
1989-07-24;0.061;G;
1989-07-25;0.053;G;
1989-07-26;0.043;G;
1989-07-27;0.04;G;
1989-07-28;0.041;G;
1989-07-29;0.04;G;
1989-07-30;0.047;G;
1989-07-31;0.293;G;
1989-08-01;0.174;G;
1989-08-02;0.371;G;
1989-08-03;0.307;G;
1989-08-04;0.205;G;
1989-08-05;0.132;G;
1989-08-06;0.115;G;
1989-08-07;0.106;G;
1989-08-08;0.261;G;
1989-08-09;0.155;G;
1989-08-10;0.141;G;
1989-08-11;0.132;G;
1989-08-12;0.126;G;
1989-08-13;0.121;G;
1989-08-14;0.1;G;
1989-08-15;0.084;G;
1989-08-16;0.517;G;
1989-08-17;1.29;G;
1989-08-18;0.869;G;
1989-08-19;0.475;G;
1989-08-20;0.317;G;
1989-08-21;0.264;G;
1989-08-22;0.219;G;
1989-08-23;0.187;G;
1989-08-24;0.154;G;
1989-08-25;0.14;G;
1989-08-26;0.169;G;
1989-08-27;0.121;G;
1989-08-28;0.3;G;
1989-08-29;1.77;G;
1989-08-30;1.84;G;
1989-08-31;0.918;G;
1989-09-01;0.583;G;
1989-09-02;0.518;G;
1989-09-03;0.431;G;
1989-09-04;0.286;G;
1989-09-05;0.258;G;
1989-09-06;0.197;G;
1989-09-07;0.186;G;
1989-09-08;0.191;G;
1989-09-09;0.169;G;
1989-09-10;0.147;G;
1989-09-11;0.158;G;
1989-09-12;0.148;G;
1989-09-13;0.162;G;
1989-09-14;0.146;G;
1989-09-15;0.159;G;
1989-09-16;0.189;G;
1989-09-17;0.159;G;
1989-09-18;0.193;G;
1989-09-19;0.177;G;
1989-09-20;0.165;G;
1989-09-21;0.157;G;
1989-09-22;0.13;G;
1989-09-23;0.116;G;
1989-09-24;0.124;G;
1989-09-25;0.163;G;
1989-09-26;0.15;G;
1989-09-27;0.132;G;
1989-09-28;0.158;G;
1989-09-29;0.149;G;
1989-09-30;0.129;G;
1989-10-01;0.113;G;
1989-10-02;0.119;G;
1989-10-03;0.122;G;
1989-10-04;0.121;G;
1989-10-05;0.121;G;
1989-10-06;0.133;G;
1989-10-07;0.176;G;
1989-10-08;0.2;G;
1989-10-09;0.187;G;
1989-10-10;0.182;G;
1989-10-11;0.25;G;
1989-10-12;0.271;G;
1989-10-13;0.381;G;
1989-10-14;0.393;G;
1989-10-15;0.346;G;
1989-10-16;0.547;G;
1989-10-17;0.768;G;
1989-10-18;0.941;G;
1989-10-19;0.73;G;
1989-10-20;0.652;G;
1989-10-21;1.08;G;
1989-10-22;1.60;G;
1989-10-23;1.23;G;
1989-10-24;1.51;G;
1989-10-25;1.95;G;
1989-10-26;1.73;G;
1989-10-27;1.72;G;
1989-10-28;1.40;G;
1989-10-29;1.07;G;
1989-10-30;1.04;G;
1989-10-31;1.35;G;
1989-11-01;1.25;G;
1989-11-02;1.05;G;
1989-11-03;0.912;G;
1989-11-04;0.882;G;
1989-11-05;0.912;G;
1989-11-06;0.909;G;
1989-11-07;2.88;G;
1989-11-08;3.40;G;
1989-11-09;2.47;G;
1989-11-10;1.95;G;
1989-11-11;1.61;G;
1989-11-12;1.36;G;
1989-11-13;1.13;G;
1989-11-14;1.0;G;
1989-11-15;0.925;G;
1989-11-16;0.728;G;
1989-11-17;0.675;G;
1989-11-18;0.619;G;
1989-11-19;0.574;G;
1989-11-20;0.577;G;
1989-11-21;0.558;G;
1989-11-22;0.585;G;
1989-11-23;0.483;G;
1989-11-24;0.547;G;
1989-11-25;0.495;G;
1989-11-26;0.538;G;
1989-11-27;0.409;G;
1989-11-28;0.365;G;
1989-11-29;0.343;G;
1989-11-30;0.332;G;
1989-12-01;0.327;G;
1989-12-02;0.305;G;
1989-12-03;0.347;G;
1989-12-04;0.48;G;
1989-12-05;0.574;G;
1989-12-06;0.492;G;
1989-12-07;0.448;G;
1989-12-08;0.49;G;
1989-12-09;0.372;G;
1989-12-10;0.498;G;
1989-12-11;0.406;G;
1989-12-12;0.362;G;
1989-12-13;0.314;G;
1989-12-14;0.343;G;
1989-12-15;0.265;G;
1989-12-16;0.375;G;
1989-12-17;1.30;G;
1989-12-18;4.99;G;
1989-12-19;4.68;G;
1989-12-20;3.99;G;
1989-12-21;6.64;G;
1989-12-22;9.68;G;
1989-12-23;8.65;G;
1989-12-24;6.88;G;
1989-12-25;4.84;G;
1989-12-26;3.74;G;
1989-12-27;3.09;G;
1989-12-28;2.54;G;
1989-12-29;2.03;G;
1989-12-30;1.76;G;
1989-12-31;1.53;G;
1990-01-01;1.42;G;
1990-01-02;1.22;G;
1990-01-03;1.03;G;
1990-01-04;0.889;G;
1990-01-05;0.867;G;
1990-01-06;0.744;G;
1990-01-07;0.779;G;
1990-01-08;1.03;G;
1990-01-09;1.55;G;
1990-01-10;1.70;G;
1990-01-11;2.15;G;
1990-01-12;2.36;G;
1990-01-13;2.29;G;
1990-01-14;2.30;G;
1990-01-15;2.84;G;
1990-01-16;4.58;G;
1990-01-17;5.02;G;
1990-01-18;4.45;G;
1990-01-19;3.18;G;
1990-01-20;2.92;G;
1990-01-21;2.70;G;
1990-01-22;3.10;G;
1990-01-23;4.54;G;
1990-01-24;6.49;G;
1990-01-25;6.29;G;
1990-01-26;11.1;G;
1990-01-27;7.97;G;
1990-01-28;6.06;G;
1990-01-29;5.45;G;
1990-01-30;4.12;G;
1990-01-31;3.35;G;
1990-02-01;2.85;G;
1990-02-02;2.57;G;
1990-02-03;2.90;G;
1990-02-04;4.65;G;
1990-02-05;4.23;G;
1990-02-06;3.38;G;
1990-02-07;3.10;G;
1990-02-08;10.1;G;
1990-02-09;8.48;G;
1990-02-10;5.42;G;
1990-02-11;4.48;G;
1990-02-12;4.17;G;
1990-02-13;4.41;G;
1990-02-14;4.50;G;
1990-02-15;3.59;G;
1990-02-16;2.99;G;
1990-02-17;2.57;G;
1990-02-18;2.63;G;
1990-02-19;2.64;G;
1990-02-20;2.70;G;
1990-02-21;2.66;G;
1990-02-22;2.39;G;
1990-02-23;2.12;G;
1990-02-24;1.91;G;
1990-02-25;1.71;G;
1990-02-26;2.53;G;
1990-02-27;5.37;G;
1990-02-28;4.99;G;
1990-03-01;7.57;G;
1990-03-02;6.75;G;
1990-03-03;4.41;G;
1990-03-04;5.42;G;
1990-03-05;7.27;G;
1990-03-06;6.11;G;
1990-03-07;5.58;G;
1990-03-08;4.50;G;
1990-03-09;4.44;G;
1990-03-10;5.80;G;
1990-03-11;5.53;G;
1990-03-12;5.56;G;
1990-03-13;3.96;G;
1990-03-14;2.90;G;
1990-03-15;2.46;G;
1990-03-16;2.17;G;
1990-03-17;1.94;G;
1990-03-18;1.60;G;
1990-03-19;1.46;G;
1990-03-20;2.17;G;
1990-03-21;2.14;G;
1990-03-22;1.88;G;
1990-03-23;1.55;G;
1990-03-24;1.56;G;
1990-03-25;2.18;G;
1990-03-26;1.87;G;
1990-03-27;1.44;G;
1990-03-28;1.22;G;
1990-03-29;1.04;G;
1990-03-30;0.979;G;
1990-03-31;0.902;G;
1990-04-01;0.796;G;
1990-04-02;0.77;G;
1990-04-03;0.758;G;
1990-04-04;0.702;G;
1990-04-05;0.629;G;
1990-04-06;0.628;G;
1990-04-07;0.6;G;
1990-04-08;0.543;G;
1990-04-09;0.508;G;
1990-04-10;0.511;G;
1990-04-11;0.633;G;
1990-04-12;0.619;G;
1990-04-13;0.61;G;
1990-04-14;0.602;G;
1990-04-15;0.696;G;
1990-04-16;0.786;G;
1990-04-17;0.656;G;
1990-04-18;0.57;G;
1990-04-19;0.516;G;
1990-04-20;0.562;G;
1990-04-21;0.517;G;
1990-04-22;0.507;G;
1990-04-23;0.448;G;
1990-04-24;0.407;G;
1990-04-25;0.358;G;
1990-04-26;0.354;G;
1990-04-27;0.555;G;
1990-04-28;0.602;G;
1990-04-29;0.496;G;
1990-04-30;0.415;G;
1990-05-01;0.392;G;
1990-05-02;0.321;G;
1990-05-03;0.289;G;
1990-05-04;0.304;G;
1990-05-05;0.258;G;
1990-05-06;0.245;G;
1990-05-07;0.229;G;
1990-05-08;0.206;G;
1990-05-09;0.199;G;
1990-05-10;0.199;G;
1990-05-11;0.199;G;
1990-05-12;0.199;G;
1990-05-13;0.222;G;
1990-05-14;0.296;G;
1990-05-15;0.235;G;
1990-05-16;0.369;G;
1990-05-17;0.652;G;
1990-05-18;0.759;G;
1990-05-19;0.433;G;
1990-05-20;0.295;G;
1990-05-21;0.272;G;
1990-05-22;0.248;G;
1990-05-23;0.241;G;
1990-05-24;0.223;G;
1990-05-25;0.321;G;
1990-05-26;0.214;G;
1990-05-27;0.182;G;
1990-05-28;0.177;G;
1990-05-29;0.167;G;
1990-05-30;0.153;G;
1990-05-31;0.138;G;
1990-06-01;0.138;G;
1990-06-02;0.142;G;
1990-06-03;0.139;G;
1990-06-04;0.358;G;
1990-06-05;0.291;G;
1990-06-06;0.252;G;
1990-06-07;0.155;G;
1990-06-08;0.116;G;
1990-06-09;0.095;G;
1990-06-10;0.081;G;
1990-06-11;0.083;G;
1990-06-12;0.061;G;
1990-06-13;0.045;G;
1990-06-14;0.059;G;
1990-06-15;0.085;G;
1990-06-16;0.054;G;
1990-06-17;0.06;G;
1990-06-18;0.059;G;
1990-06-19;0.041;G;
1990-06-20;0.099;G;
1990-06-21;0.137;G;
1990-06-22;0.092;G;
1990-06-23;0.074;G;
1990-06-24;0.071;G;
1990-06-25;0.067;G;
1990-06-26;0.042;G;
1990-06-27;0.044;G;
1990-06-28;0.127;G;
1990-06-29;0.068;G;
1990-06-30;0.057;G;
1990-07-01;0.204;G;
1990-07-02;0.084;G;
1990-07-03;0.079;G;
1990-07-04;0.066;G;
1990-07-05;0.4;G;
1990-07-06;0.385;G;
1990-07-07;0.759;G;
1990-07-08;0.442;G;
1990-07-09;0.283;G;
1990-07-10;0.224;G;
1990-07-11;0.163;G;
1990-07-12;0.114;G;
1990-07-13;0.113;G;
1990-07-14;0.085;G;
1990-07-15;0.077;G;
1990-07-16;0.068;G;
1990-07-17;0.056;G;
1990-07-18;0.109;G;
1990-07-19;0.085;G;
1990-07-20;0.082;G;
1990-07-21;0.053;G;
1990-07-22;0.071;G;
1990-07-23;0.083;G;
1990-07-24;0.117;G;
1990-07-25;0.118;G;
1990-07-26;0.09;G;
1990-07-27;0.073;G;
1990-07-28;0.063;G;
1990-07-29;0.048;G;
1990-07-30;0.059;G;
1990-07-31;0.043;G;
1990-08-01;0.06;G;
1990-08-02;0.058;G;
1990-08-03;0.043;G;
1990-08-04;0.033;G;
1990-08-05;0.033;G;
1990-08-06;0.043;G;
1990-08-07;0.04;G;
1990-08-08;0.042;G;
1990-08-09;0.047;G;
1990-08-10;0.037;G;
1990-08-11;0.032;G;
1990-08-12;0.035;G;
1990-08-13;0.039;G;
1990-08-14;0.038;G;
1990-08-15;0.05;G;
1990-08-16;0.19;G;
1990-08-17;0.051;G;
1990-08-18;0.067;G;
1990-08-19;0.044;G;
1990-08-20;0.1;G;
1990-08-21;0.052;G;
1990-08-22;0.038;G;
1990-08-23;0.042;G;
1990-08-24;0.034;G;
1990-08-25;0.028;G;
1990-08-26;0.03;G;
1990-08-27;0.029;G;
1990-08-28;0.03;G;
1990-08-29;0.031;G;
1990-08-30;0.026;G;
1990-08-31;0.03;G;
1990-09-01;0.045;G;
1990-09-02;0.036;G;
1990-09-03;0.031;G;
1990-09-04;0.026;G;
1990-09-05;0.034;G;
1990-09-06;0.029;G;
1990-09-07;0.025;G;
1990-09-08;0.029;G;
1990-09-09;0.043;G;
1990-09-10;0.039;G;
1990-09-11;0.023;G;
1990-09-12;0.025;G;
1990-09-13;0.031;G;
1990-09-14;0.022;G;
1990-09-15;0.023;G;
1990-09-16;0.021;G;
1990-09-17;0.023;G;
1990-09-18;0.033;G;
1990-09-19;0.1;G;
1990-09-20;0.047;G;
1990-09-21;0.282;G;
1990-09-22;0.198;G;
1990-09-23;0.181;G;
1990-09-24;0.615;G;
1990-09-25;1.50;G;
1990-09-26;1.64;G;
1990-09-27;1.14;G;
1990-09-28;0.733;G;
1990-09-29;0.774;G;
1990-09-30;0.714;G;
1990-10-01;0.857;G;
1990-10-02;0.773;G;
1990-10-03;0.612;G;
1990-10-04;0.595;G;
1990-10-05;0.766;G;
1990-10-06;2.90;G;
1990-10-07;3.98;G;
1990-10-08;3.03;G;
1990-10-09;2.20;G;
1990-10-10;1.74;G;
1990-10-11;1.65;G;
1990-10-12;2.85;G;
1990-10-13;2.75;G;
1990-10-14;2.02;G;
1990-10-15;1.56;G;
1990-10-16;1.30;G;
1990-10-17;1.09;G;
1990-10-18;0.916;G;
1990-10-19;0.798;G;
1990-10-20;0.687;G;
1990-10-21;0.653;G;
1990-10-22;0.577;G;
1990-10-23;0.549;G;
1990-10-24;0.576;G;
1990-10-25;0.536;G;
1990-10-26;0.511;G;
1990-10-27;0.504;G;
1990-10-28;0.528;G;
1990-10-29;0.654;G;
1990-10-30;0.918;G;
1990-10-31;1.04;G;
1990-11-01;1.30;G;
1990-11-02;1.87;G;
1990-11-03;1.70;G;
1990-11-04;1.46;G;
1990-11-05;1.14;G;
1990-11-06;0.908;G;
1990-11-07;0.793;G;
1990-11-08;0.713;G;
1990-11-09;0.64;G;
1990-11-10;0.639;G;
1990-11-11;0.655;G;
1990-11-12;0.601;G;
1990-11-13;0.55;G;
1990-11-14;0.654;G;
1990-11-15;1.04;G;
1990-11-16;1.88;G;
1990-11-17;5.67;G;
1990-11-18;4.29;G;
1990-11-19;2.99;G;
1990-11-20;2.57;G;
1990-11-21;6.12;G;
1990-11-22;5.98;G;
1990-11-23;4.00;G;
1990-11-24;6.42;G;
1990-11-25;6.02;G;
1990-11-26;4.59;G;
1990-11-27;6.54;G;
1990-11-28;5.91;G;
1990-11-29;4.65;G;
1990-11-30;4.35;G;
1990-12-01;2.96;G;
1990-12-02;2.36;G;
1990-12-03;2.43;G;
1990-12-04;2.59;G;
1990-12-05;2.24;G;
1990-12-06;1.62;G;
1990-12-07;1.53;G;
1990-12-08;1.72;G;
1990-12-09;1.61;G;
1990-12-10;1.48;G;
1990-12-11;1.39;G;
1990-12-12;1.38;G;
1990-12-13;1.46;G;
1990-12-14;1.46;G;
1990-12-15;1.18;G;
1990-12-16;0.999;G;
1990-12-17;0.911;G;
1990-12-18;0.908;G;
1990-12-19;0.818;G;
1990-12-20;0.872;G;
1990-12-21;1.02;G;
1990-12-22;1.05;G;
1990-12-23;1.04;G;
1990-12-24;1.03;G;
1990-12-25;1.43;G;
1990-12-26;1.40;G;
1990-12-27;1.32;G;
1990-12-28;3.96;G;
1990-12-29;6.33;G;
1990-12-30;7.26;G;
1990-12-31;5.46;G;
1991-01-01;4.44;G;
1991-01-02;5.47;G;
1991-01-03;6.93;G;
1991-01-04;6.27;G;
1991-01-05;5.46;G;
1991-01-06;6.20;G;
1991-01-07;11.5;G;
1991-01-08;10.3;G;
1991-01-09;13.0;G;
1991-01-10;13.7;G;
1991-01-11;11.5;G;
1991-01-12;7.68;G;
1991-01-13;5.29;G;
1991-01-14;4.03;G;
1991-01-15;3.10;G;
1991-01-16;2.40;G;
1991-01-17;1.84;G;
1991-01-18;1.40;G;
1991-01-19;1.29;G;
1991-01-20;1.18;G;
1991-01-21;1.68;G;
1991-01-22;1.83;G;
1991-01-23;1.64;G;
1991-01-24;2.00;G;
1991-01-25;1.92;G;
1991-01-26;2.09;G;
1991-01-27;2.06;G;
1991-01-28;1.78;G;
1991-01-29;1.58;G;
1991-01-30;1.20;G;
1991-01-31;0.9;G;
1991-02-01;0.7;G;
1991-02-02;0.6;G;
1991-02-03;0.54;G;
1991-02-04;0.475;G;
1991-02-05;0.507;G;
1991-02-06;0.469;G;
1991-02-07;0.521;G;
1991-02-08;0.529;G;
1991-02-09;0.515;G;
1991-02-10;0.465;G;
1991-02-11;0.466;G;
1991-02-12;0.41;G;
1991-02-13;0.4;G;
1991-02-14;0.39;G;
1991-02-15;0.39;G;
1991-02-16;0.38;G;
1991-02-17;0.37;G;
1991-02-18;0.791;G;
1991-02-19;0.578;G;
1991-02-20;0.536;G;
1991-02-21;0.542;G;
1991-02-22;0.514;G;
1991-02-23;1.69;G;
1991-02-24;12.9;G;
1991-02-25;14.9;G;
1991-02-26;11.4;G;
1991-02-27;6.16;G;
1991-02-28;3.97;G;
1991-03-01;3.00;G;
1991-03-02;2.57;G;
1991-03-03;2.23;G;
1991-03-04;2.16;G;
1991-03-05;2.15;G;
1991-03-06;2.15;G;
1991-03-07;2.27;G;
1991-03-08;2.25;G;
1991-03-09;2.15;G;
1991-03-10;2.15;G;
1991-03-11;2.22;G;
1991-03-12;2.51;G;
1991-03-13;2.46;G;
1991-03-14;2.33;G;
1991-03-15;2.22;G;
1991-03-16;2.11;G;
1991-03-17;1.84;G;
1991-03-18;1.65;G;
1991-03-19;1.79;G;
1991-03-20;4.52;G;
1991-03-21;5.78;G;
1991-03-22;4.40;G;
1991-03-23;3.21;G;
1991-03-24;2.46;G;
1991-03-25;2.02;G;
1991-03-26;1.68;G;
1991-03-27;1.49;G;
1991-03-28;1.26;G;
1991-03-29;1.07;G;
1991-03-30;0.992;G;
1991-03-31;0.964;G;
1991-04-01;0.964;G;
1991-04-02;1.52;G;
1991-04-03;1.74;G;
1991-04-04;1.58;G;
1991-04-05;6.17;G;
1991-04-06;4.48;G;
1991-04-07;2.91;G;
1991-04-08;2.50;G;
1991-04-09;2.98;G;
1991-04-10;2.54;G;
1991-04-11;1.99;G;
1991-04-12;1.62;G;
1991-04-13;1.38;G;
1991-04-14;1.14;G;
1991-04-15;0.986;G;
1991-04-16;0.865;G;
1991-04-17;0.764;G;
1991-04-18;0.659;G;
1991-04-19;0.63;G;
1991-04-20;0.579;G;
1991-04-21;0.575;G;
1991-04-22;0.63;G;
1991-04-23;0.644;G;
1991-04-24;0.609;G;
1991-04-25;0.599;G;
1991-04-26;0.683;G;
1991-04-27;0.665;G;
1991-04-28;0.598;G;
1991-04-29;0.556;G;
1991-04-30;0.878;G;
1991-05-01;1.17;G;
1991-05-02;1.02;G;
1991-05-03;1.24;G;
1991-05-04;2.15;G;
1991-05-05;9.47;G;
1991-05-06;9.12;G;
1991-05-07;4.57;G;
1991-05-08;3.11;G;
1991-05-09;2.35;G;
1991-05-10;1.80;G;
1991-05-11;1.42;G;
1991-05-12;1.18;G;
1991-05-13;0.946;G;
1991-05-14;0.838;G;
1991-05-15;0.742;G;
1991-05-16;0.722;G;
1991-05-17;0.68;G;
1991-05-18;0.665;G;
1991-05-19;0.785;G;
1991-05-20;0.722;G;
1991-05-21;0.647;G;
1991-05-22;0.572;G;
1991-05-23;0.563;G;
1991-05-24;0.452;G;
1991-05-25;0.535;G;
1991-05-26;0.463;G;
1991-05-27;0.472;G;
1991-05-28;0.425;G;
1991-05-29;0.38;G;
1991-05-30;0.31;G;
1991-05-31;0.309;G;
1991-06-01;0.351;G;
1991-06-02;0.306;G;
1991-06-03;0.298;G;
1991-06-04;0.483;G;
1991-06-05;0.995;G;
1991-06-06;0.902;G;
1991-06-07;0.619;G;
1991-06-08;0.54;G;
1991-06-09;0.46;G;
1991-06-10;0.415;G;
1991-06-11;0.372;G;
1991-06-12;0.384;G;
1991-06-13;0.49;G;
1991-06-14;0.504;G;
1991-06-15;0.498;G;
1991-06-16;0.876;G;
1991-06-17;1.34;G;
1991-06-18;1.74;G;
1991-06-19;3.41;G;
1991-06-20;2.17;G;
1991-06-21;1.57;G;
1991-06-22;1.19;G;
1991-06-23;1.14;G;
1991-06-24;1.03;G;
1991-06-25;1.23;G;
1991-06-26;2.20;G;
1991-06-27;3.28;G;
1991-06-28;2.75;G;
1991-06-29;10.2;G;
1991-06-30;8.27;G;
1991-07-01;4.40;G;
1991-07-02;3.09;G;
1991-07-03;2.25;G;
1991-07-04;1.57;G;
1991-07-05;1.01;G;
1991-07-06;0.722;G;
1991-07-07;0.576;G;
1991-07-08;0.462;G;
1991-07-09;1.30;G;
1991-07-10;1.27;G;
1991-07-11;0.781;G;
1991-07-12;0.594;G;
1991-07-13;0.47;G;
1991-07-14;0.413;G;
1991-07-15;0.369;G;
1991-07-16;0.36;G;
1991-07-17;0.378;G;
1991-07-18;0.325;G;
1991-07-19;0.33;G;
1991-07-20;0.445;G;
1991-07-21;0.421;G;
1991-07-22;0.326;G;
1991-07-23;0.272;G;
1991-07-24;0.307;G;
1991-07-25;0.234;G;
1991-07-26;0.221;G;
1991-07-27;0.184;G;
1991-07-28;0.139;G;
1991-07-29;0.103;G;
1991-07-30;0.104;G;
1991-07-31;0.09;G;
1991-08-01;0.09;G;
1991-08-02;0.095;G;
1991-08-03;0.094;G;
1991-08-04;0.134;G;
1991-08-05;0.148;G;
1991-08-06;0.14;G;
1991-08-07;0.233;G;
1991-08-08;0.172;G;
1991-08-09;0.168;G;
1991-08-10;0.141;G;
1991-08-11;0.129;G;
1991-08-12;0.12;G;
1991-08-13;0.139;G;
1991-08-14;0.123;G;
1991-08-15;0.118;G;
1991-08-16;0.195;G;
1991-08-17;0.416;G;
1991-08-18;0.338;G;
1991-08-19;0.328;G;
1991-08-20;0.283;G;
1991-08-21;0.257;G;
1991-08-22;0.201;G;
1991-08-23;0.162;G;
1991-08-24;0.176;G;
1991-08-25;0.164;G;
1991-08-26;0.153;G;
1991-08-27;0.135;G;
1991-08-28;0.16;G;
1991-08-29;0.137;G;
1991-08-30;0.131;G;
1991-08-31;0.12;G;
1991-09-01;0.113;G;
1991-09-02;0.093;G;
1991-09-03;0.078;G;
1991-09-04;0.086;G;
1991-09-05;0.078;G;
1991-09-06;0.086;G;
1991-09-07;0.075;G;
1991-09-08;0.084;G;
1991-09-09;0.082;G;
1991-09-10;0.071;G;
1991-09-11;0.09;G;
1991-09-12;0.101;G;
1991-09-13;0.075;G;
1991-09-14;0.073;G;
1991-09-15;0.089;G;
1991-09-16;0.061;G;
1991-09-17;0.106;G;
1991-09-18;0.115;G;
1991-09-19;0.082;G;
1991-09-20;0.095;G;
1991-09-21;0.152;G;
1991-09-22;0.307;G;
1991-09-23;0.17;G;
1991-09-24;0.181;G;
1991-09-25;0.222;G;
1991-09-26;0.469;G;
1991-09-27;0.708;G;
1991-09-28;0.627;G;
1991-09-29;0.459;G;
1991-09-30;0.357;G;
1991-10-01;0.44;G;
1991-10-02;0.417;G;
1991-10-03;0.441;G;
1991-10-04;0.567;G;
1991-10-05;0.583;G;
1991-10-06;0.535;G;
1991-10-07;0.441;G;
1991-10-08;0.395;G;
1991-10-09;0.32;G;
1991-10-10;0.258;G;
1991-10-11;0.305;G;
1991-10-12;0.311;G;
1991-10-13;0.276;G;
1991-10-14;0.31;G;
1991-10-15;0.386;G;
1991-10-16;0.395;G;
1991-10-17;0.495;G;
1991-10-18;1.32;G;
1991-10-19;3.68;G;
1991-10-20;2.96;G;
1991-10-21;2.18;G;
1991-10-22;1.60;G;
1991-10-23;1.20;G;
1991-10-24;0.984;G;
1991-10-25;0.78;G;
1991-10-26;0.713;G;
1991-10-27;0.647;G;
1991-10-28;0.597;G;
1991-10-29;0.531;G;
1991-10-30;0.519;G;
1991-10-31;0.491;G;
1991-11-01;0.455;G;
1991-11-02;0.549;G;
1991-11-03;0.782;G;
1991-11-04;1.48;G;
1991-11-05;2.85;G;
1991-11-06;3.67;G;
1991-11-07;6.45;G;
1991-11-08;7.20;G;
1991-11-09;5.20;G;
1991-11-10;4.53;G;
1991-11-11;7.50;G;
1991-11-12;8.36;G;
1991-11-13;7.19;G;
1991-11-14;6.09;G;
1991-11-15;4.54;G;
1991-11-16;3.84;G;
1991-11-17;3.18;G;
1991-11-18;2.84;G;
1991-11-19;2.56;G;
1991-11-20;2.17;G;
1991-11-21;1.73;G;
1991-11-22;1.48;G;
1991-11-23;1.67;G;
1991-11-24;1.81;G;
1991-11-25;1.67;G;
1991-11-26;1.46;G;
1991-11-27;1.57;G;
1991-11-28;2.13;G;
1991-11-29;1.95;G;
1991-11-30;1.77;G;
1991-12-01;1.54;G;
1991-12-02;1.38;G;
1991-12-03;1.27;G;
1991-12-04;1.26;G;
1991-12-05;1.09;G;
1991-12-06;0.923;G;
1991-12-07;0.818;G;
1991-12-08;0.744;G;
1991-12-09;0.672;G;
1991-12-10;0.585;G;
1991-12-11;0.573;G;
1991-12-12;0.591;G;
1991-12-13;0.616;G;
1991-12-14;0.901;G;
1991-12-15;1.15;G;
1991-12-16;1.16;G;
1991-12-17;1.08;G;
1991-12-18;3.91;G;
1991-12-19;5.38;G;
1991-12-20;6.60;G;
1991-12-21;6.35;G;
1991-12-22;4.58;G;
1991-12-23;7.70;G;
1991-12-24;11.7;G;
1991-12-25;7.37;G;
1991-12-26;6.90;G;
1991-12-27;9.14;G;
1991-12-28;5.73;G;
1991-12-29;5.12;G;
1991-12-30;4.38;G;
1991-12-31;3.22;G;
1992-01-01;2.79;G;
1992-01-02;4.16;G;
1992-01-03;4.38;G;
1992-01-04;6.32;G;
1992-01-05;6.42;G;
1992-01-06;4.16;G;
1992-01-07;3.45;G;
1992-01-08;3.35;G;
1992-01-09;5.29;G;
1992-01-10;5.08;G;
1992-01-11;3.29;G;
1992-01-12;3.37;G;
1992-01-13;2.93;G;
1992-01-14;2.77;G;
1992-01-15;2.88;G;
1992-01-16;2.66;G;
1992-01-17;2.34;G;
1992-01-18;1.95;G;
1992-01-19;2.64;G;
1992-01-20;2.67;G;
1992-01-21;1.94;G;
1992-01-22;1.46;G;
1992-01-23;1.59;G;
1992-01-24;1.38;G;
1992-01-25;0.927;G;
1992-01-26;0.866;G;
1992-01-27;0.849;G;
1992-01-28;0.808;G;
1992-01-29;1.21;G;
1992-01-30;1.27;G;
1992-01-31;1.13;G;
1992-02-01;1.08;G;
1992-02-02;1.19;G;
1992-02-03;1.78;G;
1992-02-04;2.02;G;
1992-02-05;1.95;G;
1992-02-06;1.99;G;
1992-02-07;5.54;G;
1992-02-08;5.52;G;
1992-02-09;4.16;G;
1992-02-10;3.53;G;
1992-02-11;3.72;G;
1992-02-12;3.04;G;
1992-02-13;3.37;G;
1992-02-14;3.84;G;
1992-02-15;4.40;G;
1992-02-16;6.69;G;
1992-02-17;4.72;G;
1992-02-18;3.50;G;
1992-02-19;2.71;G;
1992-02-20;2.22;G;
1992-02-21;2.46;G;
1992-02-22;3.32;G;
1992-02-23;9.10;G;
1992-02-24;6.86;G;
1992-02-25;4.65;G;
1992-02-26;3.67;G;
1992-02-27;3.04;G;
1992-02-28;2.67;G;
1992-02-29;2.40;G;
1992-03-01;2.21;G;
1992-03-02;2.13;G;
1992-03-03;3.01;G;
1992-03-04;4.37;G;
1992-03-05;3.42;G;
1992-03-06;2.82;G;
1992-03-07;2.43;G;
1992-03-08;2.10;G;
1992-03-09;1.88;G;
1992-03-10;1.70;G;
1992-03-11;1.92;G;
1992-03-12;3.89;G;
1992-03-13;8.29;G;
1992-03-14;5.54;G;
1992-03-15;3.60;G;
1992-03-16;2.66;G;
1992-03-17;2.55;G;
1992-03-18;4.68;G;
1992-03-19;4.25;G;
1992-03-20;4.57;G;
1992-03-21;5.56;G;
1992-03-22;5.08;G;
1992-03-23;7.12;G;
1992-03-24;7.03;G;
1992-03-25;4.87;G;
1992-03-26;3.69;G;
1992-03-27;2.96;G;
1992-03-28;3.07;G;
1992-03-29;4.01;G;
1992-03-30;3.26;G;
1992-03-31;2.55;G;
1992-04-01;2.22;G;
1992-04-02;2.93;G;
1992-04-03;3.57;G;
1992-04-04;2.74;G;
1992-04-05;2.47;G;
1992-04-06;2.49;G;
1992-04-07;2.23;G;
1992-04-08;2.06;G;
1992-04-09;1.81;G;
1992-04-10;1.50;G;
1992-04-11;1.38;G;
1992-04-12;1.28;G;
1992-04-13;1.25;G;
1992-04-14;1.28;G;
1992-04-15;1.28;G;
1992-04-16;1.49;G;
1992-04-17;2.06;G;
1992-04-18;1.91;G;
1992-04-19;2.39;G;
1992-04-20;1.96;G;
1992-04-21;1.50;G;
1992-04-22;1.31;G;
1992-04-23;1.14;G;
1992-04-24;0.964;G;
1992-04-25;0.902;G;
1992-04-26;0.873;G;
1992-04-27;1.46;G;
1992-04-28;1.79;G;
1992-04-29;1.53;G;
1992-04-30;1.31;G;
1992-05-01;1.18;G;
1992-05-02;1.18;G;
1992-05-03;1.03;G;
1992-05-04;0.918;G;
1992-05-05;0.781;G;
1992-05-06;0.714;G;
1992-05-07;0.689;G;
1992-05-08;0.912;G;
1992-05-09;1.36;G;
1992-05-10;1.42;G;
1992-05-11;1.01;G;
1992-05-12;0.903;G;
1992-05-13;1.06;G;
1992-05-14;0.954;G;
1992-05-15;0.703;G;
1992-05-16;0.574;G;
1992-05-17;0.517;G;
1992-05-18;0.441;G;
1992-05-19;0.376;G;
1992-05-20;0.346;G;
1992-05-21;0.306;G;
1992-05-22;0.266;G;
1992-05-23;0.248;G;
1992-05-24;0.215;G;
1992-05-25;0.199;G;
1992-05-26;0.199;G;
1992-05-27;0.181;G;
1992-05-28;0.153;G;
1992-05-29;0.156;G;
1992-05-30;0.156;G;
1992-05-31;0.15;G;
1992-06-01;0.138;G;
1992-06-02;0.127;G;
1992-06-03;0.108;G;
1992-06-04;0.08;G;
1992-06-05;0.079;G;
1992-06-06;0.077;G;
1992-06-07;0.067;G;
1992-06-08;0.063;G;
1992-06-09;0.058;G;
1992-06-10;0.067;G;
1992-06-11;0.067;G;
1992-06-12;0.069;G;
1992-06-13;0.064;G;
1992-06-14;0.049;G;
1992-06-15;0.049;G;
1992-06-16;0.055;G;
1992-06-17;0.055;G;
1992-06-18;0.082;G;
1992-06-19;0.06;G;
1992-06-20;0.057;G;
1992-06-21;0.057;G;
1992-06-22;0.063;G;
1992-06-23;0.054;G;
1992-06-24;0.058;G;
1992-06-25;0.049;G;
1992-06-26;0.05;G;
1992-06-27;0.048;G;
1992-06-28;0.042;G;
1992-06-29;0.065;G;
1992-06-30;0.073;G;
1992-07-01;0.086;G;
1992-07-02;0.099;G;
1992-07-03;0.084;G;
1992-07-04;0.079;G;
1992-07-05;0.08;G;
1992-07-06;0.079;G;
1992-07-07;0.056;G;
1992-07-08;0.068;G;
1992-07-09;0.073;G;
1992-07-10;0.056;G;
1992-07-11;0.049;G;
1992-07-12;0.106;G;
1992-07-13;0.104;G;
1992-07-14;0.188;G;
1992-07-15;0.098;G;
1992-07-16;0.082;G;
1992-07-17;0.117;G;
1992-07-18;0.158;G;
1992-07-19;0.094;G;
1992-07-20;0.084;G;
1992-07-21;0.082;G;
1992-07-22;0.098;G;
1992-07-23;0.071;G;
1992-07-24;0.075;G;
1992-07-25;0.072;G;
1992-07-26;0.135;G;
1992-07-27;0.116;G;
1992-07-28;0.119;G;
1992-07-29;0.095;G;
1992-07-30;0.077;G;
1992-07-31;0.073;G;
1992-08-01;0.064;G;
1992-08-02;0.057;G;
1992-08-03;0.06;G;
1992-08-04;0.073;G;
1992-08-05;0.076;G;
1992-08-06;0.062;G;
1992-08-07;0.048;G;
1992-08-08;0.05;G;
1992-08-09;0.058;G;
1992-08-10;0.063;G;
1992-08-11;0.063;G;
1992-08-12;0.115;G;
1992-08-13;0.251;G;
1992-08-14;0.083;G;
1992-08-15;0.081;G;
1992-08-16;0.078;G;
1992-08-17;0.118;G;
1992-08-18;0.091;G;
1992-08-19;0.078;G;
1992-08-20;0.081;G;
1992-08-21;0.168;G;
1992-08-22;0.129;G;
1992-08-23;0.22;G;
1992-08-24;0.099;G;
1992-08-25;0.165;G;
1992-08-26;0.108;G;
1992-08-27;0.14;G;
1992-08-28;0.105;G;
1992-08-29;0.095;G;
1992-08-30;0.09;G;
1992-08-31;0.168;G;
1992-09-01;0.194;G;
1992-09-02;0.219;G;
1992-09-03;0.238;G;
1992-09-04;0.18;G;
1992-09-05;0.188;G;
1992-09-06;0.128;G;
1992-09-07;0.145;G;
1992-09-08;0.128;G;
1992-09-09;0.127;G;
1992-09-10;0.132;G;
1992-09-11;0.122;G;
1992-09-12;0.099;G;
1992-09-13;0.117;G;
1992-09-14;0.252;G;
1992-09-15;0.227;G;
1992-09-16;0.196;G;
1992-09-17;0.168;G;
1992-09-18;0.15;G;
1992-09-19;0.129;G;
1992-09-20;0.131;G;
1992-09-21;0.139;G;
1992-09-22;0.131;G;
1992-09-23;0.125;G;
1992-09-24;0.134;G;
1992-09-25;0.184;G;
1992-09-26;0.149;G;
1992-09-27;0.143;G;
1992-09-28;0.14;G;
1992-09-29;0.141;G;
1992-09-30;0.155;G;
1992-10-01;0.121;G;
1992-10-02;0.134;G;
1992-10-03;0.137;G;
1992-10-04;0.134;G;
1992-10-05;0.092;G;
1992-10-06;0.089;G;
1992-10-07;0.095;G;
1992-10-08;0.104;G;
1992-10-09;0.121;G;
1992-10-10;0.113;G;
1992-10-11;0.098;G;
1992-10-12;0.111;G;
1992-10-13;0.144;G;
1992-10-14;0.317;G;
1992-10-15;0.379;G;
1992-10-16;0.417;G;
1992-10-17;0.398;G;
1992-10-18;0.375;G;
1992-10-19;0.3;G;
1992-10-20;0.281;G;
1992-10-21;0.514;G;
1992-10-22;0.721;G;
1992-10-23;0.697;G;
1992-10-24;0.648;G;
1992-10-25;0.916;G;
1992-10-26;1.14;G;
1992-10-27;1.0;G;
1992-10-28;1.29;G;
1992-10-29;1.98;G;
1992-10-30;1.92;G;
1992-10-31;1.31;G;
1992-11-01;1.08;G;
1992-11-02;1.36;G;
1992-11-03;2.56;G;
1992-11-04;2.03;G;
1992-11-05;1.51;G;
1992-11-06;1.90;G;
1992-11-07;2.71;G;
1992-11-08;2.55;G;
1992-11-09;1.73;G;
1992-11-10;1.43;G;
1992-11-11;1.95;G;
1992-11-12;6.62;G;
1992-11-13;6.92;G;
1992-11-14;5.02;G;
1992-11-15;3.71;G;
1992-11-16;2.91;G;
1992-11-17;2.57;G;
1992-11-18;2.30;G;
1992-11-19;2.44;G;
1992-11-20;4.93;G;
1992-11-21;6.74;G;
1992-11-22;5.79;G;
1992-11-23;4.22;G;
1992-11-24;4.47;G;
1992-11-25;5.28;G;
1992-11-26;9.37;G;
1992-11-27;10.2;G;
1992-11-28;7.87;G;
1992-11-29;6.25;G;
1992-11-30;4.70;G;
1992-12-01;4.07;G;
1992-12-02;3.65;G;
1992-12-03;5.83;G;
1992-12-04;6.19;G;
1992-12-05;5.81;G;
1992-12-06;5.01;G;
1992-12-07;3.96;G;
1992-12-08;3.40;G;
1992-12-09;3.70;G;
1992-12-10;3.91;G;
1992-12-11;4.70;G;
1992-12-12;10.5;G;
1992-12-13;7.86;G;
1992-12-14;5.90;G;
1992-12-15;5.47;G;
1992-12-16;4.38;G;
1992-12-17;3.56;G;
1992-12-18;3.04;G;
1992-12-19;3.48;G;
1992-12-20;4.12;G;
1992-12-21;3.14;G;
1992-12-22;2.42;G;
1992-12-23;1.84;G;
1992-12-24;1.53;G;
1992-12-25;1.30;G;
1992-12-26;1.10;G;
1992-12-27;1.0;G;
1992-12-28;0.85;G;
1992-12-29;0.7;G;
1992-12-30;0.7;G;
1992-12-31;0.7;G;
1993-01-01;0.64;G;
1993-01-02;0.64;G;
1993-01-03;0.64;G;
1993-01-04;0.64;G;
1993-01-05;0.64;G;
1993-01-06;0.74;G;
1993-01-07;0.782;G;
1993-01-08;1.10;G;
1993-01-09;1.92;G;
1993-01-10;5.74;G;
1993-01-11;13.0;G;
1993-01-12;11.3;G;
1993-01-13;7.54;G;
1993-01-14;9.66;G;
1993-01-15;8.03;G;
1993-01-16;7.36;G;
1993-01-17;6.45;G;
1993-01-18;5.19;G;
1993-01-19;4.25;G;
1993-01-20;4.38;G;
1993-01-21;5.74;G;
1993-01-22;9.67;G;
1993-01-23;8.24;G;
1993-01-24;11.3;G;
1993-01-25;14.5;G;
1993-01-26;10.7;G;
1993-01-27;7.31;G;
1993-01-28;5.00;G;
1993-01-29;3.80;G;
1993-01-30;2.80;G;
1993-01-31;2.30;G;
1993-02-01;2.08;G;
1993-02-02;1.94;G;
1993-02-03;2.35;G;
1993-02-04;4.28;G;
1993-02-05;5.10;G;
1993-02-06;4.38;G;
1993-02-07;3.15;G;
1993-02-08;2.69;G;
1993-02-09;3.05;G;
1993-02-10;3.01;G;
1993-02-11;2.75;G;
1993-02-12;2.55;G;
1993-02-13;2.30;G;
1993-02-14;2.27;G;
1993-02-15;2.20;G;
1993-02-16;2.27;G;
1993-02-17;4.42;G;
1993-02-18;3.98;G;
1993-02-19;5.34;G;
1993-02-20;3.50;G;
1993-02-21;2.90;G;
1993-02-22;2.50;G;
1993-02-23;2.20;G;
1993-02-24;1.80;G;
1993-02-25;1.68;G;
1993-02-26;1.59;G;
1993-02-27;1.52;G;
1993-02-28;1.38;G;
1993-03-01;1.20;G;
1993-03-02;1.08;G;
1993-03-03;1.05;G;
1993-03-04;0.992;G;
1993-03-05;1.02;G;
1993-03-06;1.06;G;
1993-03-07;1.05;G;
1993-03-08;0.924;G;
1993-03-09;0.978;G;
1993-03-10;0.938;G;
1993-03-11;0.874;G;
1993-03-12;0.87;G;
1993-03-13;0.93;G;
1993-03-14;1.27;G;
1993-03-15;2.34;G;
1993-03-16;4.03;G;
1993-03-17;5.42;G;
1993-03-18;5.67;G;
1993-03-19;4.90;G;
1993-03-20;3.74;G;
1993-03-21;3.05;G;
1993-03-22;2.60;G;
1993-03-23;2.92;G;
1993-03-24;3.35;G;
1993-03-25;2.83;G;
1993-03-26;2.24;G;
1993-03-27;1.86;G;
1993-03-28;1.61;G;
1993-03-29;1.42;G;
1993-03-30;1.33;G;
1993-03-31;1.34;G;
1993-04-01;1.28;G;
1993-04-02;1.16;G;
1993-04-03;1.08;G;
1993-04-04;1.02;G;
1993-04-05;1.26;G;
1993-04-06;1.30;G;
1993-04-07;1.24;G;
1993-04-08;1.18;G;
1993-04-09;1.02;G;
1993-04-10;0.898;G;
1993-04-11;0.834;G;
1993-04-12;0.74;G;
1993-04-13;0.641;G;
1993-04-14;0.603;G;
1993-04-15;0.583;G;
1993-04-16;0.557;G;
1993-04-17;0.568;G;
1993-04-18;0.615;G;
1993-04-19;0.607;G;
1993-04-20;0.512;G;
1993-04-21;0.449;G;
1993-04-22;0.438;G;
1993-04-23;0.452;G;
1993-04-24;0.433;G;
1993-04-25;0.424;G;
1993-04-26;0.403;G;
1993-04-27;0.382;G;
1993-04-28;0.371;G;
1993-04-29;0.309;G;
1993-04-30;0.286;G;
1993-05-01;0.312;G;
1993-05-02;0.328;G;
1993-05-03;0.309;G;
1993-05-04;0.321;G;
1993-05-05;0.288;G;
1993-05-06;0.289;G;
1993-05-07;0.295;G;
1993-05-08;0.281;G;
1993-05-09;0.254;G;
1993-05-10;0.273;G;
1993-05-11;0.227;G;
1993-05-12;0.22;G;
1993-05-13;0.187;G;
1993-05-14;0.181;G;
1993-05-15;0.181;G;
1993-05-16;0.173;G;
1993-05-17;0.166;G;
1993-05-18;0.152;G;
1993-05-19;0.176;G;
1993-05-20;0.142;G;
1993-05-21;0.13;G;
1993-05-22;0.117;G;
1993-05-23;0.113;G;
1993-05-24;0.118;G;
1993-05-25;0.108;G;
1993-05-26;0.105;G;
1993-05-27;0.107;G;
1993-05-28;0.11;G;
1993-05-29;0.111;G;
1993-05-30;0.11;G;
1993-05-31;0.224;G;
1993-06-01;0.194;G;
1993-06-02;0.161;G;
1993-06-03;0.151;G;
1993-06-04;0.103;G;
1993-06-05;0.099;G;
1993-06-06;0.09;G;
1993-06-07;0.091;G;
1993-06-08;0.08;G;
1993-06-09;0.078;G;
1993-06-10;0.066;G;
1993-06-11;0.06;G;
1993-06-12;0.073;G;
1993-06-13;0.07;G;
1993-06-14;0.082;G;
1993-06-15;0.087;G;
1993-06-16;0.078;G;
1993-06-17;0.097;G;
1993-06-18;0.104;G;
1993-06-19;0.147;G;
1993-06-20;0.1;G;
1993-06-21;0.106;G;
1993-06-22;0.103;G;
1993-06-23;0.142;G;
1993-06-24;0.127;G;
1993-06-25;0.171;G;
1993-06-26;0.118;G;
1993-06-27;0.233;G;
1993-06-28;0.257;G;
1993-06-29;0.142;G;
1993-06-30;0.118;G;
1993-07-01;0.095;G;
1993-07-02;0.095;G;
1993-07-03;0.162;G;
1993-07-04;0.094;G;
1993-07-05;0.114;G;
1993-07-06;0.094;G;
1993-07-07;0.168;G;
1993-07-08;0.089;G;
1993-07-09;0.097;G;
1993-07-10;0.094;G;
1993-07-11;0.558;G;
1993-07-12;1.05;G;
1993-07-13;0.83;G;
1993-07-14;0.665;G;
1993-07-15;0.519;G;
1993-07-16;0.444;G;
1993-07-17;0.375;G;
1993-07-18;0.341;G;
1993-07-19;0.313;G;
1993-07-20;0.256;G;
1993-07-21;0.451;G;
1993-07-22;0.701;G;
1993-07-23;0.542;G;
1993-07-24;0.395;G;
1993-07-25;0.44;G;
1993-07-26;0.526;G;
1993-07-27;0.573;G;
1993-07-28;0.567;G;
1993-07-29;0.451;G;
1993-07-30;0.383;G;
1993-07-31;3.30;G;
1993-08-01;4.55;G;
1993-08-02;3.41;G;
1993-08-03;2.13;G;
1993-08-04;1.39;G;
1993-08-05;0.968;G;
1993-08-06;2.07;G;
1993-08-07;2.24;G;
1993-08-08;1.75;G;
1993-08-09;1.27;G;
1993-08-10;1.34;G;
1993-08-11;1.43;G;
1993-08-12;1.16;G;
1993-08-13;1.13;G;
1993-08-14;1.03;G;
1993-08-15;0.836;G;
1993-08-16;0.699;G;
1993-08-17;0.582;G;
1993-08-18;0.483;G;
1993-08-19;0.399;G;
1993-08-20;0.353;G;
1993-08-21;0.251;G;
1993-08-22;0.306;G;
1993-08-23;0.288;G;
1993-08-24;0.246;G;
1993-08-25;0.269;G;
1993-08-26;0.276;G;
1993-08-27;0.278;G;
1993-08-28;0.287;G;
1993-08-29;0.252;G;
1993-08-30;0.325;G;
1993-08-31;0.296;G;
1993-09-01;0.274;G;
1993-09-02;0.291;G;
1993-09-03;0.421;G;
1993-09-04;0.551;G;
1993-09-05;0.611;G;
1993-09-06;0.51;G;
1993-09-07;0.447;G;
1993-09-08;0.394;G;
1993-09-09;0.307;G;
1993-09-10;0.277;G;
1993-09-11;0.528;G;
1993-09-12;1.20;G;
1993-09-13;1.37;G;
1993-09-14;2.91;G;
1993-09-15;7.54;G;
1993-09-16;8.68;G;
1993-09-17;6.42;G;
1993-09-18;4.48;G;
1993-09-19;3.28;G;
1993-09-20;2.55;G;
1993-09-21;2.05;G;
1993-09-22;1.78;G;
1993-09-23;4.74;G;
1993-09-24;4.91;G;
1993-09-25;3.83;G;
1993-09-26;3.05;G;
1993-09-27;2.97;G;
1993-09-28;3.17;G;
1993-09-29;2.53;G;
1993-09-30;2.01;G;
1993-10-01;1.60;G;
1993-10-02;1.37;G;
1993-10-03;1.28;G;
1993-10-04;1.60;G;
1993-10-05;1.79;G;
1993-10-06;1.58;G;
1993-10-07;1.31;G;
1993-10-08;1.14;G;
1993-10-09;6.16;G;
1993-10-10;14.7;G;
1993-10-11;11.9;G;
1993-10-12;7.03;G;
1993-10-13;5.57;G;
1993-10-14;5.86;G;
1993-10-15;10.5;G;
1993-10-16;9.03;G;
1993-10-17;6.61;G;
1993-10-18;4.83;G;
1993-10-19;3.99;G;
1993-10-20;3.46;G;
1993-10-21;3.34;G;
1993-10-22;5.06;G;
1993-10-23;4.92;G;
1993-10-24;3.81;G;
1993-10-25;3.24;G;
1993-10-26;2.68;G;
1993-10-27;2.45;G;
1993-10-28;2.31;G;
1993-10-29;2.10;G;
1993-10-30;2.01;G;
1993-10-31;1.86;G;
1993-11-01;1.74;G;
1993-11-02;1.61;G;
1993-11-03;1.47;G;
1993-11-04;1.30;G;
1993-11-05;1.28;G;
1993-11-06;1.27;G;
1993-11-07;1.22;G;
1993-11-08;1.90;G;
1993-11-09;3.05;G;
1993-11-10;3.27;G;
1993-11-11;2.76;G;
1993-11-12;2.63;G;
1993-11-13;2.60;G;
1993-11-14;4.31;G;
1993-11-15;5.20;G;
1993-11-16;4.12;G;
1993-11-17;3.08;G;
1993-11-18;2.40;G;
1993-11-19;2.16;G;
1993-11-20;1.95;G;
1993-11-21;1.75;G;
1993-11-22;1.65;G;
1993-11-23;2.02;G;
1993-11-24;1.99;G;
1993-11-25;2.03;G;
1993-11-26;2.03;G;
1993-11-27;2.03;G;
1993-11-28;2.03;G;
1993-11-29;2.03;G;
1993-11-30;2.01;G;
1993-12-01;1.89;G;
1993-12-02;1.83;G;
1993-12-03;5.14;G;
1993-12-04;14.7;G;
1993-12-05;15.7;G;
1993-12-06;13.0;G;
1993-12-07;9.26;G;
1993-12-08;8.40;G;
1993-12-09;8.96;G;
1993-12-10;9.28;G;
1993-12-11;11.7;G;
1993-12-12;11.6;G;
1993-12-13;6.98;G;
1993-12-14;4.55;G;
1993-12-15;3.49;G;
1993-12-16;3.73;G;
1993-12-17;6.98;G;
1993-12-18;5.44;G;
1993-12-19;11.2;G;
1993-12-20;15.9;G;
1993-12-21;11.3;G;
1993-12-22;6.64;G;
1993-12-23;5.32;G;
1993-12-24;4.82;G;
1993-12-25;5.76;G;
1993-12-26;7.28;G;
1993-12-27;6.66;G;
1993-12-28;5.52;G;
1993-12-29;4.77;G;
1993-12-30;4.42;G;
1993-12-31;7.28;G;
1994-01-01;8.90;G;
1994-01-02;7.08;G;
1994-01-03;5.60;G;
1994-01-04;4.66;G;
1994-01-05;6.02;G;
1994-01-06;9.93;G;
1994-01-07;10.7;G;
1994-01-08;8.79;G;
1994-01-09;6.33;G;
1994-01-10;5.34;G;
1994-01-11;5.63;G;
1994-01-12;6.19;G;
1994-01-13;10.4;G;
1994-01-14;10.2;G;
1994-01-15;7.98;G;
1994-01-16;6.69;G;
1994-01-17;4.55;G;
1994-01-18;3.68;G;
1994-01-19;6.07;G;
1994-01-20;7.82;G;
1994-01-21;7.09;G;
1994-01-22;7.40;G;
1994-01-23;7.43;G;
1994-01-24;7.98;G;
1994-01-25;5.56;G;
1994-01-26;6.48;G;
1994-01-27;9.53;G;
1994-01-28;11.1;G;
1994-01-29;8.29;G;
1994-01-30;7.08;G;
1994-01-31;9.46;G;
1994-02-01;7.09;G;
1994-02-02;7.73;G;
1994-02-03;9.79;G;
1994-02-04;6.14;G;
1994-02-05;4.56;G;
1994-02-06;3.75;G;
1994-02-07;3.22;G;
1994-02-08;2.94;G;
1994-02-09;2.81;G;
1994-02-10;3.14;G;
1994-02-11;3.35;G;
1994-02-12;2.67;G;
1994-02-13;2.40;G;
1994-02-14;2.20;G;
1994-02-15;2.00;G;
1994-02-16;1.80;G;
1994-02-17;1.60;G;
1994-02-18;1.55;G;
1994-02-19;0.986;G;
1994-02-20;1.03;G;
1994-02-21;1.04;G;
1994-02-22;1.07;G;
1994-02-23;1.08;G;
1994-02-24;1.02;G;
1994-02-25;0.96;G;
1994-02-26;0.91;G;
1994-02-27;0.874;G;
1994-02-28;0.606;G;
1994-03-01;0.65;G;
1994-03-02;0.756;G;
1994-03-03;0.814;G;
1994-03-04;0.942;G;
1994-03-05;1.09;G;
1994-03-06;2.02;G;
1994-03-07;9.43;G;
1994-03-08;16.5;G;
1994-03-09;22.7;G;
1994-03-10;21.3;G;
1994-03-11;16.3;G;
1994-03-12;11.0;G;
1994-03-13;10.4;G;
1994-03-14;14.7;G;
1994-03-15;14.5;G;
1994-03-16;9.49;G;
1994-03-17;7.63;G;
1994-03-18;6.36;G;
1994-03-19;5.45;G;
1994-03-20;4.54;G;
1994-03-21;3.92;G;
1994-03-22;3.41;G;
1994-03-23;4.68;G;
1994-03-24;13.6;G;
1994-03-25;10.6;G;
1994-03-26;9.37;G;
1994-03-27;7.22;G;
1994-03-28;5.43;G;
1994-03-29;6.28;G;
1994-03-30;6.15;G;
1994-03-31;4.78;G;
1994-04-01;5.29;G;
1994-04-02;5.69;G;
1994-04-03;4.27;G;
1994-04-04;3.69;G;
1994-04-05;5.48;G;
1994-04-06;5.25;G;
1994-04-07;3.97;G;
1994-04-08;3.23;G;
1994-04-09;2.79;G;
1994-04-10;2.49;G;
1994-04-11;2.22;G;
1994-04-12;1.96;G;
1994-04-13;2.43;G;
1994-04-14;9.76;G;
1994-04-15;7.39;G;
1994-04-16;4.88;G;
1994-04-17;3.92;G;
1994-04-18;3.16;G;
1994-04-19;2.64;G;
1994-04-20;2.32;G;
1994-04-21;2.13;G;
1994-04-22;1.83;G;
1994-04-23;1.67;G;
1994-04-24;1.44;G;
1994-04-25;1.31;G;
1994-04-26;1.14;G;
1994-04-27;0.964;G;
1994-04-28;0.857;G;
1994-04-29;0.841;G;
1994-04-30;0.821;G;
1994-05-01;0.836;G;
1994-05-02;0.691;G;
1994-05-03;0.609;G;
1994-05-04;0.57;G;
1994-05-05;0.529;G;
1994-05-06;0.481;G;
1994-05-07;0.449;G;
1994-05-08;0.449;G;
1994-05-09;0.398;G;
1994-05-10;0.362;G;
1994-05-11;0.338;G;
1994-05-12;0.307;G;
1994-05-13;0.282;G;
1994-05-14;0.276;G;
1994-05-15;0.281;G;
1994-05-16;0.308;G;
1994-05-17;0.507;G;
1994-05-18;1.58;G;
1994-05-19;1.37;G;
1994-05-20;0.941;G;
1994-05-21;0.646;G;
1994-05-22;0.548;G;
1994-05-23;0.47;G;
1994-05-24;0.451;G;
1994-05-25;0.421;G;
1994-05-26;0.437;G;
1994-05-27;0.37;G;
1994-05-28;0.325;G;
1994-05-29;0.327;G;
1994-05-30;0.303;G;
1994-05-31;0.291;G;
1994-06-01;0.319;G;
1994-06-02;0.288;G;
1994-06-03;0.317;G;
1994-06-04;0.381;G;
1994-06-05;0.376;G;
1994-06-06;0.343;G;
1994-06-07;0.28;G;
1994-06-08;0.277;G;
1994-06-09;0.584;G;
1994-06-10;0.708;G;
1994-06-11;0.672;G;
1994-06-12;0.46;G;
1994-06-13;0.375;G;
1994-06-14;0.288;G;
1994-06-15;0.274;G;
1994-06-16;0.365;G;
1994-06-17;0.394;G;
1994-06-18;0.468;G;
1994-06-19;0.633;G;
1994-06-20;0.821;G;
1994-06-21;0.55;G;
1994-06-22;0.627;G;
1994-06-23;0.595;G;
1994-06-24;0.45;G;
1994-06-25;0.322;G;
1994-06-26;0.254;G;
1994-06-27;0.213;G;
1994-06-28;0.189;G;
1994-06-29;0.221;G;
1994-06-30;0.269;G;
1994-07-01;0.212;G;
1994-07-02;0.177;G;
1994-07-03;0.15;G;
1994-07-04;0.141;G;
1994-07-05;0.105;G;
1994-07-06;0.101;G;
1994-07-07;0.091;G;
1994-07-08;0.09;G;
1994-07-09;0.079;G;
1994-07-10;0.079;G;
1994-07-11;0.073;G;
1994-07-12;0.069;G;
1994-07-13;0.076;G;
1994-07-14;0.055;G;
1994-07-15;0.059;G;
1994-07-16;0.048;G;
1994-07-17;0.048;G;
1994-07-18;0.05;G;
1994-07-19;0.061;G;
1994-07-20;0.057;G;
1994-07-21;0.058;G;
1994-07-22;0.055;G;
1994-07-23;0.055;G;
1994-07-24;0.054;G;
1994-07-25;0.047;G;
1994-07-26;0.053;G;
1994-07-27;0.048;G;
1994-07-28;0.044;G;
1994-07-29;0.052;G;
1994-07-30;0.052;G;
1994-07-31;0.044;G;
1994-08-01;0.052;G;
1994-08-02;0.643;G;
1994-08-03;0.095;G;
1994-08-04;0.072;G;
1994-08-05;0.081;G;
1994-08-06;0.085;G;
1994-08-07;0.057;G;
1994-08-08;0.108;G;
1994-08-09;0.075;G;
1994-08-10;0.067;G;
1994-08-11;0.06;G;
1994-08-12;0.056;G;
1994-08-13;0.102;G;
1994-08-14;0.088;G;
1994-08-15;0.073;G;
1994-08-16;0.059;G;
1994-08-17;0.064;G;
1994-08-18;0.167;G;
1994-08-19;0.191;G;
1994-08-20;0.145;G;
1994-08-21;0.116;G;
1994-08-22;0.098;G;
1994-08-23;0.086;G;
1994-08-24;0.077;G;
1994-08-25;0.073;G;
1994-08-26;0.168;G;
1994-08-27;0.112;G;
1994-08-28;0.083;G;
1994-08-29;0.109;G;
1994-08-30;0.083;G;
1994-08-31;0.068;G;
1994-09-01;0.07;G;
1994-09-02;0.123;G;
1994-09-03;0.1;G;
1994-09-04;0.201;G;
1994-09-05;0.277;G;
1994-09-06;0.173;G;
1994-09-07;0.133;G;
1994-09-08;0.128;G;
1994-09-09;1.12;G;
1994-09-10;1.08;G;
1994-09-11;0.75;G;
1994-09-12;0.547;G;
1994-09-13;0.467;G;
1994-09-14;0.356;G;
1994-09-15;2.79;G;
1994-09-16;8.50;G;
1994-09-17;12.9;G;
1994-09-18;11.2;G;
1994-09-19;8.57;G;
1994-09-20;7.31;G;
1994-09-21;6.70;G;
1994-09-22;5.53;G;
1994-09-23;4.40;G;
1994-09-24;3.60;G;
1994-09-25;2.93;G;
1994-09-26;2.40;G;
1994-09-27;2.37;G;
1994-09-28;2.70;G;
1994-09-29;2.72;G;
1994-09-30;2.92;G;
1994-10-01;2.91;G;
1994-10-02;2.56;G;
1994-10-03;2.81;G;
1994-10-04;2.93;G;
1994-10-05;2.39;G;
1994-10-06;2.00;G;
1994-10-07;1.78;G;
1994-10-08;1.54;G;
1994-10-09;1.35;G;
1994-10-10;1.24;G;
1994-10-11;1.05;G;
1994-10-12;0.982;G;
1994-10-13;0.885;G;
1994-10-14;0.789;G;
1994-10-15;0.776;G;
1994-10-16;0.762;G;
1994-10-17;0.682;G;
1994-10-18;0.653;G;
1994-10-19;0.624;G;
1994-10-20;0.578;G;
1994-10-21;0.593;G;
1994-10-22;0.587;G;
1994-10-23;0.594;G;
1994-10-24;0.534;G;
1994-10-25;0.552;G;
1994-10-26;0.644;G;
1994-10-27;0.786;G;
1994-10-28;1.0;G;
1994-10-29;1.19;G;
1994-10-30;1.67;G;
1994-10-31;3.24;G;
1994-11-01;4.84;G;
1994-11-02;4.96;G;
1994-11-03;3.69;G;
1994-11-04;2.80;G;
1994-11-05;2.34;G;
1994-11-06;1.97;G;
1994-11-07;1.77;G;
1994-11-08;1.59;G;
1994-11-09;1.56;G;
1994-11-10;1.47;G;
1994-11-11;1.33;G;
1994-11-12;1.15;G;
1994-11-13;1.03;G;
1994-11-14;2.94;G;
1994-11-15;6.43;G;
1994-11-16;6.94;G;
1994-11-17;6.17;G;
1994-11-18;5.74;G;
1994-11-19;4.54;G;
1994-11-20;4.86;G;
1994-11-21;7.60;G;
1994-11-22;5.65;G;
1994-11-23;4.28;G;
1994-11-24;3.88;G;
1994-11-25;3.38;G;
1994-11-26;2.88;G;
1994-11-27;2.69;G;
1994-11-28;2.48;G;
1994-11-29;2.28;G;
1994-11-30;2.03;G;
1994-12-01;1.79;G;
1994-12-02;1.55;G;
1994-12-03;1.42;G;
1994-12-04;1.66;G;
1994-12-05;2.41;G;
1994-12-06;2.88;G;
1994-12-07;3.15;G;
1994-12-08;4.24;G;
1994-12-09;9.59;G;
1994-12-10;8.94;G;
1994-12-11;8.48;G;
1994-12-12;9.96;G;
1994-12-13;9.92;G;
1994-12-14;7.73;G;
1994-12-15;5.03;G;
1994-12-16;4.41;G;
1994-12-17;5.01;G;
1994-12-18;4.14;G;
1994-12-19;3.84;G;
1994-12-20;3.73;G;
1994-12-21;3.38;G;
1994-12-22;2.98;G;
1994-12-23;2.53;G;
1994-12-24;2.23;G;
1994-12-25;2.00;G;
1994-12-26;2.01;G;
1994-12-27;3.34;G;
1994-12-28;4.52;G;
1994-12-29;14.9;G;
1994-12-30;18.8;G;
1994-12-31;15.6;G;
1995-01-01;10.3;G;
1995-01-02;6.75;G;
1995-01-03;4.55;G;
1995-01-04;3.36;G;
1995-01-05;2.75;G;
1995-01-06;2.19;G;
1995-01-07;1.91;G;
1995-01-08;1.58;G;
1995-01-09;1.60;G;
1995-01-10;2.16;G;
1995-01-11;2.13;G;
1995-01-12;1.89;G;
1995-01-13;1.70;G;
1995-01-14;1.89;G;
1995-01-15;3.12;G;
1995-01-16;3.49;G;
1995-01-17;3.77;G;
1995-01-18;2.97;G;
1995-01-19;2.30;G;
1995-01-20;1.94;G;
1995-01-21;1.81;G;
1995-01-22;2.08;G;
1995-01-23;4.15;G;
1995-01-24;10.6;G;
1995-01-25;9.07;G;
1995-01-26;7.06;G;
1995-01-27;5.30;G;
1995-01-28;4.48;G;
1995-01-29;6.31;G;
1995-01-30;5.31;G;
1995-01-31;4.30;G;
1995-02-01;11.2;G;
1995-02-02;16.6;G;
1995-02-03;10.8;G;
1995-02-04;11.3;G;
1995-02-05;12.5;G;
1995-02-06;12.3;G;
1995-02-07;17.8;G;
1995-02-08;15.3;G;
1995-02-09;9.06;G;
1995-02-10;5.67;G;
1995-02-11;4.57;G;
1995-02-12;6.73;G;
1995-02-13;8.38;G;
1995-02-14;6.80;G;
1995-02-15;7.74;G;
1995-02-16;14.4;G;
1995-02-17;15.5;G;
1995-02-18;15.3;G;
1995-02-19;11.0;G;
1995-02-20;9.27;G;
1995-02-21;7.81;G;
1995-02-22;7.11;G;
1995-02-23;5.99;G;
1995-02-24;5.67;G;
1995-02-25;4.84;G;
1995-02-26;4.18;G;
1995-02-27;3.66;G;
1995-02-28;4.82;G;
1995-03-01;5.69;G;
1995-03-02;5.69;G;
1995-03-03;4.62;G;
1995-03-04;4.13;G;
1995-03-05;3.68;G;
1995-03-06;3.65;G;
1995-03-07;3.40;G;
1995-03-08;2.98;G;
1995-03-09;2.65;G;
1995-03-10;2.35;G;
1995-03-11;2.15;G;
1995-03-12;1.97;G;
1995-03-13;1.86;G;
1995-03-14;1.80;G;
1995-03-15;1.70;G;
1995-03-16;1.65;G;
1995-03-17;1.99;G;
1995-03-18;4.29;G;
1995-03-19;4.46;G;
1995-03-20;3.67;G;
1995-03-21;3.00;G;
1995-03-22;2.39;G;
1995-03-23;2.39;G;
1995-03-24;2.29;G;
1995-03-25;2.35;G;
1995-03-26;2.40;G;
1995-03-27;2.60;G;
1995-03-28;2.14;G;
1995-03-29;1.76;G;
1995-03-30;1.54;G;
1995-03-31;1.68;G;
1995-04-01;2.68;G;
1995-04-02;2.51;G;
1995-04-03;2.74;G;
1995-04-04;2.53;G;
1995-04-05;2.14;G;
1995-04-06;4.60;G;
1995-04-07;4.80;G;
1995-04-08;4.95;G;
1995-04-09;3.45;G;
1995-04-10;2.80;G;
1995-04-11;2.70;G;
1995-04-12;2.69;G;
1995-04-13;2.29;G;
1995-04-14;1.95;G;
1995-04-15;1.80;G;
1995-04-16;3.37;G;
1995-04-17;5.38;G;
1995-04-18;7.36;G;
1995-04-19;10.4;G;
1995-04-20;7.16;G;
1995-04-21;7.00;G;
1995-04-22;5.01;G;
1995-04-23;3.73;G;
1995-04-24;2.89;G;
1995-04-25;2.41;G;
1995-04-26;2.02;G;
1995-04-27;1.66;G;
1995-04-28;1.67;G;
1995-04-29;1.44;G;
1995-04-30;1.27;G;
1995-05-01;1.13;G;
1995-05-02;1.0;G;
1995-05-03;0.847;G;
1995-05-04;0.77;G;
1995-05-05;0.687;G;
1995-05-06;0.655;G;
1995-05-07;0.607;G;
1995-05-08;0.786;G;
1995-05-09;1.33;G;
1995-05-10;1.44;G;
1995-05-11;1.32;G;
1995-05-12;1.37;G;
1995-05-13;1.07;G;
1995-05-14;0.943;G;
1995-05-15;0.875;G;
1995-05-16;0.843;G;
1995-05-17;0.902;G;
1995-05-18;1.91;G;
1995-05-19;2.29;G;
1995-05-20;1.53;G;
1995-05-21;1.13;G;
1995-05-22;0.872;G;
1995-05-23;0.766;G;
1995-05-24;0.64;G;
1995-05-25;0.54;G;
1995-05-26;0.463;G;
1995-05-27;0.418;G;
1995-05-28;0.424;G;
1995-05-29;0.466;G;
1995-05-30;0.38;G;
1995-05-31;0.352;G;
1995-06-01;0.306;G;
1995-06-02;0.349;G;
1995-06-03;0.37;G;
1995-06-04;0.356;G;
1995-06-05;0.319;G;
1995-06-06;0.299;G;
1995-06-07;0.289;G;
1995-06-08;0.552;G;
1995-06-09;0.366;G;
1995-06-10;0.329;G;
1995-06-11;0.337;G;
1995-06-12;0.32;G;
1995-06-13;0.343;G;
1995-06-14;0.386;G;
1995-06-15;0.328;G;
1995-06-16;0.391;G;
1995-06-17;0.452;G;
1995-06-18;0.663;G;
1995-06-19;0.641;G;
1995-06-20;0.452;G;
1995-06-21;0.368;G;
1995-06-22;0.306;G;
1995-06-23;0.28;G;
1995-06-24;0.265;G;
1995-06-25;0.222;G;
1995-06-26;0.178;G;
1995-06-27;0.16;G;
1995-06-28;0.139;G;
1995-06-29;0.121;G;
1995-06-30;0.121;G;
1995-07-01;0.152;G;
1995-07-02;0.103;G;
1995-07-03;0.108;G;
1995-07-04;0.322;G;
1995-07-05;0.19;G;
1995-07-06;0.153;G;
1995-07-07;0.138;G;
1995-07-08;0.134;G;
1995-07-09;0.116;G;
1995-07-10;0.105;G;
1995-07-11;0.101;G;
1995-07-12;0.091;G;
1995-07-13;0.211;G;
1995-07-14;0.159;G;
1995-07-15;0.133;G;
1995-07-16;0.255;G;
1995-07-17;0.154;G;
1995-07-18;0.279;G;
1995-07-19;0.118;G;
1995-07-20;0.105;G;
1995-07-21;0.091;G;
1995-07-22;0.174;G;
1995-07-23;0.081;G;
1995-07-24;0.077;G;
1995-07-25;0.091;G;
1995-07-26;0.086;G;
1995-07-27;0.079;G;
1995-07-28;0.076;G;
1995-07-29;0.06;G;
1995-07-30;0.057;G;
1995-07-31;0.052;G;
1995-08-01;0.067;G;
1995-08-02;0.066;G;
1995-08-03;0.058;G;
1995-08-04;0.063;G;
1995-08-05;0.057;G;
1995-08-06;0.048;G;
1995-08-07;0.054;G;
1995-08-08;0.061;G;
1995-08-09;0.063;G;
1995-08-10;0.066;G;
1995-08-11;0.065;G;
1995-08-12;0.052;G;
1995-08-13;0.056;G;
1995-08-14;0.056;G;
1995-08-15;0.049;G;
1995-08-16;0.052;G;
1995-08-17;0.051;G;
1995-08-18;0.048;G;
1995-08-19;0.045;G;
1995-08-20;0.043;G;
1995-08-21;0.044;G;
1995-08-22;0.043;G;
1995-08-23;0.045;G;
1995-08-24;0.206;G;
1995-08-25;0.079;G;
1995-08-26;0.073;G;
1995-08-27;0.054;G;
1995-08-28;0.063;G;
1995-08-29;0.06;G;
1995-08-30;0.043;G;
1995-08-31;0.046;G;
1995-09-01;0.042;G;
1995-09-02;0.05;G;
1995-09-03;0.267;G;
1995-09-04;0.281;G;
1995-09-05;0.133;G;
1995-09-06;0.099;G;
1995-09-07;0.079;G;
1995-09-08;0.069;G;
1995-09-09;0.072;G;
1995-09-10;0.082;G;
1995-09-11;0.075;G;
1995-09-12;0.09;G;
1995-09-13;0.067;G;
1995-09-14;0.297;G;
1995-09-15;0.153;G;
1995-09-16;0.192;G;
1995-09-17;0.203;G;
1995-09-18;0.198;G;
1995-09-19;0.194;G;
1995-09-20;0.148;G;
1995-09-21;0.118;G;
1995-09-22;0.105;G;
1995-09-23;0.096;G;
1995-09-24;0.087;G;
1995-09-25;0.093;G;
1995-09-26;0.199;G;
1995-09-27;0.158;G;
1995-09-28;0.451;G;
1995-09-29;0.846;G;
1995-09-30;1.05;G;
1995-10-01;0.795;G;
1995-10-02;0.563;G;
1995-10-03;0.382;G;
1995-10-04;0.332;G;
1995-10-05;0.462;G;
1995-10-06;0.391;G;
1995-10-07;0.435;G;
1995-10-08;0.434;G;
1995-10-09;0.415;G;
1995-10-10;0.329;G;
1995-10-11;0.288;G;
1995-10-12;0.272;G;
1995-10-13;0.262;G;
1995-10-14;0.239;G;
1995-10-15;0.216;G;
1995-10-16;0.227;G;
1995-10-17;0.207;G;
1995-10-18;0.213;G;
1995-10-19;0.229;G;
1995-10-20;0.219;G;
1995-10-21;0.219;G;
1995-10-22;0.211;G;
1995-10-23;0.173;G;
1995-10-24;0.165;G;
1995-10-25;0.157;G;
1995-10-26;0.168;G;
1995-10-27;0.214;G;
1995-10-28;0.173;G;
1995-10-29;0.176;G;
1995-10-30;0.175;G;
1995-10-31;0.497;G;
1995-11-01;1.46;G;
1995-11-02;1.54;G;
1995-11-03;1.22;G;
1995-11-04;0.868;G;
1995-11-05;0.796;G;
1995-11-06;1.11;G;
1995-11-07;1.88;G;
1995-11-08;1.50;G;
1995-11-09;1.12;G;
1995-11-10;1.51;G;
1995-11-11;2.40;G;
1995-11-12;2.60;G;
1995-11-13;2.21;G;
1995-11-14;2.10;G;
1995-11-15;2.00;G;
1995-11-16;2.30;G;
1995-11-17;2.80;G;
1995-11-18;2.30;G;
1995-11-19;2.00;G;
1995-11-20;1.70;G;
1995-11-21;1.40;G;
1995-11-22;1.20;G;
1995-11-23;1.20;G;
1995-11-24;1.60;G;
1995-11-25;2.00;G;
1995-11-26;1.90;G;
1995-11-27;1.71;G;
1995-11-28;1.48;G;
1995-11-29;1.25;G;
1995-11-30;1.06;G;
1995-12-01;0.881;G;
1995-12-02;0.784;G;
1995-12-03;0.692;G;
1995-12-04;0.663;G;
1995-12-05;0.63;G;
1995-12-06;0.574;G;
1995-12-07;0.564;G;
1995-12-08;0.583;G;
1995-12-09;0.565;G;
1995-12-10;0.598;G;
1995-12-11;0.861;G;
1995-12-12;1.39;G;
1995-12-13;1.28;G;
1995-12-14;0.983;G;
1995-12-15;0.806;G;
1995-12-16;0.691;G;
1995-12-17;0.596;G;
1995-12-18;0.577;G;
1995-12-19;0.547;G;
1995-12-20;0.508;G;
1995-12-21;0.47;G;
1995-12-22;0.45;G;
1995-12-23;0.43;G;
1995-12-24;0.41;G;
1995-12-25;0.39;G;
1995-12-26;0.37;G;
1995-12-27;0.373;G;
1995-12-28;0.347;G;
1995-12-29;0.322;G;
1995-12-30;0.298;G;
1995-12-31;0.276;G;
1996-01-01;1.09;G;
1996-01-02;0.709;G;
1996-01-03;0.521;G;
1996-01-04;0.398;G;
1996-01-05;0.357;G;
1996-01-06;0.412;G;
1996-01-07;0.387;G;
1996-01-08;0.373;G;
1996-01-09;0.476;G;
1996-01-10;0.612;G;
1996-01-11;1.05;G;
1996-01-12;1.74;G;
1996-01-13;2.19;G;
1996-01-14;2.18;G;
1996-01-15;2.06;G;
1996-01-16;1.85;G;
1996-01-17;1.63;G;
1996-01-18;1.49;G;
1996-01-19;1.38;G;
1996-01-20;1.30;G;
1996-01-21;1.09;G;
1996-01-22;0.956;G;
1996-01-23;0.931;G;
1996-01-24;0.906;G;
1996-01-25;0.906;G;
1996-01-26;0.881;G;
1996-01-27;0.881;G;
1996-01-28;0.853;G;
1996-01-29;0.847;G;
1996-01-30;0.750;G;
1996-01-31;0.750;G;
1996-02-01;0.67;G;
1996-02-02;0.670;G;
1996-02-03;0.624;G;
1996-02-04;0.624;G;
1996-02-05;0.624;G;
1996-02-06;0.624;G;
1996-02-07;0.561;G;
1996-02-08;0.561;G;
1996-02-09;0.500;G;
1996-02-10;0.500;G;
1996-02-11;0.443;G;
1996-02-12;0.428;G;
1996-02-13;0.439;G;
1996-02-14;0.430;G;
1996-02-15;0.403;G;
1996-02-16;1.60;G;
1996-02-17;3.87;G;
1996-02-18;2.57;G;
1996-02-19;1.86;G;
1996-02-20;1.27;G;
1996-02-21;0.844;G;
1996-02-22;0.197;G;
1996-02-23;0.172;G;
1996-02-24;0.157;G;
1996-02-25;0.160;G;
1996-02-26;1.09;G;
1996-02-27;1.07;G;
1996-02-28;0.855;G;
1996-02-29;0.838;G;
1996-03-01;0.980;G;
1996-03-02;0.976;G;
1996-03-03;0.906;G;
1996-03-04;0.853;G;
1996-03-05;0.809;G;
1996-03-06;0.719;G;
1996-03-07;0.688;G;
1996-03-08;0.776;G;
1996-03-09;0.747;G;
1996-03-10;0.588;G;
1996-03-11;0.658;G;
1996-03-12;0.611;G;
1996-03-13;0.573;G;
1996-03-14;0.604;G;
1996-03-15;0.637;G;
1996-03-16;0.766;G;
1996-03-17;0.751;G;
1996-03-18;0.858;G;
1996-03-19;0.993;G;
1996-03-20;1.11;G;
1996-03-21;1.08;G;
1996-03-22;1.05;G;
1996-03-23;1.15;G;
1996-03-24;1.35;G;
1996-03-25;1.99;G;
1996-03-26;2.22;G;
1996-03-27;2.52;G;
1996-03-28;2.63;G;
1996-03-29;2.31;G;
1996-03-30;2.17;G;
1996-03-31;2.18;G;
1996-04-01;2.08;G;
1996-04-02;2.31;G;
1996-04-03;2.64;G;
1996-04-04;2.94;G;
1996-04-05;3.77;G;
1996-04-06;5.42;G;
1996-04-07;7.95;G;
1996-04-08;8.48;G;
1996-04-09;8.74;G;
1996-04-10;8.44;G;
1996-04-11;6.90;G;
1996-04-12;4.95;G;
1996-04-13;3.82;G;
1996-04-14;3.92;G;
1996-04-15;3.58;G;
1996-04-16;3.39;G;
1996-04-17;3.11;G;
1996-04-18;2.78;G;
1996-04-19;2.62;G;
1996-04-20;2.39;G;
1996-04-21;2.19;G;
1996-04-22;1.87;G;
1996-04-23;1.60;G;
1996-04-24;1.52;G;
1996-04-25;1.61;G;
1996-04-26;1.84;G;
1996-04-27;1.69;G;
1996-04-28;1.49;G;
1996-04-29;1.29;G;
1996-04-30;1.17;G;
1996-05-01;1.09;G;
1996-05-02;1.04;G;
1996-05-03;0.988;G;
1996-05-04;1.59;G;
1996-05-05;5.46;G;
1996-05-06;4.10;G;
1996-05-07;2.77;G;
1996-05-08;2.14;G;
1996-05-09;1.76;G;
1996-05-10;1.57;G;
1996-05-11;2.25;G;
1996-05-12;3.06;G;
1996-05-13;3.16;G;
1996-05-14;2.46;G;
1996-05-15;1.87;G;
1996-05-16;1.40;G;
1996-05-17;1.14;G;
1996-05-18;1.36;G;
1996-05-19;3.08;G;
1996-05-20;3.94;G;
1996-05-21;11.9;G;
1996-05-22;7.78;G;
1996-05-23;4.60;G;
1996-05-24;3.59;G;
1996-05-25;5.75;G;
1996-05-26;4.88;G;
1996-05-27;3.59;G;
1996-05-28;4.99;G;
1996-05-29;4.64;G;
1996-05-30;4.58;G;
1996-05-31;3.59;G;
1996-06-01;2.89;G;
1996-06-02;2.95;G;
1996-06-03;2.41;G;
1996-06-04;2.07;G;
1996-06-05;1.71;G;
1996-06-06;1.42;G;
1996-06-07;1.13;G;
1996-06-08;0.947;G;
1996-06-09;0.933;G;
1996-06-10;0.912;G;
1996-06-11;0.833;G;
1996-06-12;0.665;G;
1996-06-13;0.562;G;
1996-06-14;0.483;G;
1996-06-15;0.449;G;
1996-06-16;0.388;G;
1996-06-17;0.314;G;
1996-06-18;0.391;G;
1996-06-19;0.723;G;
1996-06-20;0.925;G;
1996-06-21;0.941;G;
1996-06-22;0.731;G;
1996-06-23;0.600;G;
1996-06-24;0.708;G;
1996-06-25;0.525;G;
1996-06-26;0.366;G;
1996-06-27;0.346;G;
1996-06-28;0.353;G;
1996-06-29;0.342;G;
1996-06-30;0.528;G;
1996-07-01;0.612;G;
1996-07-02;0.653;G;
1996-07-03;0.647;G;
1996-07-04;0.683;G;
1996-07-05;0.849;G;
1996-07-06;1.45;G;
1996-07-07;1.45;G;
1996-07-08;1.13;G;
1996-07-09;1.16;G;
1996-07-10;2.99;G;
1996-07-11;2.61;G;
1996-07-12;1.73;G;
1996-07-13;1.24;G;
1996-07-14;0.940;G;
1996-07-15;0.676;G;
1996-07-16;0.475;G;
1996-07-17;0.393;G;
1996-07-18;0.396;G;
1996-07-19;0.280;G;
1996-07-20;0.273;G;
1996-07-21;0.297;G;
1996-07-22;0.236;G;
1996-07-23;0.217;G;
1996-07-24;0.174;G;
1996-07-25;0.162;G;
1996-07-26;0.146;G;
1996-07-27;0.207;G;
1996-07-28;0.304;G;
1996-07-29;0.210;G;
1996-07-30;0.183;G;
1996-07-31;0.172;G;
1996-08-01;0.166;G;
1996-08-02;0.259;G;
1996-08-03;0.182;G;
1996-08-04;0.158;G;
1996-08-05;0.144;G;
1996-08-06;0.113;G;
1996-08-07;0.118;G;
1996-08-08;0.109;G;
1996-08-09;0.112;G;
1996-08-10;0.084;G;
1996-08-11;0.087;G;
1996-08-12;0.086;G;
1996-08-13;0.118;G;
1996-08-14;0.223;G;
1996-08-15;0.185;G;
1996-08-16;0.195;G;
1996-08-17;0.181;G;
1996-08-18;0.155;G;
1996-08-19;0.128;G;
1996-08-20;0.113;G;
1996-08-21;0.109;G;
1996-08-22;0.101;G;
1996-08-23;0.066;G;
1996-08-24;0.067;G;
1996-08-25;0.084;G;
1996-08-26;0.186;G;
1996-08-27;0.073;G;
1996-08-28;0.064;G;
1996-08-29;0.104;G;
1996-08-30;0.081;G;
1996-08-31;0.223;G;
1996-09-01;0.096;G;
1996-09-02;0.092;G;
1996-09-03;0.078;G;
1996-09-04;0.066;G;
1996-09-05;0.068;G;
1996-09-06;0.068;G;
1996-09-07;0.069;G;
1996-09-08;0.069;G;
1996-09-09;0.071;G;
1996-09-10;0.061;G;
1996-09-11;0.059;G;
1996-09-12;0.595;G;
1996-09-13;0.682;G;
1996-09-14;0.922;G;
1996-09-15;0.825;G;
1996-09-16;0.48;G;
1996-09-17;0.356;G;
1996-09-18;0.264;G;
1996-09-19;0.222;G;
1996-09-20;0.203;G;
1996-09-21;0.169;G;
1996-09-22;0.168;G;
1996-09-23;0.157;G;
1996-09-24;0.144;G;
1996-09-25;0.140;G;
1996-09-26;0.133;G;
1996-09-27;0.135;G;
1996-09-28;0.208;G;
1996-09-29;0.452;G;
1996-09-30;1.32;G;
1996-10-01;1.47;G;
1996-10-02;1.31;G;
1996-10-03;0.994;G;
1996-10-04;0.803;G;
1996-10-05;0.685;G;
1996-10-06;0.545;G;
1996-10-07;0.464;G;
1996-10-08;0.416;G;
1996-10-09;0.421;G;
1996-10-10;0.400;G;
1996-10-11;0.364;G;
1996-10-12;0.368;G;
1996-10-13;0.338;G;
1996-10-14;0.346;G;
1996-10-15;0.334;G;
1996-10-16;0.337;G;
1996-10-17;0.336;G;
1996-10-18;0.320;G;
1996-10-19;0.303;G;
1996-10-20;0.402;G;
1996-10-21;0.345;G;
1996-10-22;0.452;G;
1996-10-23;0.395;G;
1996-10-24;0.399;G;
1996-10-25;0.391;G;
1996-10-26;0.367;G;
1996-10-27;0.453;G;
1996-10-28;1.12;G;
1996-10-29;1.60;G;
1996-10-30;2.15;G;
1996-10-31;1.98;G;
1996-11-01;1.73;G;
1996-11-02;1.87;G;
1996-11-03;2.47;G;
1996-11-04;2.49;G;
1996-11-05;3.05;G;
1996-11-06;3.95;G;
1996-11-07;5.55;G;
1996-11-08;5.47;G;
1996-11-09;4.00;G;
1996-11-10;3.33;G;
1996-11-11;3.16;G;
1996-11-12;4.24;G;
1996-11-13;4.37;G;
1996-11-14;3.52;G;
1996-11-15;2.77;G;
1996-11-16;2.28;G;
1996-11-17;2.08;G;
1996-11-18;2.06;G;
1996-11-19;3.64;G;
1996-11-20;4.18;G;
1996-11-21;3.34;G;
1996-11-22;2.87;G;
1996-11-23;2.61;G;
1996-11-24;2.40;G;
1996-11-25;2.15;G;
1996-11-26;1.95;G;
1996-11-27;2.01;G;
1996-11-28;2.18;G;
1996-11-29;2.07;G;
1996-11-30;2.07;G;
1996-12-01;2.17;G;
1996-12-02;3.48;G;
1996-12-03;4.97;G;
1996-12-04;6.07;G;
1996-12-05;5.70;G;
1996-12-06;4.11;G;
1996-12-07;3.37;G;
1996-12-08;2.88;G;
1996-12-09;2.59;G;
1996-12-10;2.37;G;
1996-12-11;2.12;G;
1996-12-12;1.99;G;
1996-12-13;1.95;G;
1996-12-14;1.75;G;
1996-12-15;2.60;G;
1996-12-16;2.50;G;
1996-12-17;2.10;G;
1996-12-18;1.92;G;
1996-12-19;2.26;G;
1996-12-20;1.61;G;
1996-12-21;1.45;G;
1996-12-22;1.15;G;
1996-12-23;1.09;G;
1996-12-24;1.03;G;
1996-12-25;0.955;G;
1996-12-26;0.906;G;
1996-12-27;0.847;G;
1996-12-28;0.750;G;
1996-12-29;0.704;G;
1996-12-30;0.670;G;
1996-12-31;0.624;G;
1997-01-01;0.624;G;
1997-01-02;0.561;G;
1997-01-03;0.500;G;
1997-01-04;0.500;G;
1997-01-05;0.443;G;
1997-01-06;0.380;G;
1997-01-07;0.357;G;
1997-01-08;0.362;G;
1997-01-09;0.350;G;
1997-01-10;0.358;G;
1997-01-11;0.350;G;
1997-01-12;0.337;G;
1997-01-13;0.521;G;
1997-01-14;4.14;G;
1997-01-15;2.73;G;
1997-01-16;1.54;G;
1997-01-17;1.06;G;
1997-01-18;0.972;G;
1997-01-19;0.931;G;
1997-01-20;1.23;G;
1997-01-21;1.16;G;
1997-01-22;0.889;G;
1997-01-23;0.741;G;
1997-01-24;0.671;G;
1997-01-25;0.600;G;
1997-01-26;0.571;G;
1997-01-27;0.543;G;
1997-01-28;0.515;G;
1997-01-29;0.472;G;
1997-01-30;0.470;G;
1997-01-31;1.14;G;
1997-02-01;0.821;G;
1997-02-02;0.806;G;
1997-02-03;0.755;G;
1997-02-04;0.402;G;
1997-02-05;1.39;G;
1997-02-06;1.97;G;
1997-02-07;5.98;G;
1997-02-08;5.38;G;
1997-02-09;3.43;G;
1997-02-10;3.18;G;
1997-02-11;5.09;G;
1997-02-12;4.11;G;
1997-02-13;4.49;G;
1997-02-14;4.87;G;
1997-02-15;2.95;G;
1997-02-16;2.09;G;
1997-02-17;2.01;G;
1997-02-18;2.01;G;
1997-02-19;3.14;G;
1997-02-20;6.16;G;
1997-02-21;11.3;G;
1997-02-22;9.12;G;
1997-02-23;6.34;G;
1997-02-24;5.82;G;
1997-02-25;11.7;G;
1997-02-26;9.61;G;
1997-02-27;5.73;G;
1997-02-28;4.40;G;
1997-03-01;4.05;G;
1997-03-02;3.81;G;
1997-03-03;4.29;G;
1997-03-04;3.60;G;
1997-03-05;3.12;G;
1997-03-06;2.84;G;
1997-03-07;2.53;G;
1997-03-08;2.35;G;
1997-03-09;2.14;G;
1997-03-10;1.99;G;
1997-03-11;1.86;G;
1997-03-12;1.80;G;
1997-03-13;1.83;G;
1997-03-14;1.98;G;
1997-03-15;2.77;G;
1997-03-16;2.62;G;
1997-03-17;2.08;G;
1997-03-18;1.68;G;
1997-03-19;1.58;G;
1997-03-20;1.37;G;
1997-03-21;1.23;G;
1997-03-22;1.11;G;
1997-03-23;0.984;G;
1997-03-24;0.850;G;
1997-03-25;0.832;G;
1997-03-26;1.05;G;
1997-03-27;2.54;G;
1997-03-28;2.62;G;
1997-03-29;2.15;G;
1997-03-30;1.70;G;
1997-03-31;1.53;G;
1997-04-01;1.40;G;
1997-04-02;1.28;G;
1997-04-03;1.39;G;
1997-04-04;2.00;G;
1997-04-05;1.68;G;
1997-04-06;1.44;G;
1997-04-07;1.18;G;
1997-04-08;1.07;G;
1997-04-09;1.06;G;
1997-04-10;1.03;G;
1997-04-11;1.08;G;
1997-04-12;1.02;G;
1997-04-13;0.958;G;
1997-04-14;0.972;G;
1997-04-15;0.941;G;
1997-04-16;0.844;G;
1997-04-17;0.772;G;
1997-04-18;0.783;G;
1997-04-19;0.771;G;
1997-04-20;0.668;G;
1997-04-21;0.643;G;
1997-04-22;0.671;G;
1997-04-23;0.726;G;
1997-04-24;1.48;G;
1997-04-25;3.60;G;
1997-04-26;2.52;G;
1997-04-27;1.81;G;
1997-04-28;1.48;G;
1997-04-29;1.51;G;
1997-04-30;1.76;G;
1997-05-01;1.56;G;
1997-05-02;1.35;G;
1997-05-03;1.13;G;
1997-05-04;1.01;G;
1997-05-05;1.49;G;
1997-05-06;1.61;G;
1997-05-07;4.07;G;
1997-05-08;3.35;G;
1997-05-09;2.93;G;
1997-05-10;2.91;G;
1997-05-11;2.30;G;
1997-05-12;2.08;G;
1997-05-13;1.82;G;
1997-05-14;1.55;G;
1997-05-15;1.80;G;
1997-05-16;1.62;G;
1997-05-17;1.26;G;
1997-05-18;1.06;G;
1997-05-19;0.984;G;
1997-05-20;0.903;G;
1997-05-21;1.33;G;
1997-05-22;3.40;G;
1997-05-23;2.68;G;
1997-05-24;1.82;G;
1997-05-25;1.45;G;
1997-05-26;1.21;G;
1997-05-27;1.28;G;
1997-05-28;1.40;G;
1997-05-29;1.29;G;
1997-05-30;1.28;G;
1997-05-31;1.03;G;
1997-06-01;0.853;G;
1997-06-02;0.749;G;
1997-06-03;0.475;G;
1997-06-04;0.419;G;
1997-06-05;0.372;G;
1997-06-06;0.332;G;
1997-06-07;0.295;G;
1997-06-08;0.279;G;
1997-06-09;0.274;G;
1997-06-10;0.271;G;
1997-06-11;0.260;G;
1997-06-12;0.245;G;
1997-06-13;0.220;G;
1997-06-14;0.201;G;
1997-06-15;0.369;G;
1997-06-16;0.249;G;
1997-06-17;0.238;G;
1997-06-18;0.219;G;
1997-06-19;0.214;G;
1997-06-20;0.203;G;
1997-06-21;0.258;G;
1997-06-22;0.308;G;
1997-06-23;0.237;G;
1997-06-24;0.461;G;
1997-06-25;0.514;G;
1997-06-26;0.583;G;
1997-06-27;0.556;G;
1997-06-28;0.569;G;
1997-06-29;0.62;G;
1997-06-30;0.571;G;
1997-07-01;0.596;G;
1997-07-02;0.559;G;
1997-07-03;0.476;G;
1997-07-04;0.399;G;
1997-07-05;0.251;G;
1997-07-06;0.217;G;
1997-07-07;0.194;G;
1997-07-08;0.165;G;
1997-07-09;0.152;G;
1997-07-10;0.159;G;
1997-07-11;0.149;G;
1997-07-12;0.135;G;
1997-07-13;0.124;G;
1997-07-14;0.111;G;
1997-07-15;0.111;G;
1997-07-16;0.122;G;
1997-07-17;0.111;G;
1997-07-18;0.100;G;
1997-07-19;0.087;G;
1997-07-20;0.084;G;
1997-07-21;0.088;G;
1997-07-22;0.095;G;
1997-07-23;0.091;G;
1997-07-24;0.117;G;
1997-07-25;0.659;G;
1997-07-26;0.596;G;
1997-07-27;0.736;G;
1997-07-28;0.710;G;
1997-07-29;0.527;G;
1997-07-30;0.378;G;
1997-07-31;0.437;G;
1997-08-01;0.313;G;
1997-08-02;0.299;G;
1997-08-03;0.250;G;
1997-08-04;0.240;G;
1997-08-05;0.184;G;
1997-08-06;0.171;G;
1997-08-07;0.117;G;
1997-08-08;0.096;G;
1997-08-09;0.076;G;
1997-08-10;0.078;G;
1997-08-11;0.073;G;
1997-08-12;0.073;G;
1997-08-13;0.059;G;
1997-08-14;0.059;G;
1997-08-15;0.055;G;
1997-08-16;0.053;G;
1997-08-17;0.052;G;
1997-08-18;0.050;G;
1997-08-19;0.048;G;
1997-08-20;0.049;G;
1997-08-21;0.050;G;
1997-08-22;0.052;G;
1997-08-23;0.049;G;
1997-08-24;0.049;G;
1997-08-25;0.044;G;
1997-08-26;0.038;G;
1997-08-27;0.040;G;
1997-08-28;0.038;G;
1997-08-29;0.449;G;
1997-08-30;0.069;G;
1997-08-31;0.041;G;
1997-09-01;0.064;G;
1997-09-02;0.049;G;
1997-09-03;0.059;G;
1997-09-04;0.045;G;
1997-09-05;0.046;G;
1997-09-06;0.044;G;
1997-09-07;0.145;G;
1997-09-08;0.119;G;
1997-09-09;0.245;G;
1997-09-10;0.117;G;
1997-09-11;0.084;G;
1997-09-12;0.107;G;
1997-09-13;0.111;G;
1997-09-14;0.077;G;
1997-09-15;0.074;G;
1997-09-16;0.098;G;
1997-09-17;0.077;G;
1997-09-18;0.070;G;
1997-09-19;0.086;G;
1997-09-20;0.059;G;
1997-09-21;0.071;G;
1997-09-22;0.064;G;
1997-09-23;0.067;G;
1997-09-24;0.067;G;
1997-09-25;0.066;G;
1997-09-26;0.065;G;
1997-09-27;0.069;G;
1997-09-28;0.066;G;
1997-09-29;0.064;G;
1997-09-30;0.078;G;
1997-10-01;0.072;G;
1997-10-02;0.115;G;
1997-10-03;0.117;G;
1997-10-04;0.231;G;
1997-10-05;0.323;G;
1997-10-06;0.214;G;
1997-10-07;0.186;G;
1997-10-08;0.231;G;
1997-10-09;0.914;G;
1997-10-10;1.35;G;
1997-10-11;1.69;G;
1997-10-12;1.49;G;
1997-10-13;1.29;G;
1997-10-14;1.12;G;
1997-10-15;0.850;G;
1997-10-16;0.684;G;
1997-10-17;0.620;G;
1997-10-18;0.577;G;
1997-10-19;0.540;G;
1997-10-20;0.543;G;
1997-10-21;0.466;G;
1997-10-22;0.670;G;
1997-10-23;0.740;G;
1997-10-24;0.820;G;
1997-10-25;0.697;G;
1997-10-26;0.598;G;
1997-10-27;0.483;G;
1997-10-28;0.553;G;
1997-10-29;0.548;G;
1997-10-30;0.637;G;
1997-10-31;0.700;G;
1997-11-01;0.654;G;
1997-11-02;0.691;G;
1997-11-03;0.849;G;
1997-11-04;0.729;G;
1997-11-05;0.595;G;
1997-11-06;0.824;G;
1997-11-07;1.32;G;
1997-11-08;2.08;G;
1997-11-09;1.84;G;
1997-11-10;1.57;G;
1997-11-11;1.40;G;
1997-11-12;1.29;G;
1997-11-13;1.56;G;
1997-11-14;1.77;G;
1997-11-15;1.63;G;
1997-11-16;1.39;G;
1997-11-17;1.22;G;
1997-11-18;1.10;G;
1997-11-19;1.00;G;
1997-11-20;0.960;G;
1997-11-21;0.928;G;
1997-11-22;0.993;G;
1997-11-23;1.15;G;
1997-11-24;1.17;G;
1997-11-25;1.08;G;
1997-11-26;0.966;G;
1997-11-27;0.839;G;
1997-11-28;0.651;G;
1997-11-29;0.682;G;
1997-11-30;0.858;G;
1997-12-01;1.12;G;
1997-12-02;1.23;G;
1997-12-03;1.05;G;
1997-12-04;0.944;G;
1997-12-05;0.805;G;
1997-12-06;0.687;G;
1997-12-07;0.883;G;
1997-12-08;1.06;G;
1997-12-09;1.19;G;
1997-12-10;1.55;G;
1997-12-11;3.58;G;
1997-12-12;3.82;G;
1997-12-13;2.93;G;
1997-12-14;2.58;G;
1997-12-15;2.20;G;
1997-12-16;1.73;G;
1997-12-17;1.36;G;
1997-12-18;1.19;G;
1997-12-19;1.11;G;
1997-12-20;1.03;G;
1997-12-21;1.01;G;
1997-12-22;0.973;G;
1997-12-23;1.03;G;
1997-12-24;1.13;G;
1997-12-25;1.72;G;
1997-12-26;3.98;G;
1997-12-27;5.05;G;
1997-12-28;3.91;G;
1997-12-29;3.31;G;
1997-12-30;2.91;G;
1997-12-31;2.57;G;
1998-01-01;2.60;G;
1998-01-02;2.75;G;
1998-01-03;3.01;G;
1998-01-04;4.85;G;
1998-01-05;4.77;G;
1998-01-06;4.18;G;
1998-01-07;3.54;G;
1998-01-08;4.13;G;
1998-01-09;3.88;G;
1998-01-10;3.54;G;
1998-01-11;3.14;G;
1998-01-12;2.69;G;
1998-01-13;2.45;G;
1998-01-14;2.23;G;
1998-01-15;2.12;G;
1998-01-16;2.52;G;
1998-01-17;2.51;G;
1998-01-18;2.54;G;
1998-01-19;2.73;G;
1998-01-20;2.61;G;
1998-01-21;2.08;G;
1998-01-22;1.76;G;
1998-01-23;1.66;G;
1998-01-24;1.62;G;
1998-01-25;1.43;G;
1998-01-26;1.56;G;
1998-01-27;1.56;G;
1998-01-28;1.52;G;
1998-01-29;1.52;G;
1998-01-30;1.48;G;
1998-01-31;1.48;G;
1998-02-01;1.44;G;
1998-02-02;1.44;G;
1998-02-03;1.44;G;
1998-02-04;1.44;G;
1998-02-05;2.12;G;
1998-02-06;4.90;G;
1998-02-07;5.33;G;
1998-02-08;4.78;G;
1998-02-09;5.44;G;
1998-02-10;5.64;G;
1998-02-11;5.36;G;
1998-02-12;9.58;G;
1998-02-13;9.35;G;
1998-02-14;6.97;G;
1998-02-15;5.79;G;
1998-02-16;5.61;G;
1998-02-17;6.39;G;
1998-02-18;5.06;G;
1998-02-19;4.13;G;
1998-02-20;3.53;G;
1998-02-21;3.16;G;
1998-02-22;3.05;G;
1998-02-23;2.74;G;
1998-02-24;2.80;G;
1998-02-25;2.85;G;
1998-02-26;2.54;G;
1998-02-27;2.37;G;
1998-02-28;2.91;G;
1998-03-01;2.68;G;
1998-03-02;2.48;G;
1998-03-03;4.62;G;
1998-03-04;16.2;G;
1998-03-05;17.7;G;
1998-03-06;14.3;G;
1998-03-07;8.96;G;
1998-03-08;6.36;G;
1998-03-09;4.82;G;
1998-03-10;3.89;G;
1998-03-11;3.37;G;
1998-03-12;2.98;G;
1998-03-13;2.70;G;
1998-03-14;2.60;G;
1998-03-15;2.60;G;
1998-03-16;3.29;G;
1998-03-17;4.68;G;
1998-03-18;4.56;G;
1998-03-19;3.60;G;
1998-03-20;3.10;G;
1998-03-21;2.86;G;
1998-03-22;2.59;G;
1998-03-23;2.45;G;
1998-03-24;2.32;G;
1998-03-25;2.11;G;
1998-03-26;2.00;G;
1998-03-27;2.05;G;
1998-03-28;2.26;G;
1998-03-29;2.02;G;
1998-03-30;1.80;G;
1998-03-31;1.69;G;
1998-04-01;1.64;G;
1998-04-02;1.66;G;
1998-04-03;1.60;G;
1998-04-04;3.80;G;
1998-04-05;9.82;G;
1998-04-06;12.3;G;
1998-04-07;9.22;G;
1998-04-08;5.64;G;
1998-04-09;4.08;G;
1998-04-10;3.26;G;
1998-04-11;2.87;G;
1998-04-12;4.22;G;
1998-04-13;3.87;G;
1998-04-14;3.11;G;
1998-04-15;2.67;G;
1998-04-16;2.53;G;
1998-04-17;2.67;G;
1998-04-18;2.35;G;
1998-04-19;2.02;G;
1998-04-20;1.81;G;
1998-04-21;1.63;G;
1998-04-22;1.46;G;
1998-04-23;1.45;G;
1998-04-24;1.40;G;
1998-04-25;1.35;G;
1998-04-26;1.32;G;
1998-04-27;1.43;G;
1998-04-28;1.46;G;
1998-04-29;1.29;G;
1998-04-30;1.16;G;
1998-05-01;1.01;G;
1998-05-02;0.930;G;
1998-05-03;1.13;G;
1998-05-04;1.49;G;
1998-05-05;1.46;G;
1998-05-06;1.43;G;
1998-05-07;2.51;G;
1998-05-08;2.12;G;
1998-05-09;1.60;G;
1998-05-10;1.27;G;
1998-05-11;1.06;G;
1998-05-12;0.988;G;
1998-05-13;0.949;G;
1998-05-14;0.793;G;
1998-05-15;0.681;G;
1998-05-16;0.597;G;
1998-05-17;0.515;G;
1998-05-18;0.483;G;
1998-05-19;0.452;G;
1998-05-20;0.428;G;
1998-05-21;0.416;G;
1998-05-22;0.460;G;
1998-05-23;0.398;G;
1998-05-24;0.406;G;
1998-05-25;0.474;G;
1998-05-26;0.521;G;
1998-05-27;0.528;G;
1998-05-28;0.532;G;
1998-05-29;0.523;G;
1998-05-30;0.425;G;
1998-05-31;0.385;G;
1998-06-01;0.365;G;
1998-06-02;0.345;G;
1998-06-03;0.329;G;
1998-06-04;0.339;G;
1998-06-05;0.297;G;
1998-06-06;0.273;G;
1998-06-07;0.285;G;
1998-06-08;0.699;G;
1998-06-09;0.542;G;
1998-06-10;0.532;G;
1998-06-11;0.493;G;
1998-06-12;0.406;G;
1998-06-13;0.347;G;
1998-06-14;0.248;G;
1998-06-15;0.254;G;
1998-06-16;0.892;G;
1998-06-17;3.21;G;
1998-06-18;3.78;G;
1998-06-19;2.78;G;
1998-06-20;1.81;G;
1998-06-21;1.24;G;
1998-06-22;1.10;G;
1998-06-23;1.15;G;
1998-06-24;1.00;G;
1998-06-25;0.728;G;
1998-06-26;0.768;G;
1998-06-27;0.688;G;
1998-06-28;0.721;G;
1998-06-29;0.687;G;
1998-06-30;0.739;G;
1998-07-01;1.09;G;
1998-07-02;1.60;G;
1998-07-03;1.31;G;
1998-07-04;0.992;G;
1998-07-05;0.877;G;
1998-07-06;1.10;G;
1998-07-07;1.09;G;
1998-07-08;0.869;G;
1998-07-09;0.617;G;
1998-07-10;0.607;G;
1998-07-11;0.618;G;
1998-07-12;0.603;G;
1998-07-13;0.489;G;
1998-07-14;0.651;G;
1998-07-15;0.643;G;
1998-07-16;0.537;G;
1998-07-17;0.388;G;
1998-07-18;0.382;G;
1998-07-19;0.377;G;
1998-07-20;0.383;G;
1998-07-21;0.274;G;
1998-07-22;0.265;G;
1998-07-23;0.253;G;
1998-07-24;0.432;G;
1998-07-25;0.275;G;
1998-07-26;0.233;G;
1998-07-27;0.208;G;
1998-07-28;0.310;G;
1998-07-29;0.319;G;
1998-07-30;0.799;G;
1998-07-31;1.12;G;
1998-08-01;1.16;G;
1998-08-02;1.03;G;
1998-08-03;0.875;G;
1998-08-04;0.772;G;
1998-08-05;0.886;G;
1998-08-06;0.968;G;
1998-08-07;1.11;G;
1998-08-08;1.55;G;
1998-08-09;2.74;G;
1998-08-10;2.17;G;
1998-08-11;1.43;G;
1998-08-12;1.06;G;
1998-08-13;0.958;G;
1998-08-14;0.849;G;
1998-08-15;0.714;G;
1998-08-16;0.598;G;
1998-08-17;0.507;G;
1998-08-18;0.416;G;
1998-08-19;0.381;G;
1998-08-20;0.322;G;
1998-08-21;0.523;G;
1998-08-22;0.779;G;
1998-08-23;1.06;G;
1998-08-24;1.05;G;
1998-08-25;0.864;G;
1998-08-26;0.889;G;
1998-08-27;0.693;G;
1998-08-28;0.626;G;
1998-08-29;0.648;G;
1998-08-30;0.708;G;
1998-08-31;0.827;G;
1998-09-01;0.986;G;
1998-09-02;0.893;G;
1998-09-03;0.732;G;
1998-09-04;0.594;G;
1998-09-05;0.504;G;
1998-09-06;0.487;G;
1998-09-07;0.421;G;
1998-09-08;0.384;G;
1998-09-09;0.476;G;
1998-09-10;0.504;G;
1998-09-11;0.471;G;
1998-09-12;0.783;G;
1998-09-13;2.26;G;
1998-09-14;6.38;G;
1998-09-15;5.66;G;
1998-09-16;5.06;G;
1998-09-17;3.85;G;
1998-09-18;2.90;G;
1998-09-19;2.32;G;
1998-09-20;1.95;G;
1998-09-21;1.68;G;
1998-09-22;1.52;G;
1998-09-23;1.43;G;
1998-09-24;1.33;G;
1998-09-25;1.25;G;
1998-09-26;1.18;G;
1998-09-27;1.12;G;
1998-09-28;1.01;G;
1998-09-29;0.950;G;
1998-09-30;0.860;G;
1998-10-01;0.784;G;
1998-10-02;0.725;G;
1998-10-03;0.690;G;
1998-10-04;0.682;G;
1998-10-05;1.04;G;
1998-10-06;1.30;G;
1998-10-07;1.20;G;
1998-10-08;1.10;G;
1998-10-09;1.09;G;
1998-10-10;1.34;G;
1998-10-11;2.41;G;
1998-10-12;3.42;G;
1998-10-13;2.91;G;
1998-10-14;3.89;G;
1998-10-15;5.38;G;
1998-10-16;4.49;G;
1998-10-17;8.27;G;
1998-10-18;7.98;G;
1998-10-19;5.41;G;
1998-10-20;3.99;G;
1998-10-21;3.79;G;
1998-10-22;7.15;G;
1998-10-23;6.86;G;
1998-10-24;6.07;G;
1998-10-25;9.15;G;
1998-10-26;11.9;G;
1998-10-27;10.3;G;
1998-10-28;17.7;G;
1998-10-29;17.0;G;
1998-10-30;14.4;G;
1998-10-31;11.3;G;
1998-11-01;7.96;G;
1998-11-02;5.93;G;
1998-11-03;4.69;G;
1998-11-04;4.23;G;
1998-11-05;4.25;G;
1998-11-06;4.64;G;
1998-11-07;4.72;G;
1998-11-08;7.38;G;
1998-11-09;7.21;G;
1998-11-10;6.19;G;
1998-11-11;7.32;G;
1998-11-12;9.76;G;
1998-11-13;7.85;G;
1998-11-14;6.63;G;
1998-11-15;5.21;G;
1998-11-16;4.38;G;
1998-11-17;3.91;G;
1998-11-18;3.43;G;
1998-11-19;2.99;G;
1998-11-20;2.50;G;
1998-11-21;2.31;G;
1998-11-22;2.03;G;
1998-11-23;1.90;G;
1998-11-24;1.88;G;
1998-11-25;1.87;G;
1998-11-26;1.85;G;
1998-11-27;1.83;G;
1998-11-28;1.80;G;
1998-11-29;1.88;G;
1998-11-30;2.27;G;
1998-12-01;2.40;G;
1998-12-02;1.99;G;
1998-12-03;1.73;G;
1998-12-04;1.63;G;
1998-12-05;1.56;G;
1998-12-06;1.48;G;
1998-12-07;1.36;G;
1998-12-08;1.28;G;
1998-12-09;1.23;G;
1998-12-10;1.19;G;
1998-12-11;1.15;G;
1998-12-12;1.10;G;
1998-12-13;3.03;G;
1998-12-14;5.89;G;
1998-12-15;7.40;G;
1998-12-16;6.96;G;
1998-12-17;5.42;G;
1998-12-18;4.57;G;
1998-12-19;4.09;G;
1998-12-20;3.70;G;
1998-12-21;3.18;G;
1998-12-22;2.61;G;
1998-12-23;2.12;G;
1998-12-24;2.13;G;
1998-12-25;4.09;G;
1998-12-26;14.2;G;
1998-12-27;14.5;G;
1998-12-28;10.4;G;
1998-12-29;6.81;G;
1998-12-30;4.93;G;
1998-12-31;3.95;G;
1999-01-01;3.47;G;
1999-01-02;3.19;G;
1999-01-03;2.96;G;
1999-01-04;3.18;G;
1999-01-05;4.29;G;
1999-01-06;4.32;G;
1999-01-07;8.36;G;
1999-01-08;6.98;G;
1999-01-09;4.52;G;
1999-01-10;3.32;G;
1999-01-11;2.74;G;
1999-01-12;2.43;G;
1999-01-13;2.29;G;
1999-01-14;2.30;G;
1999-01-15;2.64;G;
1999-01-16;11.6;G;
1999-01-17;15.4;G;
1999-01-18;10.2;G;
1999-01-19;6.26;G;
1999-01-20;5.58;G;
1999-01-21;5.32;G;
1999-01-22;4.42;G;
1999-01-23;3.72;G;
1999-01-24;3.88;G;
1999-01-25;5.66;G;
1999-01-26;6.63;G;
1999-01-27;5.73;G;
1999-01-28;4.69;G;
1999-01-29;3.26;G;
1999-01-30;2.63;G;
1999-01-31;2.17;G;
1999-02-01;1.87;G;
1999-02-02;1.75;G;
1999-02-03;1.89;G;
1999-02-04;3.47;G;
1999-02-05;4.89;G;
1999-02-06;3.76;G;
1999-02-07;2.58;G;
1999-02-08;2.17;G;
1999-02-09;1.86;G;
1999-02-10;1.59;G;
1999-02-11;1.48;G;
1999-02-12;1.37;G;
1999-02-13;1.37;G;
1999-02-14;1.40;G;
1999-02-15;1.39;G;
1999-02-16;1.67;G;
1999-02-17;1.68;G;
1999-02-18;1.41;G;
1999-02-19;1.46;G;
1999-02-20;2.58;G;
1999-02-21;3.37;G;
1999-02-22;4.25;G;
1999-02-23;3.88;G;
1999-02-24;3.03;G;
1999-02-25;2.54;G;
1999-02-26;3.02;G;
1999-02-27;6.79;G;
1999-02-28;9.61;G;
1999-03-01;10.3;G;
1999-03-02;7.45;G;
1999-03-03;6.25;G;
1999-03-04;6.77;G;
1999-03-05;5.64;G;
1999-03-06;5.50;G;
1999-03-07;11.0;G;
1999-03-08;8.74;G;
1999-03-09;7.94;G;
1999-03-10;10.9;G;
1999-03-11;7.32;G;
1999-03-12;4.82;G;
1999-03-13;3.89;G;
1999-03-14;3.33;G;
1999-03-15;3.04;G;
1999-03-16;2.84;G;
1999-03-17;2.63;G;
1999-03-18;2.63;G;
1999-03-19;3.10;G;
1999-03-20;2.98;G;
1999-03-21;2.77;G;
1999-03-22;2.66;G;
1999-03-23;2.68;G;
1999-03-24;2.57;G;
1999-03-25;2.40;G;
1999-03-26;2.27;G;
1999-03-27;2.12;G;
1999-03-28;1.91;G;
1999-03-29;1.70;G;
1999-03-30;1.59;G;
1999-03-31;1.51;G;
1999-04-01;1.45;G;
1999-04-02;1.35;G;
1999-04-03;1.22;G;
1999-04-04;1.21;G;
1999-04-05;1.20;G;
1999-04-06;1.37;G;
1999-04-07;1.79;G;
1999-04-08;1.82;G;
1999-04-09;1.59;G;
1999-04-10;1.49;G;
1999-04-11;1.39;G;
1999-04-12;1.42;G;
1999-04-13;1.65;G;
1999-04-14;1.53;G;
1999-04-15;1.95;G;
1999-04-16;2.05;G;
1999-04-17;1.83;G;
1999-04-18;5.25;G;
1999-04-19;14.5;G;
1999-04-20;11.9;G;
1999-04-21;6.43;G;
1999-04-22;4.26;G;
1999-04-23;3.39;G;
1999-04-24;2.93;G;
1999-04-25;2.50;G;
1999-04-26;2.24;G;
1999-04-27;1.99;G;
1999-04-28;1.80;G;
1999-04-29;1.63;G;
1999-04-30;1.41;G;
1999-05-01;1.34;G;
1999-05-02;1.16;G;
1999-05-03;1.08;G;
1999-05-04;1.00;G;
1999-05-05;0.938;G;
1999-05-06;0.858;G;
1999-05-07;0.791;G;
1999-05-08;0.721;G;
1999-05-09;0.694;G;
1999-05-10;0.850;G;
1999-05-11;1.79;G;
1999-05-12;2.55;G;
1999-05-13;4.18;G;
1999-05-14;3.69;G;
1999-05-15;4.31;G;
1999-05-16;3.70;G;
1999-05-17;2.67;G;
1999-05-18;2.09;G;
1999-05-19;1.70;G;
1999-05-20;1.42;G;
1999-05-21;1.20;G;
1999-05-22;1.11;G;
1999-05-23;1.09;G;
1999-05-24;1.04;G;
1999-05-25;0.973;G;
1999-05-26;1.07;G;
1999-05-27;0.950;G;
1999-05-28;0.765;G;
1999-05-29;0.657;G;
1999-05-30;0.603;G;
1999-05-31;0.629;G;
1999-06-01;0.555;G;
1999-06-02;0.486;G;
1999-06-03;0.534;G;
1999-06-04;0.613;G;
1999-06-05;0.706;G;
1999-06-06;1.05;G;
1999-06-07;1.15;G;
1999-06-08;1.28;G;
1999-06-09;3.80;G;
1999-06-10;2.61;G;
1999-06-11;1.71;G;
1999-06-12;1.39;G;
1999-06-13;1.34;G;
1999-06-14;1.29;G;
1999-06-15;0.995;G;
1999-06-16;0.749;G;
1999-06-17;0.609;G;
1999-06-18;0.519;G;
1999-06-19;0.439;G;
1999-06-20;0.398;G;
1999-06-21;0.396;G;
1999-06-22;0.323;G;
1999-06-23;0.298;G;
1999-06-24;0.292;G;
1999-06-25;0.247;G;
1999-06-26;0.399;G;
1999-06-27;0.663;G;
1999-06-28;0.522;G;
1999-06-29;0.490;G;
1999-06-30;0.381;G;
1999-07-01;0.378;G;
1999-07-02;0.263;G;
1999-07-03;0.272;G;
1999-07-04;0.249;G;
1999-07-05;0.317;G;
1999-07-06;0.186;G;
1999-07-07;0.179;G;
1999-07-08;0.159;G;
1999-07-09;0.132;G;
1999-07-10;0.107;G;
1999-07-11;0.113;G;
1999-07-12;0.097;G;
1999-07-13;0.098;G;
1999-07-14;0.110;G;
1999-07-15;0.131;G;
1999-07-16;0.166;G;
1999-07-17;0.185;G;
1999-07-18;0.148;G;
1999-07-19;0.137;G;
1999-07-20;0.096;G;
1999-07-21;0.294;G;
1999-07-22;0.267;G;
1999-07-23;0.206;G;
1999-07-24;0.172;G;
1999-07-25;0.158;G;
1999-07-26;0.113;G;
1999-07-27;0.098;G;
1999-07-28;0.077;G;
1999-07-29;0.080;G;
1999-07-30;0.075;G;
1999-07-31;0.066;G;
1999-08-01;0.054;G;
1999-08-02;0.064;G;
1999-08-03;0.047;G;
1999-08-04;0.054;G;
1999-08-05;0.044;G;
1999-08-06;0.053;G;
1999-08-07;0.044;G;
1999-08-08;0.105;G;
1999-08-09;0.106;G;
1999-08-10;0.120;G;
1999-08-11;0.128;G;
1999-08-12;0.101;G;
1999-08-13;0.170;G;
1999-08-14;0.089;G;
1999-08-15;1.12;G;
1999-08-16;4.86;G;
1999-08-17;6.41;G;
1999-08-18;5.45;G;
1999-08-19;4.16;G;
1999-08-20;8.09;G;
1999-08-21;7.56;G;
1999-08-22;5.15;G;
1999-08-23;3.65;G;
1999-08-24;2.51;G;
1999-08-25;1.84;G;
1999-08-26;1.48;G;
1999-08-27;1.39;G;
1999-08-28;1.23;G;
1999-08-29;1.04;G;
1999-08-30;0.908;G;
1999-08-31;1.01;G;
1999-09-01;0.845;G;
1999-09-02;0.662;G;
1999-09-03;0.527;G;
1999-09-04;0.464;G;
1999-09-05;0.393;G;
1999-09-06;0.336;G;
1999-09-07;0.295;G;
1999-09-08;0.284;G;
1999-09-09;0.304;G;
1999-09-10;0.280;G;
1999-09-11;0.211;G;
1999-09-12;0.208;G;
1999-09-13;0.203;G;
1999-09-14;0.189;G;
1999-09-15;0.184;G;
1999-09-16;0.197;G;
1999-09-17;0.195;G;
1999-09-18;0.190;G;
1999-09-19;0.223;G;
1999-09-20;0.213;G;
1999-09-21;0.206;G;
1999-09-22;0.225;G;
1999-09-23;0.317;G;
1999-09-24;0.322;G;
1999-09-25;0.651;G;
1999-09-26;1.03;G;
1999-09-27;1.41;G;
1999-09-28;1.33;G;
1999-09-29;1.15;G;
1999-09-30;1.49;G;
1999-10-01;4.46;G;
1999-10-02;4.21;G;
1999-10-03;3.96;G;
1999-10-04;3.62;G;
1999-10-05;2.88;G;
1999-10-06;2.34;G;
1999-10-07;2.10;G;
1999-10-08;2.35;G;
1999-10-09;2.86;G;
1999-10-10;3.07;G;
1999-10-11;2.86;G;
1999-10-12;2.51;G;
1999-10-13;2.08;G;
1999-10-14;2.02;G;
1999-10-15;2.01;G;
1999-10-16;1.78;G;
1999-10-17;1.55;G;
1999-10-18;1.35;G;
1999-10-19;1.27;G;
1999-10-20;1.34;G;
1999-10-21;1.38;G;
1999-10-22;1.35;G;
1999-10-23;1.28;G;
1999-10-24;1.22;G;
1999-10-25;1.22;G;
1999-10-26;1.22;G;
1999-10-27;1.32;G;
1999-10-28;1.35;G;
1999-10-29;1.27;G;
1999-10-30;1.17;G;
1999-10-31;1.21;G;
1999-11-01;1.43;G;
1999-11-02;1.73;G;
1999-11-03;1.85;G;
1999-11-04;1.78;G;
1999-11-05;1.58;G;
1999-11-06;1.48;G;
1999-11-07;1.34;G;
1999-11-08;1.19;G;
1999-11-09;1.11;G;
1999-11-10;1.06;G;
1999-11-11;0.997;G;
1999-11-12;1.00;G;
1999-11-13;1.03;G;
1999-11-14;1.04;G;
1999-11-15;0.903;G;
1999-11-16;0.816;G;
1999-11-17;0.825;G;
1999-11-18;0.920;G;
1999-11-19;1.15;G;
1999-11-20;1.34;G;
1999-11-21;1.35;G;
1999-11-22;1.30;G;
1999-11-23;1.20;G;
1999-11-24;1.13;G;
1999-11-25;1.36;G;
1999-11-26;2.27;G;
1999-11-27;2.25;G;
1999-11-28;2.13;G;
1999-11-29;1.96;G;
1999-11-30;1.77;G;
1999-12-01;3.66;G;
1999-12-02;4.35;G;
1999-12-03;6.64;G;
1999-12-04;14.2;G;
1999-12-05;9.88;G;
1999-12-06;6.73;G;
1999-12-07;13.6;G;
1999-12-08;10.6;G;
1999-12-09;10.3;G;
1999-12-10;9.30;G;
1999-12-11;7.91;G;
1999-12-12;16.8;G;
1999-12-13;15.6;G;
1999-12-14;10.5;G;
1999-12-15;6.47;G;
1999-12-16;4.95;G;
1999-12-17;7.89;G;
1999-12-18;14.9;G;
1999-12-19;10.5;G;
1999-12-20;6.49;G;
1999-12-21;3.91;G;
1999-12-22;3.31;G;
1999-12-23;3.32;G;
1999-12-24;4.66;G;
1999-12-25;14.3;G;
1999-12-26;18.7;G;
1999-12-27;15.8;G;
1999-12-28;11.2;G;
1999-12-29;7.08;G;
1999-12-30;5.04;G;
1999-12-31;4.24;G;
2000-01-01;4.19;G;
2000-01-02;4.85;G;
2000-01-03;4.99;G;
2000-01-04;4.92;G;
2000-01-05;4.78;G;
2000-01-06;4.87;G;
2000-01-07;5.57;G;
2000-01-08;4.63;G;
2000-01-09;3.82;G;
2000-01-10;3.31;G;
2000-01-11;3.08;G;
2000-01-12;3.42;G;
2000-01-13;3.16;G;
2000-01-14;2.78;G;
2000-01-15;2.42;G;
2000-01-16;2.26;G;
2000-01-17;2.32;G;
2000-01-18;2.16;G;
2000-01-19;1.84;G;
2000-01-20;1.69;G;
2000-01-21;1.61;G;
2000-01-22;1.44;G;
2000-01-23;1.32;G;
2000-01-24;1.23;G;
2000-01-25;1.19;G;
2000-01-26;1.18;G;
2000-01-27;1.48;G;
2000-01-28;2.20;G;
2000-01-29;6.96;G;
2000-01-30;10.3;G;
2000-01-31;8.36;G;
2000-02-01;8.36;G;
2000-02-02;8.29;G;
2000-02-03;6.04;G;
2000-02-04;5.07;G;
2000-02-05;7.90;G;
2000-02-06;6.29;G;
2000-02-07;5.14;G;
2000-02-08;5.27;G;
2000-02-09;5.54;G;
2000-02-10;4.80;G;
2000-02-11;5.18;G;
2000-02-12;4.29;G;
2000-02-13;4.32;G;
2000-02-14;3.80;G;
2000-02-15;3.31;G;
2000-02-16;3.24;G;
2000-02-17;3.17;G;
2000-02-18;2.82;G;
2000-02-19;2.57;G;
2000-02-20;2.35;G;
2000-02-21;2.04;G;
2000-02-22;1.81;G;
2000-02-23;1.60;G;
2000-02-24;1.65;G;
2000-02-25;1.95;G;
2000-02-26;2.20;G;
2000-02-27;2.35;G;
2000-02-28;2.31;G;
2000-02-29;2.20;G;
2000-03-01;2.75;G;
2000-03-02;3.31;G;
2000-03-03;7.06;G;
2000-03-04;6.99;G;
2000-03-05;4.49;G;
2000-03-06;3.77;G;
2000-03-07;7.11;G;
2000-03-08;7.69;G;
2000-03-09;6.58;G;
2000-03-10;4.63;G;
2000-03-11;3.82;G;
2000-03-12;3.28;G;
2000-03-13;3.83;G;
2000-03-14;7.01;G;
2000-03-15;5.98;G;
2000-03-16;3.99;G;
2000-03-17;3.24;G;
2000-03-18;2.70;G;
2000-03-19;2.39;G;
2000-03-20;2.25;G;
2000-03-21;2.09;G;
2000-03-22;1.96;G;
2000-03-23;1.82;G;
2000-03-24;1.64;G;
2000-03-25;1.59;G;
2000-03-26;1.61;G;
2000-03-27;1.78;G;
2000-03-28;1.93;G;
2000-03-29;2.57;G;
2000-03-30;3.31;G;
2000-03-31;3.98;G;
2000-04-01;3.61;G;
2000-04-02;3.34;G;
2000-04-03;2.93;G;
2000-04-04;2.61;G;
2000-04-05;2.73;G;
2000-04-06;2.54;G;
2000-04-07;2.05;G;
2000-04-08;1.79;G;
2000-04-09;1.61;G;
2000-04-10;1.51;G;
2000-04-11;1.45;G;
2000-04-12;1.39;G;
2000-04-13;4.72;G;
2000-04-14;5.21;G;
2000-04-15;3.59;G;
2000-04-16;3.52;G;
2000-04-17;3.32;G;
2000-04-18;2.74;G;
2000-04-19;2.34;G;
2000-04-20;2.04;G;
2000-04-21;1.81;G;
2000-04-22;1.60;G;
2000-04-23;1.43;G;
2000-04-24;1.32;G;
2000-04-25;1.23;G;
2000-04-26;1.14;G;
2000-04-27;1.02;G;
2000-04-28;0.937;G;
2000-04-29;0.840;G;
2000-04-30;0.758;G;
2000-05-01;0.674;G;
2000-05-02;0.595;G;
2000-05-03;0.560;G;
2000-05-04;0.527;G;
2000-05-05;0.474;G;
2000-05-06;0.471;G;
2000-05-07;0.440;G;
2000-05-08;0.457;G;
2000-05-09;0.411;G;
2000-05-10;0.388;G;
2000-05-11;0.372;G;
2000-05-12;0.316;G;
2000-05-13;0.327;G;
2000-05-14;0.312;G;
2000-05-15;0.272;G;
2000-05-16;0.266;G;
2000-05-17;0.344;G;
2000-05-18;0.305;G;
2000-05-19;0.291;G;
2000-05-20;0.257;G;
2000-05-21;0.305;G;
2000-05-22;0.304;G;
2000-05-23;0.343;G;
2000-05-24;0.386;G;
2000-05-25;0.465;G;
2000-05-26;0.401;G;
2000-05-27;0.403;G;
2000-05-28;0.348;G;
2000-05-29;0.494;G;
2000-05-30;0.440;G;
2000-05-31;0.379;G;
2000-06-01;0.288;G;
2000-06-02;0.344;G;
2000-06-03;0.281;G;
2000-06-04;0.251;G;
2000-06-05;0.238;G;
2000-06-06;0.311;G;
2000-06-07;0.444;G;
2000-06-08;0.457;G;
2000-06-09;0.374;G;
2000-06-10;0.237;G;
2000-06-11;0.218;G;
2000-06-12;0.208;G;
2000-06-13;0.182;G;
2000-06-14;0.145;G;
2000-06-15;0.156;G;
2000-06-16;0.175;G;
2000-06-17;0.132;G;
2000-06-18;0.125;G;
2000-06-19;0.125;G;
2000-06-20;0.119;G;
2000-06-21;0.108;G;
2000-06-22;0.130;G;
2000-06-23;0.102;G;
2000-06-24;0.356;G;
2000-06-25;0.658;G;
2000-06-26;1.48;G;
2000-06-27;5.57;G;
2000-06-28;3.76;G;
2000-06-29;2.28;G;
2000-06-30;3.13;G;
2000-07-01;5.38;G;
2000-07-02;3.47;G;
2000-07-03;2.29;G;
2000-07-04;1.52;G;
2000-07-05;1.26;G;
2000-07-06;1.23;G;
2000-07-07;0.96;G;
2000-07-08;0.740;G;
2000-07-09;0.528;G;
2000-07-10;1.09;G;
2000-07-11;1.48;G;
2000-07-12;1.25;G;
2000-07-13;0.878;G;
2000-07-14;0.653;G;
2000-07-15;0.52;G;
2000-07-16;0.424;G;
2000-07-17;0.365;G;
2000-07-18;0.321;G;
2000-07-19;0.399;G;
2000-07-20;0.496;G;
2000-07-21;0.436;G;
2000-07-22;0.453;G;
2000-07-23;0.589;G;
2000-07-24;0.497;G;
2000-07-25;0.768;G;
2000-07-26;0.588;G;
2000-07-27;0.424;G;
2000-07-28;0.344;G;
2000-07-29;0.291;G;
2000-07-30;0.245;G;
2000-07-31;0.239;G;
2000-08-01;0.563;G;
2000-08-02;0.347;G;
2000-08-03;0.536;G;
2000-08-04;0.806;G;
2000-08-05;0.744;G;
2000-08-06;0.648;G;
2000-08-07;0.451;G;
2000-08-08;0.343;G;
2000-08-09;0.295;G;
2000-08-10;0.24;G;
2000-08-11;0.312;G;
2000-08-12;0.322;G;
2000-08-13;0.294;G;
2000-08-14;0.251;G;
2000-08-15;0.223;G;
2000-08-16;0.200;G;
2000-08-17;0.185;G;
2000-08-18;0.179;G;
2000-08-19;0.174;G;
2000-08-20;0.559;G;
2000-08-21;0.273;G;
2000-08-22;0.242;G;
2000-08-23;0.205;G;
2000-08-24;0.332;G;
2000-08-25;0.294;G;
2000-08-26;0.258;G;
2000-08-27;0.232;G;
2000-08-28;0.194;G;
2000-08-29;0.260;G;
2000-08-30;0.288;G;
2000-08-31;0.290;G;
2000-09-01;0.222;G;
2000-09-02;0.340;G;
2000-09-03;1.44;G;
2000-09-04;1.37;G;
2000-09-05;1.04;G;
2000-09-06;0.765;G;
2000-09-07;0.578;G;
2000-09-08;0.470;G;
2000-09-09;0.412;G;
2000-09-10;0.367;G;
2000-09-11;0.313;G;
2000-09-12;0.505;G;
2000-09-13;2.92;G;
2000-09-14;3.35;G;
2000-09-15;2.72;G;
2000-09-16;1.89;G;
2000-09-17;1.35;G;
2000-09-18;1.02;G;
2000-09-19;0.822;G;
2000-09-20;0.680;G;
2000-09-21;0.515;G;
2000-09-22;0.473;G;
2000-09-23;0.412;G;
2000-09-24;0.379;G;
2000-09-25;0.356;G;
2000-09-26;0.347;G;
2000-09-27;0.334;G;
2000-09-28;0.498;G;
2000-09-29;0.432;G;
2000-09-30;0.362;G;
2000-10-01;0.338;G;
2000-10-02;0.324;G;
2000-10-03;0.349;G;
2000-10-04;0.335;G;
2000-10-05;0.350;G;
2000-10-06;0.381;G;
2000-10-07;0.348;G;
2000-10-08;0.411;G;
2000-10-09;0.507;G;
2000-10-10;0.914;G;
2000-10-11;1.37;G;
2000-10-12;1.88;G;
2000-10-13;1.92;G;
2000-10-14;1.96;G;
2000-10-15;1.71;G;
2000-10-16;1.45;G;
2000-10-17;1.30;G;
2000-10-18;1.09;G;
2000-10-19;0.960;G;
2000-10-20;0.922;G;
2000-10-21;0.810;G;
2000-10-22;0.708;G;
2000-10-23;0.685;G;
2000-10-24;0.795;G;
2000-10-25;1.17;G;
2000-10-26;2.29;G;
2000-10-27;2.42;G;
2000-10-28;2.19;G;
2000-10-29;2.11;G;
2000-10-30;2.45;G;
2000-10-31;4.38;G;
2000-11-01;3.57;G;
2000-11-02;2.84;G;
2000-11-03;2.57;G;
2000-11-04;2.84;G;
2000-11-05;2.90;G;
2000-11-06;2.47;G;
2000-11-07;3.01;G;
2000-11-08;4.25;G;
2000-11-09;3.35;G;
2000-11-10;3.42;G;
2000-11-11;3.76;G;
2000-11-12;3.62;G;
2000-11-13;4.71;G;
2000-11-14;4.72;G;
2000-11-15;4.86;G;
2000-11-16;4.85;G;
2000-11-17;3.99;G;
2000-11-18;4.07;G;
2000-11-19;3.68;G;
2000-11-20;3.07;G;
2000-11-21;2.92;G;
2000-11-22;4.32;G;
2000-11-23;4.48;G;
2000-11-24;3.84;G;
2000-11-25;3.20;G;
2000-11-26;2.89;G;
2000-11-27;2.65;G;
2000-11-28;2.56;G;
2000-11-29;2.86;G;
2000-11-30;2.85;G;
2000-12-01;2.56;G;
2000-12-02;2.27;G;
2000-12-03;2.12;G;
2000-12-04;1.99;G;
2000-12-05;1.81;G;
2000-12-06;1.67;G;
2000-12-07;1.61;G;
2000-12-08;1.64;G;
2000-12-09;1.78;G;
2000-12-10;1.75;G;
2000-12-11;1.79;G;
2000-12-12;1.95;G;
2000-12-13;4.89;G;
2000-12-14;9.04;G;
2000-12-15;8.56;G;
2000-12-16;8.12;G;
2000-12-17;5.15;G;
2000-12-18;3.80;G;
2000-12-19;3.13;G;
2000-12-20;2.58;G;
2000-12-21;2.06;G;
2000-12-22;1.78;G;
2000-12-23;1.70;G;
2000-12-24;1.59;G;
2000-12-25;1.47;G;
2000-12-26;1.34;G;
2000-12-27;1.26;G;
2000-12-28;1.33;G;
2000-12-29;1.68;G;
2000-12-30;1.65;G;
2000-12-31;1.48;G;
2001-01-01;1.54;G;
2001-01-02;1.60;G;
2001-01-03;3.29;G;
2001-01-04;4.79;G;
2001-01-05;4.43;G;
2001-01-06;7.36;G;
2001-01-07;6.10;G;
2001-01-08;4.31;G;
2001-01-09;3.52;G;
2001-01-10;3.00;G;
2001-01-11;2.30;G;
2001-01-12;1.86;G;
2001-01-13;1.57;G;
2001-01-14;1.45;G;
2001-01-15;1.34;G;
2001-01-16;1.23;G;
2001-01-17;1.17;G;
2001-01-18;1.12;G;
2001-01-19;1.11;G;
2001-01-20;1.09;G;
2001-01-21;1.11;G;
2001-01-22;1.14;G;
2001-01-23;1.17;G;
2001-01-24;2.02;G;
2001-01-25;3.58;G;
2001-01-26;3.54;G;
2001-01-27;3.99;G;
2001-01-28;3.55;G;
2001-01-29;3.61;G;
2001-01-30;3.07;G;
2001-01-31;2.58;G;
2001-02-01;2.33;G;
2001-02-02;2.01;G;
2001-02-03;1.84;G;
2001-02-04;1.76;G;
2001-02-05;1.69;G;
2001-02-06;2.53;G;
2001-02-07;8.73;G;
2001-02-08;9.26;G;
2001-02-09;7.16;G;
2001-02-10;4.31;G;
2001-02-11;3.87;G;
2001-02-12;10.8;G;
2001-02-13;9.73;G;
2001-02-14;5.93;G;
2001-02-15;4.44;G;
2001-02-16;3.64;G;
2001-02-17;3.07;G;
2001-02-18;2.81;G;
2001-02-19;2.49;G;
2001-02-20;2.36;G;
2001-02-21;2.25;G;
2001-02-22;2.05;G;
2001-02-23;1.70;G;
2001-02-24;1.68;G;
2001-02-25;1.42;G;
2001-02-26;1.25;G;
2001-02-27;1.26;G;
2001-02-28;1.25;G;
2001-03-01;1.25;G;
2001-03-02;1.24;G;
2001-03-03;1.18;G;
2001-03-04;1.10;G;
2001-03-05;1.15;G;
2001-03-06;1.11;G;
2001-03-07;1.08;G;
2001-03-08;0.969;G;
2001-03-09;1.27;G;
2001-03-10;1.71;G;
2001-03-11;2.12;G;
2001-03-12;2.68;G;
2001-03-13;2.68;G;
2001-03-14;2.60;G;
2001-03-15;2.59;G;
2001-03-16;2.48;G;
2001-03-17;2.50;G;
2001-03-18;2.22;G;
2001-03-19;1.82;G;
2001-03-20;1.76;G;
2001-03-21;1.67;G;
2001-03-22;1.63;G;
2001-03-23;1.45;G;
2001-03-24;1.39;G;
2001-03-25;1.36;G;
2001-03-26;1.26;G;
2001-03-27;1.18;G;
2001-03-28;1.14;G;
2001-03-29;1.13;G;
2001-03-30;1.28;G;
2001-03-31;1.60;G;
2001-04-01;1.99;G;
2001-04-02;2.13;G;
2001-04-03;1.92;G;
2001-04-04;1.68;G;
2001-04-05;1.89;G;
2001-04-06;1.91;G;
2001-04-07;1.81;G;
2001-04-08;2.01;G;
2001-04-09;1.82;G;
2001-04-10;1.58;G;
2001-04-11;1.38;G;
2001-04-12;1.31;G;
2001-04-13;1.30;G;
2001-04-14;1.16;G;
2001-04-15;1.11;G;
2001-04-16;1.05;G;
2001-04-17;0.992;G;
2001-04-18;1.07;G;
2001-04-19;2.41;G;
2001-04-20;3.88;G;
2001-04-21;2.96;G;
2001-04-22;2.29;G;
2001-04-23;3.18;G;
2001-04-24;5.77;G;
2001-04-25;3.81;G;
2001-04-26;3.02;G;
2001-04-27;2.64;G;
2001-04-28;2.34;G;
2001-04-29;2.12;G;
2001-04-30;1.91;G;
2001-05-01;1.70;G;
2001-05-02;1.45;G;
2001-05-03;1.31;G;
2001-05-04;1.17;G;
2001-05-05;1.07;G;
2001-05-06;0.998;G;
2001-05-07;0.884;G;
2001-05-08;0.842;G;
2001-05-09;0.793;G;
2001-05-10;0.698;G;
2001-05-11;0.711;G;
2001-05-12;0.610;G;
2001-05-13;0.576;G;
2001-05-14;0.541;G;
2001-05-15;0.509;G;
2001-05-16;0.481;G;
2001-05-17;0.547;G;
2001-05-18;0.534;G;
2001-05-19;0.524;G;
2001-05-20;0.484;G;
2001-05-21;0.446;G;
2001-05-22;0.420;G;
2001-05-23;0.428;G;
2001-05-24;0.410;G;
2001-05-25;0.408;G;
2001-05-26;0.409;G;
2001-05-27;0.398;G;
2001-05-28;0.358;G;
2001-05-29;0.401;G;
2001-05-30;0.932;G;
2001-05-31;1.37;G;
2001-06-01;1.33;G;
2001-06-02;1.19;G;
2001-06-03;1.66;G;
2001-06-04;2.56;G;
2001-06-05;1.71;G;
2001-06-06;1.28;G;
2001-06-07;1.02;G;
2001-06-08;0.829;G;
2001-06-09;0.674;G;
2001-06-10;0.546;G;
2001-06-11;0.491;G;
2001-06-12;0.425;G;
2001-06-13;0.372;G;
2001-06-14;0.318;G;
2001-06-15;0.297;G;
2001-06-16;0.328;G;
2001-06-17;0.388;G;
2001-06-18;0.344;G;
2001-06-19;0.284;G;
2001-06-20;0.252;G;
2001-06-21;0.239;G;
2001-06-22;0.230;G;
2001-06-23;0.236;G;
2001-06-24;0.225;G;
2001-06-25;0.192;G;
2001-06-26;0.129;G;
2001-06-27;0.131;G;
2001-06-28;0.133;G;
2001-06-29;0.104;G;
2001-06-30;0.104;G;
2001-07-01;0.356;G;
2001-07-02;0.175;G;
2001-07-03;0.109;G;
2001-07-04;0.098;G;
2001-07-05;0.089;G;
2001-07-06;0.090;G;
2001-07-07;0.078;G;
2001-07-08;0.075;G;
2001-07-09;0.075;G;
2001-07-10;0.111;G;
2001-07-11;0.349;G;
2001-07-12;0.248;G;
2001-07-13;0.306;G;
2001-07-14;0.213;G;
2001-07-15;0.165;G;
2001-07-16;0.154;G;
2001-07-17;0.153;G;
2001-07-18;0.144;G;
2001-07-19;0.130;G;
2001-07-20;0.123;G;
2001-07-21;0.077;G;
2001-07-22;0.076;G;
2001-07-23;0.076;G;
2001-07-24;0.068;G;
2001-07-25;0.058;G;
2001-07-26;0.055;G;
2001-07-27;0.048;G;
2001-07-28;0.047;G;
2001-07-29;0.045;G;
2001-07-30;0.046;G;
2001-07-31;0.043;G;
2001-08-01;0.043;G;
2001-08-02;0.040;G;
2001-08-03;0.043;G;
2001-08-04;0.046;G;
2001-08-05;0.080;G;
2001-08-06;0.060;G;
2001-08-07;0.283;G;
2001-08-08;0.195;G;
2001-08-09;0.145;G;
2001-08-10;0.312;G;
2001-08-11;0.120;G;
2001-08-12;0.160;G;
2001-08-13;0.267;G;
2001-08-14;0.221;G;
2001-08-15;0.184;G;
2001-08-16;0.151;G;
2001-08-17;0.111;G;
2001-08-18;0.093;G;
2001-08-19;0.196;G;
2001-08-20;1.26;G;
2001-08-21;1.00;G;
2001-08-22;0.602;G;
2001-08-23;0.413;G;
2001-08-24;0.364;G;
2001-08-25;0.259;G;
2001-08-26;0.238;G;
2001-08-27;0.398;G;
2001-08-28;0.654;G;
2001-08-29;1.06;G;
2001-08-30;0.832;G;
2001-08-31;0.557;G;
2001-09-01;0.469;G;
2001-09-02;0.354;G;
2001-09-03;0.339;G;
2001-09-04;0.533;G;
2001-09-05;0.651;G;
2001-09-06;0.704;G;
2001-09-07;0.770;G;
2001-09-08;0.925;G;
2001-09-09;2.25;G;
2001-09-10;2.68;G;
2001-09-11;1.98;G;
2001-09-12;1.38;G;
2001-09-13;1.13;G;
2001-09-14;1.12;G;
2001-09-15;1.38;G;
2001-09-16;1.52;G;
2001-09-17;4.70;G;
2001-09-18;10.6;G;
2001-09-19;13.8;G;
2001-09-20;9.94;G;
2001-09-21;9.57;G;
2001-09-22;10.2;G;
2001-09-23;8.37;G;
2001-09-24;5.92;G;
2001-09-25;4.30;G;
2001-09-26;3.37;G;
2001-09-27;2.79;G;
2001-09-28;2.39;G;
2001-09-29;2.08;G;
2001-09-30;1.85;G;
2001-10-01;2.39;G;
2001-10-02;3.65;G;
2001-10-03;3.25;G;
2001-10-04;2.90;G;
2001-10-05;3.33;G;
2001-10-06;2.75;G;
2001-10-07;2.33;G;
2001-10-08;2.51;G;
2001-10-09;2.64;G;
2001-10-10;2.34;G;
2001-10-11;2.51;G;
2001-10-12;2.69;G;
2001-10-13;2.34;G;
2001-10-14;2.08;G;
2001-10-15;1.96;G;
2001-10-16;1.67;G;
2001-10-17;1.41;G;
2001-10-18;1.23;G;
2001-10-19;1.18;G;
2001-10-20;1.11;G;
2001-10-21;1.09;G;
2001-10-22;1.11;G;
2001-10-23;1.09;G;
2001-10-24;1.03;G;
2001-10-25;0.968;G;
2001-10-26;0.969;G;
2001-10-27;1.28;G;
2001-10-28;1.43;G;
2001-10-29;1.55;G;
2001-10-30;2.92;G;
2001-10-31;3.55;G;
2001-11-01;2.59;G;
2001-11-02;2.32;G;
2001-11-03;2.14;G;
2001-11-04;2.03;G;
2001-11-05;2.73;G;
2001-11-06;3.48;G;
2001-11-07;3.91;G;
2001-11-08;3.86;G;
2001-11-09;3.19;G;
2001-11-10;2.36;G;
2001-11-11;2.56;G;
2001-11-12;2.78;G;
2001-11-13;2.57;G;
2001-11-14;2.07;G;
2001-11-15;1.73;G;
2001-11-16;1.80;G;
2001-11-17;1.72;G;
2001-11-18;1.73;G;
2001-11-19;1.62;G;
2001-11-20;1.49;G;
2001-11-21;1.59;G;
2001-11-22;3.20;G;
2001-11-23;3.29;G;
2001-11-24;2.36;G;
2001-11-25;1.93;G;
2001-11-26;2.05;G;
2001-11-27;3.19;G;
2001-11-28;3.85;G;
2001-11-29;3.79;G;
2001-11-30;3.15;G;
2001-12-01;2.80;G;
2001-12-02;2.49;G;
2001-12-03;2.50;G;
2001-12-04;2.35;G;
2001-12-05;2.21;G;
2001-12-06;2.14;G;
2001-12-07;1.93;G;
2001-12-08;1.77;G;
2001-12-09;1.68;G;
2001-12-10;1.69;G;
2001-12-11;1.68;G;
2001-12-12;1.60;G;
2001-12-13;1.50;G;
2001-12-14;1.44;G;
2001-12-15;1.35;G;
2001-12-16;1.20;G;
2001-12-17;1.14;G;
2001-12-18;1.10;G;
2001-12-19;1.10;G;
2001-12-20;1.09;G;
2001-12-21;1.05;G;
2001-12-22;1.04;G;
2001-12-23;1.03;G;
2001-12-24;1.02;G;
2001-12-25;1.86;G;
2001-12-26;2.33;G;
2001-12-27;2.24;G;
2001-12-28;1.97;G;
2001-12-29;1.89;G;
2001-12-30;1.82;G;
2001-12-31;1.76;G;
2002-01-01;1.76;G;
2002-01-02;1.83;G;
2002-01-03;1.76;G;
2002-01-04;1.76;G;
2002-01-05;1.79;G;
2002-01-06;1.72;G;
2002-01-07;1.68;G;
2002-01-08;1.69;G;
2002-01-09;2.53;G;
2002-01-10;2.84;G;
2002-01-11;2.74;G;
2002-01-12;2.46;G;
2002-01-13;2.19;G;
2002-01-14;2.07;G;
2002-01-15;1.95;G;
2002-01-16;1.79;G;
2002-01-17;1.75;G;
2002-01-18;3.16;G;
2002-01-19;5.46;G;
2002-01-20;8.76;G;
2002-01-21;15.2;G;
2002-01-22;14.6;G;
2002-01-23;10.6;G;
2002-01-24;9.49;G;
2002-01-25;14.5;G;
2002-01-26;11.8;G;
2002-01-27;20.7;G;
2002-01-28;17.5;G;
2002-01-29;16.3;G;
2002-01-30;12.5;G;
2002-01-31;16.4;G;
2002-02-01;18.4;G;
2002-02-02;18.1;G;
2002-02-03;13.2;G;
2002-02-04;8.37;G;
2002-02-05;8.80;G;
2002-02-06;11.3;G;
2002-02-07;8.30;G;
2002-02-08;8.04;G;
2002-02-09;8.78;G;
2002-02-10;7.26;G;
2002-02-11;6.66;G;
2002-02-12;8.42;G;
2002-02-13;7.32;G;
2002-02-14;4.90;G;
2002-02-15;3.84;G;
2002-02-16;3.60;G;
2002-02-17;3.45;G;
2002-02-18;3.22;G;
2002-02-19;3.40;G;
2002-02-20;3.46;G;
2002-02-21;2.95;G;
2002-02-22;3.03;G;
2002-02-23;3.81;G;
2002-02-24;4.14;G;
2002-02-25;3.67;G;
2002-02-26;4.13;G;
2002-02-27;16.5;G;
2002-02-28;19.2;G;
2002-03-01;15.6;G;
2002-03-02;10.3;G;
2002-03-03;6.92;G;
2002-03-04;8.48;G;
2002-03-05;11.4;G;
2002-03-06;13.4;G;
2002-03-07;15.2;G;
2002-03-08;9.81;G;
2002-03-09;6.58;G;
2002-03-10;5.36;G;
2002-03-11;4.39;G;
2002-03-12;6.15;G;
2002-03-13;5.25;G;
2002-03-14;4.16;G;
2002-03-15;3.46;G;
2002-03-16;3.10;G;
2002-03-17;2.84;G;
2002-03-18;2.67;G;
2002-03-19;3.18;G;
2002-03-20;3.59;G;
2002-03-21;2.85;G;
2002-03-22;2.43;G;
2002-03-23;2.24;G;
2002-03-24;2.03;G;
2002-03-25;1.88;G;
2002-03-26;1.84;G;
2002-03-27;1.76;G;
2002-03-28;1.67;G;
2002-03-29;1.58;G;
2002-03-30;1.50;G;
2002-03-31;1.43;G;
2002-04-01;1.34;G;
2002-04-02;1.25;G;
2002-04-03;1.21;G;
2002-04-04;1.13;G;
2002-04-05;1.09;G;
2002-04-06;1.03;G;
2002-04-07;0.982;G;
2002-04-08;0.885;G;
2002-04-09;0.919;G;
2002-04-10;0.849;G;
2002-04-11;0.785;G;
2002-04-12;0.824;G;
2002-04-13;0.916;G;
2002-04-14;0.892;G;
2002-04-15;0.835;G;
2002-04-16;0.824;G;
2002-04-17;0.798;G;
2002-04-18;0.976;G;
2002-04-19;1.13;G;
2002-04-20;1.09;G;
2002-04-21;0.871;G;
2002-04-22;0.795;G;
2002-04-23;0.795;G;
2002-04-24;0.814;G;
2002-04-25;0.726;G;
2002-04-26;0.717;G;
2002-04-27;0.994;G;
2002-04-28;2.06;G;
2002-04-29;1.97;G;
2002-04-30;2.05;G;
2002-05-01;1.66;G;
2002-05-02;1.44;G;
2002-05-03;1.34;G;
2002-05-04;1.63;G;
2002-05-05;4.06;G;
2002-05-06;4.29;G;
2002-05-07;2.83;G;
2002-05-08;2.02;G;
2002-05-09;1.61;G;
2002-05-10;1.28;G;
2002-05-11;1.04;G;
2002-05-12;0.909;G;
2002-05-13;0.796;G;
2002-05-14;0.952;G;
2002-05-15;0.978;G;
2002-05-16;1.03;G;
2002-05-17;1.27;G;
2002-05-18;1.08;G;
2002-05-19;0.885;G;
2002-05-20;0.681;G;
2002-05-21;0.589;G;
2002-05-22;0.513;G;
2002-05-23;0.423;G;
2002-05-24;0.556;G;
2002-05-25;0.817;G;
2002-05-26;0.732;G;
2002-05-27;0.770;G;
2002-05-28;0.867;G;
2002-05-29;0.808;G;
2002-05-30;1.04;G;
2002-05-31;0.909;G;
2002-06-01;0.694;G;
2002-06-02;0.668;G;
2002-06-03;0.558;G;
2002-06-04;0.423;G;
2002-06-05;0.340;G;
2002-06-06;0.307;G;
2002-06-07;0.259;G;
2002-06-08;0.249;G;
2002-06-09;0.234;G;
2002-06-10;0.308;G;
2002-06-11;0.308;G;
2002-06-12;0.368;G;
2002-06-13;0.383;G;
2002-06-14;0.308;G;
2002-06-15;0.278;G;
2002-06-16;0.243;G;
2002-06-17;0.233;G;
2002-06-18;0.217;G;
2002-06-19;0.256;G;
2002-06-20;0.243;G;
2002-06-21;0.269;G;
2002-06-22;0.223;G;
2002-06-23;0.210;G;
2002-06-24;0.216;G;
2002-06-25;0.202;G;
2002-06-26;0.182;G;
2002-06-27;0.289;G;
2002-06-28;0.273;G;
2002-06-29;1.13;G;
2002-06-30;1.32;G;
2002-07-01;1.31;G;
2002-07-02;1.30;G;
2002-07-03;1.05;G;
2002-07-04;0.867;G;
2002-07-05;0.680;G;
2002-07-06;0.575;G;
2002-07-07;0.467;G;
2002-07-08;0.409;G;
2002-07-09;0.334;G;
2002-07-10;0.272;G;
2002-07-11;0.219;G;
2002-07-12;0.209;G;
2002-07-13;0.184;G;
2002-07-14;0.175;G;
2002-07-15;0.201;G;
2002-07-16;0.125;G;
2002-07-17;0.139;G;
2002-07-18;0.141;G;
2002-07-19;0.157;G;
2002-07-20;0.157;G;
2002-07-21;0.163;G;
2002-07-22;1.37;G;
2002-07-23;3.67;G;
2002-07-24;2.17;G;
2002-07-25;1.27;G;
2002-07-26;0.880;G;
2002-07-27;0.599;G;
2002-07-28;0.456;G;
2002-07-29;0.308;G;
2002-07-30;0.229;G;
2002-07-31;0.230;G;
2002-08-01;0.231;G;
2002-08-02;0.243;G;
2002-08-03;0.384;G;
2002-08-04;0.324;G;
2002-08-05;0.295;G;
2002-08-06;0.276;G;
2002-08-07;0.257;G;
2002-08-08;0.241;G;
2002-08-09;0.226;G;
2002-08-10;0.209;G;
2002-08-11;0.195;G;
2002-08-12;0.163;G;
2002-08-13;0.124;G;
2002-08-14;0.118;G;
2002-08-15;0.099;G;
2002-08-16;0.095;G;
2002-08-17;0.085;G;
2002-08-18;0.103;G;
2002-08-19;0.108;G;
2002-08-20;0.094;G;
2002-08-21;0.087;G;
2002-08-22;0.075;G;
2002-08-23;0.065;G;
2002-08-24;0.070;G;
2002-08-25;0.078;G;
2002-08-26;0.069;G;
2002-08-27;0.068;G;
2002-08-28;0.106;G;
2002-08-29;0.085;G;
2002-08-30;0.066;G;
2002-08-31;0.054;G;
2002-09-01;0.054;G;
2002-09-02;0.052;G;
2002-09-03;0.052;G;
2002-09-04;0.051;G;
2002-09-05;0.051;G;
2002-09-06;0.051;G;
2002-09-07;0.051;G;
2002-09-08;0.052;G;
2002-09-09;0.054;G;
2002-09-10;0.057;G;
2002-09-11;0.052;G;
2002-09-12;0.054;G;
2002-09-13;0.052;G;
2002-09-14;0.045;G;
2002-09-15;0.047;G;
2002-09-16;0.047;G;
2002-09-17;0.048;G;
2002-09-18;0.053;G;
2002-09-19;0.050;G;
2002-09-20;0.074;G;
2002-09-21;0.063;G;
2002-09-22;0.204;G;
2002-09-23;0.143;G;
2002-09-24;0.157;G;
2002-09-25;0.121;G;
2002-09-26;0.200;G;
2002-09-27;0.118;G;
2002-09-28;0.102;G;
2002-09-29;0.100;G;
2002-09-30;0.102;G;
2002-10-01;0.110;G;
2002-10-02;0.091;G;
2002-10-03;0.090;G;
2002-10-04;0.230;G;
2002-10-05;0.155;G;
2002-10-06;0.141;G;
2002-10-07;0.128;G;
2002-10-08;0.122;G;
2002-10-09;0.117;G;
2002-10-10;0.116;G;
2002-10-11;0.151;G;
2002-10-12;0.280;G;
2002-10-13;0.241;G;
2002-10-14;0.405;G;
2002-10-15;0.422;G;
2002-10-16;0.506;G;
2002-10-17;1.34;G;
2002-10-18;2.95;G;
2002-10-19;3.58;G;
2002-10-20;2.49;G;
2002-10-21;1.86;G;
2002-10-22;1.83;G;
2002-10-23;2.32;G;
2002-10-24;2.95;G;
2002-10-25;2.47;G;
2002-10-26;3.94;G;
2002-10-27;4.58;G;
2002-10-28;7.38;G;
2002-10-29;6.06;G;
2002-10-30;4.11;G;
2002-10-31;3.04;G;
2002-11-01;2.50;G;
2002-11-02;2.15;G;
2002-11-03;1.85;G;
2002-11-04;2.43;G;
2002-11-05;3.58;G;
2002-11-06;3.09;G;
2002-11-07;2.47;G;
2002-11-08;2.17;G;
2002-11-09;2.16;G;
2002-11-10;1.94;G;
2002-11-11;1.74;G;
2002-11-12;1.58;G;
2002-11-13;1.72;G;
2002-11-14;2.07;G;
2002-11-15;2.14;G;
2002-11-16;1.98;G;
2002-11-17;4.95;G;
2002-11-18;7.87;G;
2002-11-19;5.25;G;
2002-11-20;3.75;G;
2002-11-21;2.95;G;
2002-11-22;2.47;G;
2002-11-23;2.31;G;
2002-11-24;2.90;G;
2002-11-25;3.64;G;
2002-11-26;3.12;G;
2002-11-27;2.62;G;
2002-11-28;2.31;G;
2002-11-29;2.32;G;
2002-11-30;4.18;G;
2002-12-01;6.18;G;
2002-12-02;5.06;G;
2002-12-03;4.73;G;
2002-12-04;4.00;G;
2002-12-05;3.80;G;
2002-12-06;3.58;G;
2002-12-07;2.86;G;
2002-12-08;2.40;G;
2002-12-09;2.17;G;
2002-12-10;1.87;G;
2002-12-11;1.61;G;
2002-12-12;1.44;G;
2002-12-13;1.36;G;
2002-12-14;1.26;G;
2002-12-15;1.22;G;
2002-12-16;1.21;G;
2002-12-17;1.19;G;
2002-12-18;1.14;G;
2002-12-19;1.12;G;
2002-12-20;1.10;G;
2002-12-21;1.06;G;
2002-12-22;1.00;G;
2002-12-23;0.943;G;
2002-12-24;0.881;G;
2002-12-25;0.811;G;
2002-12-26;0.748;G;
2002-12-27;1.05;G;
2002-12-28;6.38;G;
2002-12-29;9.07;G;
2002-12-30;5.73;G;
2002-12-31;3.30;G;
2003-01-01;2.91;G;
2003-01-02;2.71;G;
2003-01-03;2.54;G;
2003-01-04;2.35;G;
2003-01-05;2.21;G;
2003-01-06;2.09;G;
2003-01-07;1.96;G;
2003-01-08;1.89;G;
2003-01-09;1.84;G;
2003-01-10;1.79;G;
2003-01-11;1.77;G;
2003-01-12;2.02;G;
2003-01-13;4.11;G;
2003-01-14;9.18;G;
2003-01-15;12.3;G;
2003-01-16;8.42;G;
2003-01-17;5.27;G;
2003-01-18;3.98;G;
2003-01-19;3.45;G;
2003-01-20;3.46;G;
2003-01-21;3.93;G;
2003-01-22;3.70;G;
2003-01-23;3.06;G;
2003-01-24;2.69;G;
2003-01-25;2.63;G;
2003-01-26;3.22;G;
2003-01-27;3.88;G;
2003-01-28;7.57;G;
2003-01-29;7.77;G;
2003-01-30;4.94;G;
2003-01-31;3.25;G;
2003-02-01;2.57;G;
2003-02-02;2.13;G;
2003-02-03;1.78;G;
2003-02-04;1.52;G;
2003-02-05;1.36;G;
2003-02-06;1.27;G;
2003-02-07;1.21;G;
2003-02-08;1.16;G;
2003-02-09;1.12;G;
2003-02-10;1.07;G;
2003-02-11;1.03;G;
2003-02-12;0.988;G;
2003-02-13;0.946;G;
2003-02-14;0.906;G;
2003-02-15;0.866;G;
2003-02-16;0.826;G;
2003-02-17;0.786;G;
2003-02-18;0.747;G;
2003-02-19;0.709;G;
2003-02-20;0.674;G;
2003-02-21;0.644;G;
2003-02-22;0.619;G;
2003-02-23;0.600;G;
2003-02-24;0.585;G;
2003-02-25;0.574;G;
2003-02-26;0.566;G;
2003-02-27;0.559;G;
2003-02-28;0.531;G;
2003-03-01;0.598;G;
2003-03-02;0.548;G;
2003-03-03;0.603;G;
2003-03-04;0.473;G;
2003-03-05;0.46;G;
2003-03-06;0.448;G;
2003-03-07;0.450;G;
2003-03-08;0.646;G;
2003-03-09;1.50;G;
2003-03-10;2.21;G;
2003-03-11;2.68;G;
2003-03-12;2.86;G;
2003-03-13;2.20;G;
2003-03-14;1.69;G;
2003-03-15;1.41;G;
2003-03-16;1.35;G;
2003-03-17;1.37;G;
2003-03-18;1.37;G;
2003-03-19;1.35;G;
2003-03-20;1.37;G;
2003-03-21;1.21;G;
2003-03-22;1.08;G;
2003-03-23;1.03;G;
2003-03-24;1.01;G;
2003-03-25;1.02;G;
2003-03-26;0.983;G;
2003-03-27;0.951;G;
2003-03-28;0.927;G;
2003-03-29;0.899;G;
2003-03-30;0.857;G;
2003-03-31;0.931;G;
2003-04-01;0.984;G;
2003-04-02;1.03;G;
2003-04-03;1.07;G;
2003-04-04;0.972;G;
2003-04-05;0.962;G;
2003-04-06;0.889;G;
2003-04-07;0.738;G;
2003-04-08;0.689;G;
2003-04-09;0.649;G;
2003-04-10;0.721;G;
2003-04-11;1.03;G;
2003-04-12;1.42;G;
2003-04-13;1.46;G;
2003-04-14;1.29;G;
2003-04-15;1.11;G;
2003-04-16;0.994;G;
2003-04-17;0.886;G;
2003-04-18;0.815;G;
2003-04-19;0.758;G;
2003-04-20;0.701;G;
2003-04-21;0.647;G;
2003-04-22;0.59;G;
2003-04-23;0.550;G;
2003-04-24;0.522;G;
2003-04-25;0.502;G;
2003-04-26;0.468;G;
2003-04-27;0.811;G;
2003-04-28;1.14;G;
2003-04-29;1.25;G;
2003-04-30;1.29;G;
2003-05-01;2.83;G;
2003-05-02;3.13;G;
2003-05-03;2.69;G;
2003-05-04;2.98;G;
2003-05-05;2.31;G;
2003-05-06;1.80;G;
2003-05-07;1.48;G;
2003-05-08;1.25;G;
2003-05-09;1.08;G;
2003-05-10;0.906;G;
2003-05-11;0.775;G;
2003-05-12;0.703;G;
2003-05-13;0.734;G;
2003-05-14;0.798;G;
2003-05-15;0.722;G;
2003-05-16;0.658;G;
2003-05-17;0.572;G;
2003-05-18;0.523;G;
2003-05-19;0.545;G;
2003-05-20;0.653;G;
2003-05-21;0.726;G;
2003-05-22;0.682;G;
2003-05-23;1.14;G;
2003-05-24;1.95;G;
2003-05-25;1.59;G;
2003-05-26;1.16;G;
2003-05-27;0.829;G;
2003-05-28;0.675;G;
2003-05-29;0.574;G;
2003-05-30;0.493;G;
2003-05-31;0.429;G;
2003-06-01;0.364;G;
2003-06-02;0.312;G;
2003-06-03;0.270;G;
2003-06-04;0.241;G;
2003-06-05;0.216;G;
2003-06-06;0.202;G;
2003-06-07;0.196;G;
2003-06-08;0.217;G;
2003-06-09;0.253;G;
2003-06-10;0.255;G;
2003-06-11;0.236;G;
2003-06-12;0.200;G;
2003-06-13;0.163;G;
2003-06-14;0.141;G;
2003-06-15;0.111;G;
2003-06-16;0.255;G;
2003-06-17;0.208;G;
2003-06-18;0.157;G;
2003-06-19;0.139;G;
2003-06-20;0.129;G;
2003-06-21;0.128;G;
2003-06-22;0.119;G;
2003-06-23;0.120;G;
2003-06-24;0.185;G;
2003-06-25;0.173;G;
2003-06-26;0.150;G;
2003-06-27;0.130;G;
2003-06-28;0.130;G;
2003-06-29;0.147;G;
2003-06-30;0.153;G;
2003-07-01;0.188;G;
2003-07-02;0.215;G;
2003-07-03;0.212;G;
2003-07-04;0.547;G;
2003-07-05;0.870;G;
2003-07-06;1.06;G;
2003-07-07;0.704;G;
2003-07-08;0.466;G;
2003-07-09;0.368;G;
2003-07-10;0.259;G;
2003-07-11;0.241;G;
2003-07-12;0.291;G;
2003-07-13;0.281;G;
2003-07-14;0.200;G;
2003-07-15;0.117;G;
2003-07-16;0.105;G;
2003-07-17;0.105;G;
2003-07-18;0.095;G;
2003-07-19;0.077;G;
2003-07-20;0.074;G;
2003-07-21;0.066;G;
2003-07-22;0.081;G;
2003-07-23;0.097;G;
2003-07-24;0.063;G;
2003-07-25;0.06;G;
2003-07-26;0.125;G;
2003-07-27;0.060;G;
2003-07-28;0.072;G;
2003-07-29;0.064;G;
2003-07-30;0.049;G;
2003-07-31;0.042;G;
2003-08-01;0.037;G;
2003-08-02;0.081;G;
2003-08-03;0.048;G;
2003-08-04;0.047;G;
2003-08-05;0.040;G;
2003-08-06;0.038;G;
2003-08-07;0.034;G;
2003-08-08;0.031;G;
2003-08-09;0.023;G;
2003-08-10;0.024;G;
2003-08-11;0.029;G;
2003-08-12;0.038;G;
2003-08-13;0.032;G;
2003-08-14;0.037;G;
2003-08-15;0.188;G;
2003-08-16;0.063;G;
2003-08-17;0.039;G;
2003-08-18;0.052;G;
2003-08-19;0.064;G;
2003-08-20;0.052;G;
2003-08-21;0.054;G;
2003-08-22;0.050;G;
2003-08-23;0.079;G;
2003-08-24;0.048;G;
2003-08-25;0.091;G;
2003-08-26;0.057;G;
2003-08-27;0.058;G;
2003-08-28;0.051;G;
2003-08-29;0.133;G;
2003-08-30;0.112;G;
2003-08-31;0.502;G;
2003-09-01;0.291;G;
2003-09-02;0.163;G;
2003-09-03;0.136;G;
2003-09-04;0.116;G;
2003-09-05;0.106;G;
2003-09-06;0.093;G;
2003-09-07;0.083;G;
2003-09-08;0.065;G;
2003-09-09;0.075;G;
2003-09-10;0.116;G;
2003-09-11;0.117;G;
2003-09-12;0.076;G;
2003-09-13;0.073;G;
2003-09-14;0.072;G;
2003-09-15;0.068;G;
2003-09-16;0.076;G;
2003-09-17;0.062;G;
2003-09-18;0.060;G;
2003-09-19;0.056;G;
2003-09-20;0.048;G;
2003-09-21;0.128;G;
2003-09-22;0.068;G;
2003-09-23;0.078;G;
2003-09-24;0.046;G;
2003-09-25;0.054;G;
2003-09-26;0.050;G;
2003-09-27;0.056;G;
2003-09-28;0.051;G;
2003-09-29;0.081;G;
2003-09-30;0.074;G;
2003-10-01;0.066;G;
2003-10-02;0.060;G;
2003-10-03;0.067;G;
2003-10-04;0.103;G;
2003-10-05;0.077;G;
2003-10-06;0.076;G;
2003-10-07;0.168;G;
2003-10-08;0.106;G;
2003-10-09;0.265;G;
2003-10-10;0.190;G;
2003-10-11;0.139;G;
2003-10-12;0.142;G;
2003-10-13;0.145;G;
2003-10-14;0.151;G;
2003-10-15;0.124;G;
2003-10-16;0.108;G;
2003-10-17;0.116;G;
2003-10-18;0.095;G;
2003-10-19;0.159;G;
2003-10-20;0.268;G;
2003-10-21;0.286;G;
2003-10-22;0.379;G;
2003-10-23;0.350;G;
2003-10-24;0.302;G;
2003-10-25;0.316;G;
2003-10-26;0.287;G;
2003-10-27;0.283;G;
2003-10-28;0.286;G;
2003-10-29;0.284;G;
2003-10-30;0.328;G;
2003-10-31;0.341;G;
2003-11-01;0.351;G;
2003-11-02;0.352;G;
2003-11-03;0.435;G;
2003-11-04;0.539;G;
2003-11-05;0.555;G;
2003-11-06;0.502;G;
2003-11-07;0.442;G;
2003-11-08;0.397;G;
2003-11-09;0.350;G;
2003-11-10;0.355;G;
2003-11-11;0.289;G;
2003-11-12;0.290;G;
2003-11-13;0.280;G;
2003-11-14;0.264;G;
2003-11-15;0.236;G;
2003-11-16;0.254;G;
2003-11-17;0.254;G;
2003-11-18;0.276;G;
2003-11-19;0.739;G;
2003-11-20;1.42;G;
2003-11-21;1.79;G;
2003-11-22;2.29;G;
2003-11-23;2.71;G;
2003-11-24;2.29;G;
2003-11-25;1.88;G;
2003-11-26;1.80;G;
2003-11-27;2.30;G;
2003-11-28;2.60;G;
2003-11-29;2.08;G;
2003-11-30;1.72;G;
2003-12-01;1.46;G;
2003-12-02;1.27;G;
2003-12-03;1.10;G;
2003-12-04;1.01;G;
2003-12-05;0.965;G;
2003-12-06;1.08;G;
2003-12-07;0.949;G;
2003-12-08;0.856;G;
2003-12-09;0.859;G;
2003-12-10;0.801;G;
2003-12-11;0.809;G;
2003-12-12;0.919;G;
2003-12-13;1.35;G;
2003-12-14;2.65;G;
2003-12-15;2.48;G;
2003-12-16;1.82;G;
2003-12-17;1.55;G;
2003-12-18;2.22;G;
2003-12-19;2.18;G;
2003-12-20;1.90;G;
2003-12-21;3.69;G;
2003-12-22;4.34;G;
2003-12-23;2.74;G;
2003-12-24;1.00;G;
2003-12-25;2.80;G;
2003-12-26;2.85;G;
2003-12-27;2.37;G;
2003-12-28;1.81;G;
2003-12-29;3.75;G;
2003-12-30;4.39;G;
2003-12-31;3.25;G;
2004-01-01;2.26;G;
2004-01-02;1.65;G;
2004-01-03;1.31;G;
2004-01-04;1.20;G;
2004-01-05;1.17;G;
2004-01-06;1.14;G;
2004-01-07;1.09;G;
2004-01-08;1.03;G;
2004-01-09;1.08;G;
2004-01-10;1.04;G;
2004-01-11;1.11;G;
2004-01-12;2.36;G;
2004-01-13;2.75;G;
2004-01-14;2.83;G;
2004-01-15;2.45;G;
2004-01-16;2.12;G;
2004-01-17;2.24;G;
2004-01-18;1.92;G;
2004-01-19;1.89;G;
2004-01-20;1.76;G;
2004-01-21;1.51;G;
2004-01-22;1.30;G;
2004-01-23;1.20;G;
2004-01-24;1.16;G;
2004-01-25;1.11;G;
2004-01-26;1.06;G;
2004-01-27;0.977;G;
2004-01-28;0.932;G;
2004-01-29;0.924;G;
2004-01-30;0.871;G;
2004-01-31;1.05;G;
2004-02-01;9.18;G;
2004-02-02;8.45;G;
2004-02-03;11.2;G;
2004-02-04;19.9;G;
2004-02-05;17.7;G;
2004-02-06;14.7;G;
2004-02-07;11.2;G;
2004-02-08;8.19;G;
2004-02-09;6.21;G;
2004-02-10;4.45;G;
2004-02-11;3.61;G;
2004-02-12;2.92;G;
2004-02-13;2.45;G;
2004-02-14;2.21;G;
2004-02-15;2.12;G;
2004-02-16;1.89;G;
2004-02-17;1.85;G;
2004-02-18;2.03;G;
2004-02-19;1.86;G;
2004-02-20;1.76;G;
2004-02-21;1.70;G;
2004-02-22;1.33;G;
2004-02-23;1.19;G;
2004-02-24;1.09;G;
2004-02-25;1.12;G;
2004-02-26;0.984;G;
2004-02-27;1.04;G;
2004-02-28;0.977;G;
2004-02-29;1.02;G;
2004-03-01;1.02;G;
2004-03-02;1.01;G;
2004-03-03;0.964;G;
2004-03-04;1.08;G;
2004-03-05;1.02;G;
2004-03-06;0.992;G;
2004-03-07;0.680;G;
2004-03-08;0.710;G;
2004-03-09;0.625;G;
2004-03-10;0.608;G;
2004-03-11;0.648;G;
2004-03-12;0.736;G;
2004-03-13;0.853;G;
2004-03-14;2.30;G;
2004-03-15;3.85;G;
2004-03-16;4.87;G;
2004-03-17;4.57;G;
2004-03-18;3.70;G;
2004-03-19;4.17;G;
2004-03-20;6.30;G;
2004-03-21;10.9;G;
2004-03-22;12.8;G;
2004-03-23;9.06;G;
2004-03-24;6.61;G;
2004-03-25;4.87;G;
2004-03-26;3.83;G;
2004-03-27;3.17;G;
2004-03-28;2.93;G;
2004-03-29;2.83;G;
2004-03-30;2.67;G;
2004-03-31;2.36;G;
2004-04-01;2.06;G;
2004-04-02;1.80;G;
2004-04-03;1.61;G;
2004-04-04;1.56;G;
2004-04-05;1.72;G;
2004-04-06;1.73;G;
2004-04-07;1.88;G;
2004-04-08;1.94;G;
2004-04-09;2.21;G;
2004-04-10;1.95;G;
2004-04-11;1.63;G;
2004-04-12;1.45;G;
2004-04-13;1.34;G;
2004-04-14;1.23;G;
2004-04-15;1.11;G;
2004-04-16;1.04;G;
2004-04-17;0.978;G;
2004-04-18;0.932;G;
2004-04-19;0.881;G;
2004-04-20;0.829;G;
2004-04-21;0.768;G;
2004-04-22;0.725;G;
2004-04-23;0.693;G;
2004-04-24;0.705;G;
2004-04-25;0.672;G;
2004-04-26;0.911;G;
2004-04-27;0.892;G;
2004-04-28;0.768;G;
2004-04-29;0.655;G;
2004-04-30;0.595;G;
2004-05-01;0.534;G;
2004-05-02;0.500;G;
2004-05-03;0.509;G;
2004-05-04;0.592;G;
2004-05-05;0.622;G;
2004-05-06;0.541;G;
2004-05-07;0.466;G;
2004-05-08;0.489;G;
2004-05-09;0.630;G;
2004-05-10;0.826;G;
2004-05-11;1.66;G;
2004-05-12;1.68;G;
2004-05-13;2.41;G;
2004-05-14;1.80;G;
2004-05-15;1.46;G;
2004-05-16;1.51;G;
2004-05-17;1.22;G;
2004-05-18;0.961;G;
2004-05-19;0.757;G;
2004-05-20;0.650;G;
2004-05-21;0.539;G;
2004-05-22;0.468;G;
2004-05-23;0.414;G;
2004-05-24;0.376;G;
2004-05-25;0.34;G;
2004-05-26;0.360;G;
2004-05-27;0.351;G;
2004-05-28;0.357;G;
2004-05-29;0.337;G;
2004-05-30;0.317;G;
2004-05-31;0.284;G;
2004-06-01;0.238;G;
2004-06-02;0.216;G;
2004-06-03;0.187;G;
2004-06-04;0.187;G;
2004-06-05;0.193;G;
2004-06-06;0.187;G;
2004-06-07;0.212;G;
2004-06-08;0.195;G;
2004-06-09;0.167;G;
2004-06-10;0.154;G;
2004-06-11;0.170;G;
2004-06-12;0.164;G;
2004-06-13;0.159;G;
2004-06-14;0.157;G;
2004-06-15;0.334;G;
2004-06-16;0.257;G;
2004-06-17;0.2;G;
2004-06-18;0.181;G;
2004-06-19;0.322;G;
2004-06-20;0.272;G;
2004-06-21;0.239;G;
2004-06-22;0.212;G;
2004-06-23;0.375;G;
2004-06-24;0.562;G;
2004-06-25;0.919;G;
2004-06-26;1.46;G;
2004-06-27;1.40;G;
2004-06-28;1.32;G;
2004-06-29;1.63;G;
2004-06-30;1.83;G;
2004-07-01;1.54;G;
2004-07-02;1.53;G;
2004-07-03;1.23;G;
2004-07-04;1.09;G;
2004-07-05;1.37;G;
2004-07-06;1.09;G;
2004-07-07;0.849;G;
2004-07-08;0.747;G;
2004-07-09;1.16;G;
2004-07-10;1.95;G;
2004-07-11;4.69;G;
2004-07-12;6.91;G;
2004-07-13;5.09;G;
2004-07-14;3.50;G;
2004-07-15;2.63;G;
2004-07-16;2.08;G;
2004-07-17;1.60;G;
2004-07-18;1.31;G;
2004-07-19;4.92;G;
2004-07-20;4.94;G;
2004-07-21;3.93;G;
2004-07-22;3.92;G;
2004-07-23;3.29;G;
2004-07-24;2.82;G;
2004-07-25;2.54;G;
2004-07-26;2.29;G;
2004-07-27;1.88;G;
2004-07-28;1.48;G;
2004-07-29;1.20;G;
2004-07-30;0.976;G;
2004-07-31;0.807;G;
2004-08-01;0.765;G;
2004-08-02;0.531;G;
2004-08-03;0.580;G;
2004-08-04;0.719;G;
2004-08-05;0.703;G;
2004-08-06;0.570;G;
2004-08-07;0.445;G;
2004-08-08;0.380;G;
2004-08-09;0.323;G;
2004-08-10;0.281;G;
2004-08-11;0.235;G;
2004-08-12;0.22;G;
2004-08-13;0.343;G;
2004-08-14;0.353;G;
2004-08-15;0.276;G;
2004-08-16;0.280;G;
2004-08-17;0.263;G;
2004-08-18;0.265;G;
2004-08-19;0.252;G;
2004-08-20;0.200;G;
2004-08-21;0.279;G;
2004-08-22;0.246;G;
2004-08-23;0.209;G;
2004-08-24;0.166;G;
2004-08-25;0.263;G;
2004-08-26;0.443;G;
2004-08-27;0.363;G;
2004-08-28;0.459;G;
2004-08-29;0.349;G;
2004-08-30;0.346;G;
2004-08-31;0.321;G;
2004-09-01;0.481;G;
2004-09-02;0.678;G;
2004-09-03;0.635;G;
2004-09-04;0.534;G;
2004-09-05;0.395;G;
2004-09-06;0.357;G;
2004-09-07;0.297;G;
2004-09-08;0.259;G;
2004-09-09;0.228;G;
2004-09-10;0.208;G;
2004-09-11;0.211;G;
2004-09-12;0.210;G;
2004-09-13;0.209;G;
2004-09-14;0.194;G;
2004-09-15;0.246;G;
2004-09-16;0.278;G;
2004-09-17;0.255;G;
2004-09-18;0.216;G;
2004-09-19;0.293;G;
2004-09-20;0.394;G;
2004-09-21;0.902;G;
2004-09-22;1.02;G;
2004-09-23;0.954;G;
2004-09-24;0.773;G;
2004-09-25;0.642;G;
2004-09-26;0.584;G;
2004-09-27;0.564;G;
2004-09-28;0.516;G;
2004-09-29;0.498;G;
2004-09-30;0.458;G;
2004-10-01;0.429;G;
2004-10-02;0.395;G;
2004-10-03;0.390;G;
2004-10-04;0.298;G;
2004-10-05;0.302;G;
2004-10-06;0.321;G;
2004-10-07;0.318;G;
2004-10-08;0.320;G;
2004-10-09;0.300;G;
2004-10-10;0.285;G;
2004-10-11;0.277;G;
2004-10-12;0.248;G;
2004-10-13;0.237;G;
2004-10-14;0.249;G;
2004-10-15;0.242;G;
2004-10-16;0.295;G;
2004-10-17;1.32;G;
2004-10-18;5.90;G;
2004-10-19;5.81;G;
2004-10-20;3.96;G;
2004-10-21;2.90;G;
2004-10-22;2.49;G;
2004-10-23;2.30;G;
2004-10-24;3.06;G;
2004-10-25;3.32;G;
2004-10-26;2.74;G;
2004-10-27;2.20;G;
2004-10-28;1.82;G;
2004-10-29;1.67;G;
2004-10-30;1.61;G;
2004-10-31;1.83;G;
2004-11-01;1.73;G;
2004-11-02;1.55;G;
2004-11-03;1.40;G;
2004-11-04;1.34;G;
2004-11-05;1.42;G;
2004-11-06;1.56;G;
2004-11-07;1.45;G;
2004-11-08;1.29;G;
2004-11-09;1.18;G;
2004-11-10;1.53;G;
2004-11-11;1.92;G;
2004-11-12;1.78;G;
2004-11-13;1.91;G;
2004-11-14;1.79;G;
2004-11-15;1.63;G;
2004-11-16;1.66;G;
2004-11-17;1.53;G;
2004-11-18;2.66;G;
2004-11-19;3.05;G;
2004-11-20;2.12;G;
2004-11-21;1.56;G;
2004-11-22;1.71;G;
2004-11-23;4.51;G;
2004-11-24;3.52;G;
2004-11-25;3.13;G;
2004-11-26;4.51;G;
2004-11-27;5.29;G;
2004-11-28;4.92;G;
2004-11-29;4.21;G;
2004-11-30;3.50;G;
2004-12-01;3.01;G;
2004-12-02;3.34;G;
2004-12-03;3.62;G;
2004-12-04;3.23;G;
2004-12-05;2.86;G;
2004-12-06;2.54;G;
2004-12-07;2.26;G;
2004-12-08;2.04;G;
2004-12-09;1.83;G;
2004-12-10;1.71;G;
2004-12-11;1.60;G;
2004-12-12;1.51;G;
2004-12-13;1.44;G;
2004-12-14;1.40;G;
2004-12-15;1.42;G;
2004-12-16;1.63;G;
2004-12-17;2.21;G;
2004-12-18;3.01;G;
2004-12-19;3.12;G;
2004-12-20;2.53;G;
2004-12-21;2.09;G;
2004-12-22;2.19;G;
2004-12-23;6.96;G;
2004-12-24;9.08;G;
2004-12-25;11.5;G;
2004-12-26;10.1;G;
2004-12-27;6.35;G;
2004-12-28;4.39;G;
2004-12-29;3.41;G;
2004-12-30;3.52;G;
2004-12-31;4.45;G;
2005-01-01;3.87;G;
2005-01-02;4.10;G;
2005-01-03;4.12;G;
2005-01-04;7.38;G;
2005-01-05;7.61;G;
2005-01-06;5.60;G;
2005-01-07;5.19;G;
2005-01-08;10.1;G;
2005-01-09;7.55;G;
2005-01-10;7.81;G;
2005-01-11;7.21;G;
2005-01-12;6.00;G;
2005-01-13;5.18;G;
2005-01-14;4.02;G;
2005-01-15;3.20;G;
2005-01-16;2.73;G;
2005-01-17;2.66;G;
2005-01-18;3.33;G;
2005-01-19;4.35;G;
2005-01-20;4.66;G;
2005-01-21;5.77;G;
2005-01-22;4.01;G;
2005-01-23;2.85;G;
2005-01-24;2.19;G;
2005-01-25;1.86;G;
2005-01-26;1.70;G;
2005-01-27;1.66;G;
2005-01-28;1.65;G;
2005-01-29;1.62;G;
2005-01-30;1.63;G;
2005-01-31;2.68;G;
2005-02-01;2.67;G;
2005-02-02;1.98;G;
2005-02-03;1.69;G;
2005-02-04;1.66;G;
2005-02-05;1.94;G;
2005-02-06;1.95;G;
2005-02-07;1.67;G;
2005-02-08;1.24;G;
2005-02-09;1.11;G;
2005-02-10;1.84;G;
2005-02-11;2.85;G;
2005-02-12;2.46;G;
2005-02-13;2.26;G;
2005-02-14;1.99;G;
2005-02-15;1.72;G;
2005-02-16;1.37;G;
2005-02-17;1.30;G;
2005-02-18;1.53;G;
2005-02-19;1.54;G;
2005-02-20;1.48;G;
2005-02-21;1.41;G;
2005-02-22;1.34;G;
2005-02-23;0.921;G;
2005-02-24;0.967;G;
2005-02-25;1.22;G;
2005-02-26;1.15;G;
2005-02-27;1.00;G;
2005-02-28;0.933;G;
2005-03-01;0.895;G;
2005-03-02;0.873;G;
2005-03-03;0.857;G;
2005-03-04;0.845;G;
2005-03-05;0.833;G;
2005-03-06;0.818;G;
2005-03-07;0.877;G;
2005-03-08;1.15;G;
2005-03-09;0.983;G;
2005-03-10;0.959;G;
2005-03-11;1.16;G;
2005-03-12;1.22;G;
2005-03-13;1.11;G;
2005-03-14;1.09;G;
2005-03-15;1.06;G;
2005-03-16;2.19;G;
2005-03-17;14.4;G;
2005-03-18;24.4;G;
2005-03-19;17.3;G;
2005-03-20;11.6;G;
2005-03-21;7.42;G;
2005-03-22;5.42;G;
2005-03-23;4.71;G;
2005-03-24;5.63;G;
2005-03-25;7.56;G;
2005-03-26;7.65;G;
2005-03-27;6.11;G;
2005-03-28;5.05;G;
2005-03-29;4.31;G;
2005-03-30;3.53;G;
2005-03-31;2.97;G;
2005-04-01;2.82;G;
2005-04-02;2.68;G;
2005-04-03;2.53;G;
2005-04-04;2.39;G;
2005-04-05;2.35;G;
2005-04-06;2.29;G;
2005-04-07;2.18;G;
2005-04-08;2.12;G;
2005-04-09;1.86;G;
2005-04-10;1.62;G;
2005-04-11;1.48;G;
2005-04-12;1.39;G;
2005-04-13;1.31;G;
2005-04-14;1.25;G;
2005-04-15;1.18;G;
2005-04-16;1.07;G;
2005-04-17;0.976;G;
2005-04-18;0.879;G;
2005-04-19;0.794;G;
2005-04-20;0.713;G;
2005-04-21;0.659;G;
2005-04-22;0.610;G;
2005-04-23;0.581;G;
2005-04-24;0.517;G;
2005-04-25;0.483;G;
2005-04-26;0.450;G;
2005-04-27;0.422;G;
2005-04-28;0.406;G;
2005-04-29;0.400;G;
2005-04-30;0.369;G;
2005-05-01;0.354;G;
2005-05-02;0.600;G;
2005-05-03;0.956;G;
2005-05-04;0.832;G;
2005-05-05;0.724;G;
2005-05-06;0.651;G;
2005-05-07;0.634;G;
2005-05-08;0.625;G;
2005-05-09;0.580;G;
2005-05-10;0.599;G;
2005-05-11;0.637;G;
2005-05-12;0.93;G;
2005-05-13;0.870;G;
2005-05-14;0.711;G;
2005-05-15;0.566;G;
2005-05-16;0.543;G;
2005-05-17;0.517;G;
2005-05-18;0.466;G;
2005-05-19;0.409;G;
2005-05-20;0.377;G;
2005-05-21;0.428;G;
2005-05-22;0.400;G;
2005-05-23;0.784;G;
2005-05-24;1.06;G;
2005-05-25;0.764;G;
2005-05-26;0.578;G;
2005-05-27;0.437;G;
2005-05-28;0.344;G;
2005-05-29;0.286;G;
2005-05-30;0.256;G;
2005-05-31;0.368;G;
2005-06-01;0.723;G;
2005-06-02;1.11;G;
2005-06-03;0.965;G;
2005-06-04;1.39;G;
2005-06-05;2.02;G;
2005-06-06;1.67;G;
2005-06-07;1.21;G;
2005-06-08;0.904;G;
2005-06-09;0.675;G;
2005-06-10;0.557;G;
2005-06-11;0.466;G;
2005-06-12;0.595;G;
2005-06-13;0.951;G;
2005-06-14;1.28;G;
2005-06-15;0.926;G;
2005-06-16;0.611;G;
2005-06-17;0.473;G;
2005-06-18;0.445;G;
2005-06-19;0.354;G;
2005-06-20;0.298;G;
2005-06-21;0.254;G;
2005-06-22;0.222;G;
2005-06-23;0.188;G;
2005-06-24;0.184;G;
2005-06-25;0.206;G;
2005-06-26;0.192;G;
2005-06-27;0.164;G;
2005-06-28;0.147;G;
2005-06-29;0.139;G;
2005-06-30;0.130;G;
2005-07-01;0.124;G;
2005-07-02;0.112;G;
2005-07-03;0.100;G;
2005-07-04;0.090;G;
2005-07-05;0.084;G;
2005-07-06;0.088;G;
2005-07-07;0.107;G;
2005-07-08;0.073;G;
2005-07-09;0.064;G;
2005-07-10;0.065;G;
2005-07-11;0.058;G;
2005-07-12;0.052;G;
2005-07-13;0.047;G;
2005-07-14;0.045;G;
2005-07-15;0.045;G;
2005-07-16;0.044;G;
2005-07-17;0.045;G;
2005-07-18;0.045;G;
2005-07-19;0.070;G;
2005-07-20;0.121;G;
2005-07-21;0.515;G;
2005-07-22;0.182;G;
2005-07-23;0.163;G;
2005-07-24;0.137;G;
2005-07-25;0.135;G;
2005-07-26;0.117;G;
2005-07-27;0.106;G;
2005-07-28;0.098;G;
2005-07-29;1.27;G;
2005-07-30;2.94;G;
2005-07-31;2.96;G;
2005-08-01;2.43;G;
2005-08-02;2.08;G;
2005-08-03;1.41;G;
2005-08-04;1.14;G;
2005-08-05;0.995;G;
2005-08-06;1.29;G;
2005-08-07;1.41;G;
2005-08-08;1.53;G;
2005-08-09;1.21;G;
2005-08-10;1.15;G;
2005-08-11;1.39;G;
2005-08-12;1.50;G;
2005-08-13;2.44;G;
2005-08-14;3.62;G;
2005-08-15;2.46;G;
2005-08-16;1.62;G;
2005-08-17;1.19;G;
2005-08-18;0.897;G;
2005-08-19;0.660;G;
2005-08-20;0.536;G;
2005-08-21;0.436;G;
2005-08-22;0.352;G;
2005-08-23;0.321;G;
2005-08-24;0.296;G;
2005-08-25;0.432;G;
2005-08-26;0.794;G;
2005-08-27;0.707;G;
2005-08-28;0.546;G;
2005-08-29;0.428;G;
2005-08-30;0.316;G;
2005-08-31;0.257;G;
2005-09-01;0.224;G;
2005-09-02;0.202;G;
2005-09-03;0.178;G;
2005-09-04;0.166;G;
2005-09-05;0.159;G;
2005-09-06;0.151;G;
2005-09-07;0.138;G;
2005-09-08;0.124;G;
2005-09-09;0.124;G;
2005-09-10;0.186;G;
2005-09-11;0.121;G;
2005-09-12;0.125;G;
2005-09-13;0.110;G;
2005-09-14;0.127;G;
2005-09-15;0.118;G;
2005-09-16;0.114;G;
2005-09-17;0.114;G;
2005-09-18;0.111;G;
2005-09-19;0.112;G;
2005-09-20;0.112;G;
2005-09-21;0.118;G;
2005-09-22;0.116;G;
2005-09-23;0.122;G;
2005-09-24;0.101;G;
2005-09-25;0.104;G;
2005-09-26;0.103;G;
2005-09-27;0.101;G;
2005-09-28;0.159;G;
2005-09-29;0.184;G;
2005-09-30;0.169;G;
2005-10-01;0.208;G;
2005-10-02;0.181;G;
2005-10-03;0.170;G;
2005-10-04;0.146;G;
2005-10-05;0.131;G;
2005-10-06;0.130;G;
2005-10-07;0.130;G;
2005-10-08;0.130;G;
2005-10-09;0.123;G;
2005-10-10;0.114;G;
2005-10-11;0.108;G;
2005-10-12;0.107;G;
2005-10-13;0.107;G;
2005-10-14;0.106;G;
2005-10-15;0.105;G;
2005-10-16;0.107;G;
2005-10-17;0.116;G;
2005-10-18;0.114;G;
2005-10-19;0.117;G;
2005-10-20;0.109;G;
2005-10-21;0.146;G;
2005-10-22;0.268;G;
2005-10-23;0.170;G;
2005-10-24;0.168;G;
2005-10-25;0.909;G;
2005-10-26;1.98;G;
2005-10-27;1.55;G;
2005-10-28;1.15;G;
2005-10-29;0.900;G;
2005-10-30;0.730;G;
2005-10-31;0.616;G;
2005-11-01;0.525;G;
2005-11-02;0.497;G;
2005-11-03;0.643;G;
2005-11-04;0.773;G;
2005-11-05;0.835;G;
2005-11-06;0.860;G;
2005-11-07;0.857;G;
2005-11-08;0.794;G;
2005-11-09;0.732;G;
2005-11-10;0.668;G;
2005-11-11;0.697;G;
2005-11-12;0.829;G;
2005-11-13;0.842;G;
2005-11-14;0.731;G;
2005-11-15;2.63;G;
2005-11-16;2.85;G;
2005-11-17;2.05;G;
2005-11-18;1.51;G;
2005-11-19;1.16;G;
2005-11-20;0.951;G;
2005-11-21;0.791;G;
2005-11-22;0.601;G;
2005-11-23;0.547;G;
2005-11-24;0.588;G;
2005-11-25;0.742;G;
2005-11-26;0.739;G;
2005-11-27;0.657;G;
2005-11-28;0.620;G;
2005-11-29;0.620;G;
2005-11-30;0.649;G;
2005-12-01;0.681;G;
2005-12-02;0.658;G;
2005-12-03;0.648;G;
2005-12-04;0.674;G;
2005-12-05;1.55;G;
2005-12-06;2.41;G;
2005-12-07;2.01;G;
2005-12-08;1.91;G;
2005-12-09;1.75;G;
2005-12-10;1.40;G;
2005-12-11;1.56;G;
2005-12-12;1.71;G;
2005-12-13;1.53;G;
2005-12-14;1.42;G;
2005-12-15;1.67;G;
2005-12-16;1.84;G;
2005-12-17;1.43;G;
2005-12-18;1.10;G;
2005-12-19;0.935;G;
2005-12-20;0.898;G;
2005-12-21;0.800;G;
2005-12-22;1.02;G;
2005-12-23;1.26;G;
2005-12-24;2.02;G;
2005-12-25;2.66;G;
2005-12-26;2.02;G;
2005-12-27;1.60;G;
2005-12-28;1.41;G;
2005-12-29;1.26;G;
2005-12-30;1.36;G;
2005-12-31;1.39;G;
2006-01-01;1.44;G;
2006-01-02;1.71;G;
2006-01-03;2.00;G;
2006-01-04;1.95;G;
2006-01-05;1.82;G;
2006-01-06;1.72;G;
2006-01-07;1.60;G;
2006-01-08;1.48;G;
2006-01-09;1.38;G;
2006-01-10;1.35;G;
2006-01-11;1.41;G;
2006-01-12;2.91;G;
2006-01-13;3.78;G;
2006-01-14;3.04;G;
2006-01-15;2.47;G;
2006-01-16;2.03;G;
2006-01-17;1.71;G;
2006-01-18;1.50;G;
2006-01-19;1.21;G;
2006-01-20;1.10;G;
2006-01-21;1.08;G;
2006-01-22;1.06;G;
2006-01-23;1.04;G;
2006-01-24;1.02;G;
2006-01-25;0.998;G;
2006-01-26;0.957;G;
2006-01-27;0.876;G;
2006-01-28;0.774;G;
2006-01-29;0.736;G;
2006-01-30;0.717;G;
2006-01-31;0.711;G;
2006-02-01;0.697;G;
2006-02-02;0.698;G;
2006-02-03;0.688;G;
2006-02-04;0.609;G;
2006-02-05;0.678;G;
2006-02-06;0.760;G;
2006-02-07;1.28;G;
2006-02-08;2.02;G;
2006-02-09;2.88;G;
2006-02-10;2.75;G;
2006-02-11;2.42;G;
2006-02-12;2.08;G;
2006-02-13;1.78;G;
2006-02-14;1.58;G;
2006-02-15;1.50;G;
2006-02-16;1.49;G;
2006-02-17;1.41;G;
2006-02-18;1.34;G;
2006-02-19;1.31;G;
2006-02-20;1.52;G;
2006-02-21;1.74;G;
2006-02-22;1.66;G;
2006-02-23;1.56;G;
2006-02-24;1.41;G;
2006-02-25;1.36;G;
2006-02-26;1.23;G;
2006-02-27;1.27;G;
2006-02-28;1.39;G;
2006-03-01;0.988;G;
2006-03-02;0.932;G;
2006-03-03;0.932;G;
2006-03-04;0.913;G;
2006-03-05;0.978;G;
2006-03-06;1.04;G;
2006-03-07;0.962;G;
2006-03-08;1.06;G;
2006-03-09;0.958;G;
2006-03-10;0.958;G;
2006-03-11;1.08;G;
2006-03-12;0.941;G;
2006-03-13;0.896;G;
2006-03-14;0.758;G;
2006-03-15;0.492;G;
2006-03-16;0.515;G;
2006-03-17;0.566;G;
2006-03-18;0.700;G;
2006-03-19;0.655;G;
2006-03-20;0.570;G;
2006-03-21;0.670;G;
2006-03-22;0.599;G;
2006-03-23;0.664;G;
2006-03-24;0.737;G;
2006-03-25;0.757;G;
2006-03-26;0.645;G;
2006-03-27;0.942;G;
2006-03-28;7.36;G;
2006-03-29;12.0;G;
2006-03-30;12.5;G;
2006-03-31;15.0;G;
2006-04-01;14.3;G;
2006-04-02;12.4;G;
2006-04-03;11.9;G;
2006-04-04;9.26;G;
2006-04-05;7.57;G;
2006-04-06;7.16;G;
2006-04-07;6.81;G;
2006-04-08;6.27;G;
2006-04-09;6.98;G;
2006-04-10;5.92;G;
2006-04-11;4.43;G;
2006-04-12;3.66;G;
2006-04-13;3.26;G;
2006-04-14;3.39;G;
2006-04-15;3.00;G;
2006-04-16;2.59;G;
2006-04-17;2.43;G;
2006-04-18;3.18;G;
2006-04-19;3.13;G;
2006-04-20;3.54;G;
2006-04-21;3.48;G;
2006-04-22;2.84;G;
2006-04-23;2.38;G;
2006-04-24;2.07;G;
2006-04-25;1.82;G;
2006-04-26;1.63;G;
2006-04-27;1.56;G;
2006-04-28;1.53;G;
2006-04-29;1.45;G;
2006-04-30;1.84;G;
2006-05-01;2.36;G;
2006-05-02;2.13;G;
2006-05-03;1.80;G;
2006-05-04;1.48;G;
2006-05-05;1.22;G;
2006-05-06;1.04;G;
2006-05-07;0.900;G;
2006-05-08;0.786;G;
2006-05-09;0.614;G;
2006-05-10;0.459;G;
2006-05-11;0.413;G;
2006-05-12;0.367;G;
2006-05-13;0.334;G;
2006-05-14;0.297;G;
2006-05-15;0.268;G;
2006-05-16;0.274;G;
2006-05-17;0.278;G;
2006-05-18;0.380;G;
2006-05-19;0.479;G;
2006-05-20;0.576;G;
2006-05-21;0.784;G;
2006-05-22;0.943;G;
2006-05-23;0.953;G;
2006-05-24;0.799;G;
2006-05-25;0.784;G;
2006-05-26;0.836;G;
2006-05-27;0.686;G;
2006-05-28;0.946;G;
2006-05-29;1.67;G;
2006-05-30;1.38;G;
2006-05-31;1.16;G;
2006-06-01;1.14;G;
2006-06-02;1.08;G;
2006-06-03;0.857;G;
2006-06-04;0.75;G;
2006-06-05;0.727;G;
2006-06-06;0.801;G;
2006-06-07;0.647;G;
2006-06-08;0.490;G;
2006-06-09;0.399;G;
2006-06-10;0.341;G;
2006-06-11;0.279;G;
2006-06-12;0.240;G;
2006-06-13;0.201;G;
2006-06-14;0.175;G;
2006-06-15;0.158;G;
2006-06-16;0.146;G;
2006-06-17;0.130;G;
2006-06-18;0.123;G;
2006-06-19;0.119;G;
2006-06-20;0.109;G;
2006-06-21;0.157;G;
2006-06-22;0.117;G;
2006-06-23;0.099;G;
2006-06-24;0.087;G;
2006-06-25;0.081;G;
2006-06-26;0.251;G;
2006-06-27;0.123;G;
2006-06-28;0.112;G;
2006-06-29;0.101;G;
2006-06-30;0.090;G;
2006-07-01;0.070;G;
2006-07-02;0.057;G;
2006-07-03;0.054;G;
2006-07-04;0.051;G;
2006-07-05;0.040;G;
2006-07-06;0.035;G;
2006-07-07;0.046;G;
2006-07-08;0.039;G;
2006-07-09;0.034;G;
2006-07-10;0.029;G;
2006-07-11;0.028;G;
2006-07-12;0.026;G;
2006-07-13;0.024;G;
2006-07-14;0.021;G;
2006-07-15;0.021;G;
2006-07-16;0.019;G;
2006-07-17;0.018;G;
2006-07-18;0.018;G;
2006-07-19;0.018;G;
2006-07-20;0.017;G;
2006-07-21;0.022;G;
2006-07-22;0.019;G;
2006-07-23;0.019;G;
2006-07-24;0.016;G;
2006-07-25;0.021;G;
2006-07-26;0.018;G;
2006-07-27;0.012;G;
2006-07-28;0.032;G;
2006-07-29;0.020;G;
2006-07-30;0.022;G;
2006-07-31;0.015;G;
2006-08-01;0.248;G;
2006-08-02;0.055;G;
2006-08-03;0.043;G;
2006-08-04;0.030;G;
2006-08-05;0.032;G;
2006-08-06;0.028;G;
2006-08-07;0.024;G;
2006-08-08;0.02;G;
2006-08-09;0.040;G;
2006-08-10;0.026;G;
2006-08-11;0.133;G;
2006-08-12;0.371;G;
2006-08-13;0.538;G;
2006-08-14;1.25;G;
2006-08-15;1.22;G;
2006-08-16;1.39;G;
2006-08-17;1.11;G;
2006-08-18;0.801;G;
2006-08-19;0.623;G;
2006-08-20;1.24;G;
2006-08-21;1.76;G;
2006-08-22;1.71;G;
2006-08-23;2.31;G;
2006-08-24;1.87;G;
2006-08-25;1.24;G;
2006-08-26;0.871;G;
2006-08-27;0.828;G;
2006-08-28;0.926;G;
2006-08-29;1.40;G;
2006-08-30;5.87;G;
2006-08-31;4.60;G;
2006-09-01;3.19;G;
2006-09-02;2.30;G;
2006-09-03;2.37;G;
2006-09-04;2.50;G;
2006-09-05;2.28;G;
2006-09-06;1.76;G;
2006-09-07;1.55;G;
2006-09-08;1.40;G;
2006-09-09;1.11;G;
2006-09-10;0.898;G;
2006-09-11;0.771;G;
2006-09-12;0.686;G;
2006-09-13;0.578;G;
2006-09-14;0.483;G;
2006-09-15;0.412;G;
2006-09-16;0.367;G;
2006-09-17;0.352;G;
2006-09-18;0.361;G;
2006-09-19;0.342;G;
2006-09-20;0.319;G;
2006-09-21;0.289;G;
2006-09-22;0.264;G;
2006-09-23;0.235;G;
2006-09-24;0.226;G;
2006-09-25;0.217;G;
2006-09-26;0.205;G;
2006-09-27;0.269;G;
2006-09-28;0.237;G;
2006-09-29;0.249;G;
2006-09-30;0.240;G;
2006-10-01;0.316;G;
2006-10-02;0.598;G;
2006-10-03;1.05;G;
2006-10-04;1.30;G;
2006-10-05;1.08;G;
2006-10-06;0.893;G;
2006-10-07;1.18;G;
2006-10-08;1.87;G;
2006-10-09;2.30;G;
2006-10-10;1.82;G;
2006-10-11;1.41;G;
2006-10-12;1.17;G;
2006-10-13;0.980;G;
2006-10-14;0.818;G;
2006-10-15;0.734;G;
2006-10-16;0.649;G;
2006-10-17;0.600;G;
2006-10-18;0.547;G;
2006-10-19;0.511;G;
2006-10-20;0.487;G;
2006-10-21;0.483;G;
2006-10-22;0.509;G;
2006-10-23;0.719;G;
2006-10-24;1.26;G;
2006-10-25;1.71;G;
2006-10-26;1.55;G;
2006-10-27;2.06;G;
2006-10-28;1.91;G;
2006-10-29;2.51;G;
2006-10-30;2.83;G;
2006-10-31;3.45;G;
2006-11-01;4.62;G;
2006-11-02;3.57;G;
2006-11-03;2.67;G;
2006-11-04;2.30;G;
2006-11-05;2.46;G;
2006-11-06;2.59;G;
2006-11-07;2.64;G;
2006-11-08;2.50;G;
2006-11-09;4.96;G;
2006-11-10;4.86;G;
2006-11-11;4.27;G;
2006-11-12;6.04;G;
2006-11-13;7.16;G;
2006-11-14;8.04;G;
2006-11-15;6.26;G;
2006-11-16;4.98;G;
2006-11-17;4.01;G;
2006-11-18;3.53;G;
2006-11-19;3.12;G;
2006-11-20;4.21;G;
2006-11-21;4.76;G;
2006-11-22;4.86;G;
2006-11-23;4.08;G;
2006-11-24;6.10;G;
2006-11-25;5.18;G;
2006-11-26;4.15;G;
2006-11-27;3.35;G;
2006-11-28;2.89;G;
2006-11-29;2.56;G;
2006-11-30;2.28;G;
2006-12-01;2.09;G;
2006-12-02;1.94;G;
2006-12-03;1.97;G;
2006-12-04;2.30;G;
2006-12-05;2.95;G;
2006-12-06;3.90;G;
2006-12-07;3.82;G;
2006-12-08;6.26;G;
2006-12-09;5.64;G;
2006-12-10;4.01;G;
2006-12-11;4.00;G;
2006-12-12;6.07;G;
2006-12-13;5.74;G;
2006-12-14;10.0;G;
2006-12-15;10.3;G;
2006-12-16;9.50;G;
2006-12-17;7.90;G;
2006-12-18;6.04;G;
2006-12-19;4.61;G;
2006-12-20;4.13;G;
2006-12-21;3.68;G;
2006-12-22;3.30;G;
2006-12-23;2.96;G;
2006-12-24;2.78;G;
2006-12-25;2.61;G;
2006-12-26;2.44;G;
2006-12-27;2.33;G;
2006-12-28;2.19;G;
2006-12-29;2.25;G;
2006-12-30;2.34;G;
2006-12-31;6.61;G;
2007-01-01;9.71;G;
2007-01-02;7.57;G;
2007-01-03;4.91;G;
2007-01-04;4.68;G;
2007-01-05;5.29;G;
2007-01-06;4.45;G;
2007-01-07;4.20;G;
2007-01-08;4.43;G;
2007-01-09;5.41;G;
2007-01-10;7.37;G;
2007-01-11;12.0;G;
2007-01-12;16.0;G;
2007-01-13;15.8;G;
2007-01-14;12.0;G;
2007-01-15;8.37;G;
2007-01-16;5.94;G;
2007-01-17;4.99;G;
2007-01-18;8.30;G;
2007-01-19;11.2;G;
2007-01-20;11.2;G;
2007-01-21;12.2;G;
2007-01-22;8.91;G;
2007-01-23;5.64;G;
2007-01-24;4.33;G;
2007-01-25;3.35;G;
2007-01-26;2.86;G;
2007-01-27;2.65;G;
2007-01-28;3.97;G;
2007-01-29;9.60;G;
2007-01-30;6.52;G;
2007-01-31;7.10;G;
2007-02-01;7.53;G;
2007-02-02;5.68;G;
2007-02-03;5.87;G;
2007-02-04;4.46;G;
2007-02-05;4.10;G;
2007-02-06;3.43;G;
2007-02-07;2.89;G;
2007-02-08;2.68;G;
2007-02-09;2.43;G;
2007-02-10;2.15;G;
2007-02-11;2.04;G;
2007-02-12;1.91;G;
2007-02-13;2.21;G;
2007-02-14;3.08;G;
2007-02-15;3.27;G;
2007-02-16;3.09;G;
2007-02-17;2.98;G;
2007-02-18;2.73;G;
2007-02-19;2.47;G;
2007-02-20;2.28;G;
2007-02-21;2.11;G;
2007-02-22;1.15;G;
2007-02-23;1.36;G;
2007-02-24;1.62;G;
2007-02-25;1.92;G;
2007-02-26;2.64;G;
2007-02-27;4.16;G;
2007-02-28;4.79;G;
2007-03-01;8.66;G;
2007-03-02;10.6;G;
2007-03-03;8.66;G;
2007-03-04;6.33;G;
2007-03-05;5.50;G;
2007-03-06;6.33;G;
2007-03-07;8.39;G;
2007-03-08;8.00;G;
2007-03-09;5.88;G;
2007-03-10;4.60;G;
2007-03-11;3.91;G;
2007-03-12;3.39;G;
2007-03-13;2.92;G;
2007-03-14;2.56;G;
2007-03-15;2.29;G;
2007-03-16;2.14;G;
2007-03-17;2.34;G;
2007-03-18;3.51;G;
2007-03-19;4.95;G;
2007-03-20;3.84;G;
2007-03-21;3.09;G;
2007-03-22;2.60;G;
2007-03-23;2.24;G;
2007-03-24;2.31;G;
2007-03-25;2.09;G;
2007-03-26;1.82;G;
2007-03-27;1.65;G;
2007-03-28;1.51;G;
2007-03-29;1.41;G;
2007-03-30;1.33;G;
2007-03-31;1.21;G;
2007-04-01;1.12;G;
2007-04-02;1.07;G;
2007-04-03;1.06;G;
2007-04-04;1.01;G;
2007-04-05;0.961;G;
2007-04-06;0.854;G;
2007-04-07;0.701;G;
2007-04-08;0.774;G;
2007-04-09;1.90;G;
2007-04-10;2.52;G;
2007-04-11;1.97;G;
2007-04-12;1.51;G;
2007-04-13;1.25;G;
2007-04-14;1.07;G;
2007-04-15;0.937;G;
2007-04-16;0.823;G;
2007-04-17;0.744;G;
2007-04-18;0.669;G;
2007-04-19;0.785;G;
2007-04-20;1.32;G;
2007-04-21;1.08;G;
2007-04-22;0.853;G;
2007-04-23;0.751;G;
2007-04-24;0.668;G;
2007-04-25;0.602;G;
2007-04-26;0.539;G;
2007-04-27;0.484;G;
2007-04-28;0.435;G;
2007-04-29;0.394;G;
2007-04-30;0.366;G;
2007-05-01;0.351;G;
2007-05-02;0.326;G;
2007-05-03;0.303;G;
2007-05-04;0.282;G;
2007-05-05;0.258;G;
2007-05-06;0.237;G;
2007-05-07;0.259;G;
2007-05-08;0.266;G;
2007-05-09;0.329;G;
2007-05-10;0.394;G;
2007-05-11;0.496;G;
2007-05-12;0.569;G;
2007-05-13;0.586;G;
2007-05-14;0.479;G;
2007-05-15;0.362;G;
2007-05-16;0.284;G;
2007-05-17;0.351;G;
2007-05-18;0.312;G;
2007-05-19;0.565;G;
2007-05-20;0.677;G;
2007-05-21;0.519;G;
2007-05-22;0.375;G;
2007-05-23;0.300;G;
2007-05-24;0.258;G;
2007-05-25;0.207;G;
2007-05-26;0.202;G;
2007-05-27;0.200;G;
2007-05-28;0.244;G;
2007-05-29;0.644;G;
2007-05-30;0.268;G;
2007-05-31;0.216;G;
2007-06-01;0.173;G;
2007-06-02;0.148;G;
2007-06-03;0.133;G;
2007-06-04;0.121;G;
2007-06-05;0.113;G;
2007-06-06;0.099;G;
2007-06-07;0.088;G;
2007-06-08;0.077;G;
2007-06-09;0.068;G;
2007-06-10;0.060;G;
2007-06-11;0.056;G;
2007-06-12;0.054;G;
2007-06-13;0.051;G;
2007-06-14;0.060;G;
2007-06-15;0.064;G;
2007-06-16;0.376;G;
2007-06-17;0.214;G;
2007-06-18;0.193;G;
2007-06-19;0.145;G;
2007-06-20;0.106;G;
2007-06-21;0.088;G;
2007-06-22;2.60;G;
2007-06-23;3.74;G;
2007-06-24;2.94;G;
2007-06-25;2.05;G;
2007-06-26;1.53;G;
2007-06-27;1.25;G;
2007-06-28;2.01;G;
2007-06-29;2.43;G;
2007-06-30;2.30;G;
2007-07-01;2.68;G;
2007-07-02;2.00;G;
2007-07-03;3.46;G;
2007-07-04;3.96;G;
2007-07-05;12.5;G;
2007-07-06;20.8;G;
2007-07-07;21.4;G;
2007-07-08;16.7;G;
2007-07-09;11.0;G;
2007-07-10;6.49;G;
2007-07-11;5.66;G;
2007-07-12;6.94;G;
2007-07-13;5.49;G;
2007-07-14;3.69;G;
2007-07-15;2.78;G;
2007-07-16;5.03;G;
2007-07-17;3.68;G;
2007-07-18;2.55;G;
2007-07-19;1.89;G;
2007-07-20;1.57;G;
2007-07-21;1.35;G;
2007-07-22;1.96;G;
2007-07-23;10.6;G;
2007-07-24;8.43;G;
2007-07-25;5.71;G;
2007-07-26;4.28;G;
2007-07-27;4.43;G;
2007-07-28;4.05;G;
2007-07-29;3.40;G;
2007-07-30;3.41;G;
2007-07-31;3.88;G;
2007-08-01;3.02;G;
2007-08-02;2.45;G;
2007-08-03;2.03;G;
2007-08-04;1.67;G;
2007-08-05;1.36;G;
2007-08-06;1.11;G;
2007-08-07;0.925;G;
2007-08-08;0.775;G;
2007-08-09;0.668;G;
2007-08-10;0.609;G;
2007-08-11;0.594;G;
2007-08-12;0.579;G;
2007-08-13;0.52;G;
2007-08-14;0.433;G;
2007-08-15;0.462;G;
2007-08-16;0.538;G;
2007-08-17;0.489;G;
2007-08-18;0.415;G;
2007-08-19;0.353;G;
2007-08-20;0.323;G;
2007-08-21;0.396;G;
2007-08-22;0.407;G;
2007-08-23;0.384;G;
2007-08-24;0.809;G;
2007-08-25;0.541;G;
2007-08-26;0.488;G;
2007-08-27;0.470;G;
2007-08-28;0.475;G;
2007-08-29;0.401;G;
2007-08-30;0.349;G;
2007-08-31;0.317;G;
2007-09-01;0.432;G;
2007-09-02;0.527;G;
2007-09-03;0.751;G;
2007-09-04;0.628;G;
2007-09-05;0.478;G;
2007-09-06;0.412;G;
2007-09-07;0.349;G;
2007-09-08;0.296;G;
2007-09-09;0.272;G;
2007-09-10;0.784;G;
2007-09-11;1.08;G;
2007-09-12;0.840;G;
2007-09-13;0.617;G;
2007-09-14;0.541;G;
2007-09-15;0.506;G;
2007-09-16;0.487;G;
2007-09-17;0.455;G;
2007-09-18;0.485;G;
2007-09-19;0.520;G;
2007-09-20;0.846;G;
2007-09-21;1.61;G;
2007-09-22;1.59;G;
2007-09-23;1.29;G;
2007-09-24;1.03;G;
2007-09-25;0.898;G;
2007-09-26;0.800;G;
2007-09-27;0.688;G;
2007-09-28;0.780;G;
2007-09-29;7.11;G;
2007-09-30;7.70;G;
2007-10-01;5.83;G;
2007-10-02;4.32;G;
2007-10-03;3.31;G;
2007-10-04;2.63;G;
2007-10-05;2.19;G;
2007-10-06;1.86;G;
2007-10-07;1.61;G;
2007-10-08;1.44;G;
2007-10-09;1.29;G;
2007-10-10;1.19;G;
2007-10-11;1.08;G;
2007-10-12;1.07;G;
2007-10-13;1.06;G;
2007-10-14;0.939;G;
2007-10-15;0.886;G;
2007-10-16;0.823;G;
2007-10-17;1.18;G;
2007-10-18;1.73;G;
2007-10-19;1.45;G;
2007-10-20;1.18;G;
2007-10-21;1.07;G;
2007-10-22;0.962;G;
2007-10-23;0.868;G;
2007-10-24;0.791;G;
2007-10-25;0.750;G;
2007-10-26;0.706;G;
2007-10-27;0.687;G;
2007-10-28;0.656;G;
2007-10-29;0.699;G;
2007-10-30;1.61;G;
2007-10-31;2.03;G;
2007-11-01;1.67;G;
2007-11-02;1.46;G;
2007-11-03;1.32;G;
2007-11-04;1.23;G;
2007-11-05;1.08;G;
2007-11-06;1.57;G;
2007-11-07;2.73;G;
2007-11-08;4.01;G;
2007-11-09;3.64;G;
2007-11-10;3.34;G;
2007-11-11;2.56;G;
2007-11-12;2.06;G;
2007-11-13;1.78;G;
2007-11-14;1.62;G;
2007-11-15;1.40;G;
2007-11-16;1.29;G;
2007-11-17;1.38;G;
2007-11-18;1.53;G;
2007-11-19;1.56;G;
2007-11-20;1.44;G;
2007-11-21;1.35;G;
2007-11-22;1.28;G;
2007-11-23;1.21;G;
2007-11-24;1.12;G;
2007-11-25;1.74;G;
2007-11-26;3.07;G;
2007-11-27;2.44;G;
2007-11-28;1.82;G;
2007-11-29;1.80;G;
2007-11-30;2.54;G;
2007-12-01;3.05;G;
2007-12-02;4.58;G;
2007-12-03;7.26;G;
2007-12-04;6.25;G;
2007-12-05;4.29;G;
2007-12-06;4.40;G;
2007-12-07;8.09;G;
2007-12-08;11.4;G;
2007-12-09;9.27;G;
2007-12-10;7.94;G;
2007-12-11;5.56;G;
2007-12-12;4.07;G;
2007-12-13;3.30;G;
2007-12-14;2.82;G;
2007-12-15;2.47;G;
2007-12-16;2.16;G;
2007-12-17;2.02;G;
2007-12-18;1.96;G;
2007-12-19;1.82;G;
2007-12-20;1.70;G;
2007-12-21;1.66;G;
2007-12-22;1.59;G;
2007-12-23;1.47;G;
2007-12-24;1.41;G;
2007-12-25;1.44;G;
2007-12-26;1.41;G;
2007-12-27;1.32;G;
2007-12-28;1.54;G;
2007-12-29;1.83;G;
2007-12-30;1.75;G;
2007-12-31;1.57;G;
2008-01-01;1.40;G;
2008-01-02;1.34;G;
2008-01-03;1.28;G;
2008-01-04;1.21;G;
2008-01-05;1.14;G;
2008-01-06;1.19;G;
2008-01-07;1.38;G;
2008-01-08;3.94;G;
2008-01-09;5.45;G;
2008-01-10;5.85;G;
2008-01-11;6.50;G;
2008-01-12;4.91;G;
2008-01-13;3.60;G;
2008-01-14;2.91;G;
2008-01-15;2.55;G;
2008-01-16;2.76;G;
2008-01-17;2.66;G;
2008-01-18;2.53;G;
2008-01-19;5.65;G;
2008-01-20;4.84;G;
2008-01-21;3.59;G;
2008-01-22;2.93;G;
2008-01-23;2.34;G;
2008-01-24;2.90;G;
2008-01-25;3.61;G;
2008-01-26;8.00;G;
2008-01-27;9.04;G;
2008-01-28;5.83;G;
2008-01-29;4.35;G;
2008-01-30;4.14;G;
2008-01-31;5.06;G;
2008-02-01;5.57;G;
2008-02-02;6.88;G;
2008-02-03;4.72;G;
2008-02-04;3.54;G;
2008-02-05;3.00;G;
2008-02-06;3.50;G;
2008-02-07;3.64;G;
2008-02-08;3.13;G;
2008-02-09;2.88;G;
2008-02-10;2.60;G;
2008-02-11;2.34;G;
2008-02-12;2.16;G;
2008-02-13;1.99;G;
2008-02-14;1.84;G;
2008-02-15;1.62;G;
2008-02-16;1.36;G;
2008-02-17;1.33;G;
2008-02-18;1.51;G;
2008-02-19;1.59;G;
2008-02-20;1.51;G;
2008-02-21;1.49;G;
2008-02-22;2.09;G;
2008-02-23;2.20;G;
2008-02-24;2.01;G;
2008-02-25;1.86;G;
2008-02-26;2.19;G;
2008-02-27;3.14;G;
2008-02-28;2.87;G;
2008-02-29;2.38;G;
2008-03-01;5.30;G;
2008-03-02;4.80;G;
2008-03-03;3.54;G;
2008-03-04;3.73;G;
2008-03-05;3.27;G;
2008-03-06;10.1;G;
2008-03-07;9.90;G;
2008-03-08;5.82;G;
2008-03-09;4.05;G;
2008-03-10;3.39;G;
2008-03-11;2.91;G;
2008-03-12;3.22;G;
2008-03-13;5.62;G;
2008-03-14;5.42;G;
2008-03-15;4.50;G;
2008-03-16;3.52;G;
2008-03-17;2.98;G;
2008-03-18;3.01;G;
2008-03-19;2.79;G;
2008-03-20;2.57;G;
2008-03-21;3.67;G;
2008-03-22;5.13;G;
2008-03-23;4.07;G;
2008-03-24;3.36;G;
2008-03-25;3.01;G;
2008-03-26;2.69;G;
2008-03-27;2.33;G;
2008-03-28;2.28;G;
2008-03-29;4.25;G;
2008-03-30;6.60;G;
2008-03-31;6.80;G;
2008-04-01;4.99;G;
2008-04-02;3.85;G;
2008-04-03;3.79;G;
2008-04-04;3.13;G;
2008-04-05;3.18;G;
2008-04-06;5.26;G;
2008-04-07;5.72;G;
2008-04-08;3.83;G;
2008-04-09;3.16;G;
2008-04-10;2.80;G;
2008-04-11;2.43;G;
2008-04-12;2.68;G;
2008-04-13;2.74;G;
2008-04-14;2.30;G;
2008-04-15;2.01;G;
2008-04-16;1.91;G;
2008-04-17;2.26;G;
2008-04-18;2.11;G;
2008-04-19;1.80;G;
2008-04-20;1.55;G;
2008-04-21;1.37;G;
2008-04-22;1.23;G;
2008-04-23;1.13;G;
2008-04-24;0.992;G;
2008-04-25;0.935;G;
2008-04-26;0.878;G;
2008-04-27;0.834;G;
2008-04-28;0.786;G;
2008-04-29;0.684;G;
2008-04-30;0.616;G;
2008-05-01;0.722;G;
2008-05-02;0.863;G;
2008-05-03;0.751;G;
2008-05-04;0.639;G;
2008-05-05;0.576;G;
2008-05-06;0.534;G;
2008-05-07;0.528;G;
2008-05-08;0.465;G;
2008-05-09;0.410;G;
2008-05-10;0.375;G;
2008-05-11;0.338;G;
2008-05-12;0.378;G;
2008-05-13;0.339;G;
2008-05-14;0.306;G;
2008-05-15;0.288;G;
2008-05-16;0.262;G;
2008-05-17;0.235;G;
2008-05-18;0.223;G;
2008-05-19;0.263;G;
2008-05-20;0.238;G;
2008-05-21;0.220;G;
2008-05-22;0.213;G;
2008-05-23;0.190;G;
2008-05-24;0.168;G;
2008-05-25;0.152;G;
2008-05-26;0.361;G;
2008-05-27;0.299;G;
2008-05-28;0.223;G;
2008-05-29;0.163;G;
2008-05-30;0.133;G;
2008-05-31;0.119;G;
2008-06-01;0.107;G;
2008-06-02;0.094;G;
2008-06-03;0.086;G;
2008-06-04;0.079;G;
2008-06-05;0.074;G;
2008-06-06;0.073;G;
2008-06-07;0.074;G;
2008-06-08;0.068;G;
2008-06-09;0.060;G;
2008-06-10;0.064;G;
2008-06-11;0.058;G;
2008-06-12;0.192;G;
2008-06-13;0.091;G;
2008-06-14;0.071;G;
2008-06-15;0.072;G;
2008-06-16;0.120;G;
2008-06-17;0.091;G;
2008-06-18;0.077;G;
2008-06-19;0.063;G;
2008-06-20;0.073;G;
2008-06-21;0.059;G;
2008-06-22;0.069;G;
2008-06-23;0.074;G;
2008-06-24;0.062;G;
2008-06-25;0.055;G;
2008-06-26;0.050;G;
2008-06-27;0.063;G;
2008-06-28;0.064;G;
2008-06-29;0.057;G;
2008-06-30;0.060;G;
2008-07-01;0.048;G;
2008-07-02;0.041;G;
2008-07-03;0.035;G;
2008-07-04;0.030;G;
2008-07-05;0.029;G;
2008-07-06;0.043;G;
2008-07-07;0.115;G;
2008-07-08;0.303;G;
2008-07-09;0.113;G;
2008-07-10;0.074;G;
2008-07-11;0.476;G;
2008-07-12;0.173;G;
2008-07-13;0.133;G;
2008-07-14;0.089;G;
2008-07-15;0.063;G;
2008-07-16;0.061;G;
2008-07-17;0.054;G;
2008-07-18;0.070;G;
2008-07-19;0.216;G;
2008-07-20;0.171;G;
2008-07-21;0.141;G;
2008-07-22;0.105;G;
2008-07-23;0.079;G;
2008-07-24;0.058;G;
2008-07-25;0.047;G;
2008-07-26;0.040;G;
2008-07-27;0.035;G;
2008-07-28;0.034;G;
2008-07-29;0.025;G;
2008-07-30;0.026;G;
2008-07-31;0.025;G;
2008-08-01;0.024;G;
2008-08-02;0.023;G;
2008-08-03;0.025;G;
2008-08-04;0.475;G;
2008-08-05;0.716;G;
2008-08-06;0.468;G;
2008-08-07;0.275;G;
2008-08-08;0.244;G;
2008-08-09;0.198;G;
2008-08-10;0.240;G;
2008-08-11;0.151;G;
2008-08-12;0.175;G;
2008-08-13;0.138;G;
2008-08-14;0.143;G;
2008-08-15;0.096;G;
2008-08-16;0.098;G;
2008-08-17;0.081;G;
2008-08-18;0.075;G;
2008-08-19;0.067;G;
2008-08-20;0.072;G;
2008-08-21;0.066;G;
2008-08-22;0.063;G;
2008-08-23;0.528;G;
2008-08-24;1.41;G;
2008-08-25;1.35;G;
2008-08-26;0.926;G;
2008-08-27;0.960;G;
2008-08-28;1.27;G;
2008-08-29;1.22;G;
2008-08-30;0.905;G;
2008-08-31;0.620;G;
2008-09-01;0.461;G;
2008-09-02;0.326;G;
2008-09-03;0.257;G;
2008-09-04;0.231;G;
2008-09-05;0.224;G;
2008-09-06;0.250;G;
2008-09-07;0.233;G;
2008-09-08;0.226;G;
2008-09-09;0.200;G;
2008-09-10;0.191;G;
2008-09-11;0.232;G;
2008-09-12;0.181;G;
2008-09-13;0.159;G;
2008-09-14;0.140;G;
2008-09-15;0.129;G;
2008-09-16;0.123;G;
2008-09-17;0.118;G;
2008-09-18;0.119;G;
2008-09-19;0.118;G;
2008-09-20;0.117;G;
2008-09-21;0.113;G;
2008-09-22;0.114;G;
2008-09-23;0.117;G;
2008-09-24;0.119;G;
2008-09-25;0.112;G;
2008-09-26;0.107;G;
2008-09-27;0.103;G;
2008-09-28;0.105;G;
2008-09-29;0.126;G;
2008-09-30;0.247;G;
2008-10-01;0.528;G;
2008-10-02;0.743;G;
2008-10-03;0.791;G;
2008-10-04;0.631;G;
2008-10-05;1.21;G;
2008-10-06;2.13;G;
2008-10-07;1.57;G;
2008-10-08;1.17;G;
2008-10-09;0.864;G;
2008-10-10;0.663;G;
2008-10-11;0.549;G;
2008-10-12;0.485;G;
2008-10-13;0.443;G;
2008-10-14;0.400;G;
2008-10-15;0.390;G;
2008-10-16;0.945;G;
2008-10-17;2.02;G;
2008-10-18;1.95;G;
2008-10-19;2.16;G;
2008-10-20;1.92;G;
2008-10-21;1.58;G;
2008-10-22;1.45;G;
2008-10-23;1.23;G;
2008-10-24;1.10;G;
2008-10-25;1.09;G;
2008-10-26;2.56;G;
2008-10-27;4.71;G;
2008-10-28;3.39;G;
2008-10-29;2.52;G;
2008-10-30;2.71;G;
2008-10-31;5.00;G;
2008-11-01;3.85;G;
2008-11-02;2.81;G;
2008-11-03;2.29;G;
2008-11-04;1.97;G;
2008-11-05;1.79;G;
2008-11-06;1.59;G;
2008-11-07;1.44;G;
2008-11-08;1.34;G;
2008-11-09;1.30;G;
2008-11-10;1.62;G;
2008-11-11;4.33;G;
2008-11-12;5.11;G;
2008-11-13;3.79;G;
2008-11-14;3.72;G;
2008-11-15;4.73;G;
2008-11-16;4.23;G;
2008-11-17;3.41;G;
2008-11-18;3.53;G;
2008-11-19;5.04;G;
2008-11-20;4.92;G;
2008-11-21;5.41;G;
2008-11-22;4.13;G;
2008-11-23;3.13;G;
2008-11-24;2.46;G;
2008-11-25;2.00;G;
2008-11-26;2.05;G;
2008-11-27;3.30;G;
2008-11-28;3.06;G;
2008-11-29;2.75;G;
2008-11-30;2.96;G;
2008-12-01;2.63;G;
2008-12-02;3.82;G;
2008-12-03;5.34;G;
2008-12-04;4.43;G;
2008-12-05;5.71;G;
2008-12-06;5.82;G;
2008-12-07;4.84;G;
2008-12-08;3.73;G;
2008-12-09;3.44;G;
2008-12-10;3.70;G;
2008-12-11;3.34;G;
2008-12-12;2.88;G;
2008-12-13;2.62;G;
2008-12-14;3.16;G;
2008-12-15;2.99;G;
2008-12-16;2.60;G;
2008-12-17;2.36;G;
2008-12-18;2.12;G;
2008-12-19;2.05;G;
2008-12-20;2.46;G;
2008-12-21;3.07;G;
2008-12-22;3.45;G;
2008-12-23;2.97;G;
2008-12-24;2.40;G;
2008-12-25;2.28;G;
2008-12-26;1.97;G;
2008-12-27;1.72;G;
2008-12-28;1.62;G;
2008-12-29;1.47;G;
2008-12-30;1.35;G;
2008-12-31;1.20;G;
2009-01-01;1.09;G;
2009-01-02;0.820;G;
2009-01-03;0.755;G;
2009-01-04;0.722;G;
2009-01-05;0.672;G;
2009-01-06;0.597;G;
2009-01-07;0.529;G;
2009-01-08;0.505;G;
2009-01-09;0.928;G;
2009-01-10;1.76;G;
2009-01-11;1.52;G;
2009-01-12;1.24;G;
2009-01-13;2.08;G;
2009-01-14;2.83;G;
2009-01-15;2.57;G;
2009-01-16;1.84;G;
2009-01-17;1.49;G;
2009-01-18;1.31;G;
2009-01-19;1.55;G;
2009-01-20;2.75;G;
2009-01-21;2.21;G;
2009-01-22;1.71;G;
2009-01-23;1.60;G;
2009-01-24;2.18;G;
2009-01-25;2.38;G;
2009-01-26;2.01;G;
2009-01-27;1.76;G;
2009-01-28;1.63;G;
2009-01-29;1.49;G;
2009-01-30;1.38;G;
2009-01-31;1.31;G;
2009-02-01;1.19;G;
2009-02-02;1.15;G;
2009-02-03;1.12;G;
2009-02-04;1.09;G;
2009-02-05;1.12;G;
2009-02-06;1.73;G;
2009-02-07;2.53;G;
2009-02-08;2.80;G;
2009-02-09;2.48;G;
2009-02-10;2.09;G;
2009-02-11;1.84;G;
2009-02-12;1.68;G;
2009-02-13;1.43;G;
2009-02-14;1.24;G;
2009-02-15;1.12;G;
2009-02-16;1.02;G;
2009-02-17;0.953;G;
2009-02-18;0.904;G;
2009-02-19;0.921;G;
2009-02-20;0.858;G;
2009-02-21;0.849;G;
2009-02-22;1.18;G;
2009-02-23;2.68;G;
2009-02-24;2.51;G;
2009-02-25;3.10;G;
2009-02-26;7.88;G;
2009-02-27;8.73;G;
2009-02-28;5.16;G;
2009-03-01;3.63;G;
2009-03-02;3.18;G;
2009-03-03;3.28;G;
2009-03-04;3.06;G;
2009-03-05;2.93;G;
2009-03-06;2.76;G;
2009-03-07;2.49;G;
2009-03-08;2.49;G;
2009-03-09;2.60;G;
2009-03-10;2.39;G;
2009-03-11;2.25;G;
2009-03-12;1.93;G;
2009-03-13;1.98;G;
2009-03-14;2.24;G;
2009-03-15;2.25;G;
2009-03-16;2.12;G;
2009-03-17;2.59;G;
2009-03-18;2.34;G;
2009-03-19;1.88;G;
2009-03-20;1.57;G;
2009-03-21;1.49;G;
2009-03-22;1.50;G;
2009-03-23;1.63;G;
2009-03-24;1.51;G;
2009-03-25;1.30;G;
2009-03-26;1.21;G;
2009-03-27;2.13;G;
2009-03-28;2.31;G;
2009-03-29;2.07;G;
2009-03-30;1.85;G;
2009-03-31;1.62;G;
2009-04-01;1.46;G;
2009-04-02;1.28;G;
2009-04-03;1.16;G;
2009-04-04;1.05;G;
2009-04-05;0.972;G;
2009-04-06;0.862;G;
2009-04-07;0.795;G;
2009-04-08;0.898;G;
2009-04-09;1.38;G;
2009-04-10;1.26;G;
2009-04-11;1.02;G;
2009-04-12;0.868;G;
2009-04-13;0.783;G;
2009-04-14;0.730;G;
2009-04-15;0.627;G;
2009-04-16;0.543;G;
2009-04-17;0.503;G;
2009-04-18;0.462;G;
2009-04-19;0.423;G;
2009-04-20;0.397;G;
2009-04-21;0.387;G;
2009-04-22;0.373;G;
2009-04-23;0.359;G;
2009-04-24;0.332;G;
2009-04-25;0.309;G;
2009-04-26;0.294;G;
2009-04-27;0.288;G;
2009-04-28;0.271;G;
2009-04-29;0.257;G;
2009-04-30;0.233;G;
2009-05-01;0.213;G;
2009-05-02;0.206;G;
2009-05-03;0.200;G;
2009-05-04;0.249;G;
2009-05-05;0.323;G;
2009-05-06;0.551;G;
2009-05-07;0.719;G;
2009-05-08;0.609;G;
2009-05-09;0.664;G;
2009-05-10;0.534;G;
2009-05-11;0.431;G;
2009-05-12;0.357;G;
2009-05-13;0.296;G;
2009-05-14;0.268;G;
2009-05-15;0.251;G;
2009-05-16;0.219;G;
2009-05-17;0.213;G;
2009-05-18;0.245;G;
2009-05-19;0.235;G;
2009-05-20;0.305;G;
2009-05-21;0.287;G;
2009-05-22;0.327;G;
2009-05-23;0.327;G;
2009-05-24;0.272;G;
2009-05-25;0.227;G;
2009-05-26;0.194;G;
2009-05-27;0.175;G;
2009-05-28;0.222;G;
2009-05-29;0.193;G;
2009-05-30;0.148;G;
2009-05-31;0.117;G;
2009-06-01;0.112;G;
2009-06-02;0.100;G;
2009-06-03;0.088;G;
2009-06-04;0.088;G;
2009-06-05;0.147;G;
2009-06-06;0.096;G;
2009-06-07;0.093;G;
2009-06-08;0.089;G;
2009-06-09;0.122;G;
2009-06-10;0.11;G;
2009-06-11;0.124;G;
2009-06-12;0.947;G;
2009-06-13;1.76;G;
2009-06-14;1.20;G;
2009-06-15;0.670;G;
2009-06-16;0.420;G;
2009-06-17;0.293;G;
2009-06-18;0.246;G;
2009-06-19;0.436;G;
2009-06-20;0.240;G;
2009-06-21;0.224;G;
2009-06-22;0.189;G;
2009-06-23;0.147;G;
2009-06-24;0.118;G;
2009-06-25;0.093;G;
2009-06-26;0.077;G;
2009-06-27;0.075;G;
2009-06-28;0.066;G;
2009-06-29;0.058;G;
2009-06-30;0.146;G;
2009-07-01;0.085;G;
2009-07-02;0.593;G;
2009-07-03;0.208;G;
2009-07-04;0.120;G;
2009-07-05;0.669;G;
2009-07-06;0.414;G;
2009-07-07;0.242;G;
2009-07-08;0.152;G;
2009-07-09;0.102;G;
2009-07-10;0.109;G;
2009-07-11;0.155;G;
2009-07-12;0.128;G;
2009-07-13;0.129;G;
2009-07-14;0.094;G;
2009-07-15;0.075;G;
2009-07-16;0.063;G;
2009-07-17;0.059;G;
2009-07-18;1.15;G;
2009-07-19;1.53;G;
2009-07-20;1.46;G;
2009-07-21;1.07;G;
2009-07-22;0.669;G;
2009-07-23;0.491;G;
2009-07-24;0.350;G;
2009-07-25;0.286;G;
2009-07-26;0.228;G;
2009-07-27;0.174;G;
2009-07-28;0.140;G;
2009-07-29;0.105;G;
2009-07-30;0.114;G;
2009-07-31;0.098;G;
2009-08-01;0.085;G;
2009-08-02;0.075;G;
2009-08-03;0.577;G;
2009-08-04;0.235;G;
2009-08-05;0.170;G;
2009-08-06;0.121;G;
2009-08-07;0.093;G;
2009-08-08;0.071;G;
2009-08-09;0.060;G;
2009-08-10;0.053;G;
2009-08-11;0.115;G;
2009-08-12;0.086;G;
2009-08-13;0.117;G;
2009-08-14;0.091;G;
2009-08-15;0.116;G;
2009-08-16;0.083;G;
2009-08-17;0.077;G;
2009-08-18;0.077;G;
2009-08-19;0.055;G;
2009-08-20;0.049;G;
2009-08-21;0.047;G;
2009-08-22;0.046;G;
2009-08-23;0.042;G;
2009-08-24;0.038;G;
2009-08-25;0.031;G;
2009-08-26;0.050;G;
2009-08-27;0.037;G;
2009-08-28;0.029;G;
2009-08-29;0.029;G;
2009-08-30;0.028;G;
2009-08-31;0.022;G;
2009-09-01;0.028;G;
2009-09-02;0.035;G;
2009-09-03;0.103;G;
2009-09-04;0.035;G;
2009-09-05;0.158;G;
2009-09-06;0.111;G;
2009-09-07;0.064;G;
2009-09-08;0.049;G;
2009-09-09;0.034;G;
2009-09-10;0.036;G;
2009-09-11;0.031;G;
2009-09-12;0.030;G;
2009-09-13;0.065;G;
2009-09-14;0.046;G;
2009-09-15;0.037;G;
2009-09-16;0.031;G;
2009-09-17;0.031;G;
2009-09-18;0.029;G;
2009-09-19;0.026;G;
2009-09-20;0.024;G;
2009-09-21;0.023;G;
2009-09-22;0.026;G;
2009-09-23;0.021;G;
2009-09-24;0.025;G;
2009-09-25;0.028;G;
2009-09-26;0.022;G;
2009-09-27;0.024;G;
2009-09-28;0.054;G;
2009-09-29;0.042;G;
2009-09-30;0.034;G;
2009-10-01;0.064;G;
2009-10-02;0.093;G;
2009-10-03;0.273;G;
2009-10-04;0.217;G;
2009-10-05;0.180;G;
2009-10-06;0.138;G;
2009-10-07;0.169;G;
2009-10-08;0.131;G;
2009-10-09;0.113;G;
2009-10-10;0.101;G;
2009-10-11;0.115;G;
2009-10-12;0.102;G;
2009-10-13;0.094;G;
2009-10-14;0.090;G;
2009-10-15;0.087;G;
2009-10-16;0.087;G;
2009-10-17;0.098;G;
2009-10-18;0.083;G;
2009-10-19;0.085;G;
2009-10-20;0.085;G;
2009-10-21;0.089;G;
2009-10-22;0.084;G;
2009-10-23;0.089;G;
2009-10-24;0.189;G;
2009-10-25;0.201;G;
2009-10-26;0.466;G;
2009-10-27;0.560;G;
2009-10-28;0.485;G;
2009-10-29;0.362;G;
2009-10-30;0.290;G;
2009-10-31;0.244;G;
2009-11-01;0.209;G;
2009-11-02;0.304;G;
2009-11-03;0.554;G;
2009-11-04;0.708;G;
2009-11-05;1.21;G;
2009-11-06;1.64;G;
2009-11-07;1.64;G;
2009-11-08;1.31;G;
2009-11-09;1.02;G;
2009-11-10;1.32;G;
2009-11-11;1.93;G;
2009-11-12;2.22;G;
2009-11-13;1.73;G;
2009-11-14;1.91;G;
2009-11-15;2.08;G;
2009-11-16;1.82;G;
2009-11-17;1.66;G;
2009-11-18;1.87;G;
2009-11-19;3.86;G;
2009-11-20;3.49;G;
2009-11-21;2.60;G;
2009-11-22;2.23;G;
2009-11-23;2.41;G;
2009-11-24;3.02;G;
2009-11-25;2.66;G;
2009-11-26;2.47;G;
2009-11-27;2.50;G;
2009-11-28;2.50;G;
2009-11-29;3.19;G;
2009-11-30;3.11;G;
2009-12-01;2.44;G;
2009-12-02;1.97;G;
2009-12-03;1.72;G;
2009-12-04;1.63;G;
2009-12-05;1.52;G;
2009-12-06;1.38;G;
2009-12-07;1.57;G;
2009-12-08;1.67;G;
2009-12-09;1.51;G;
2009-12-10;1.45;G;
2009-12-11;1.76;G;
2009-12-12;1.70;G;
2009-12-13;1.49;G;
2009-12-14;1.31;G;
2009-12-15;1.19;G;
2009-12-16;1.23;G;
2009-12-17;1.17;G;
2009-12-18;1.10;G;
2009-12-19;1.19;G;
2009-12-20;1.14;G;
2009-12-21;1.11;G;
2009-12-22;1.15;G;
2009-12-23;1.17;G;
2009-12-24;1.14;G;
2009-12-25;2.54;G;
2009-12-26;6.15;G;
2009-12-27;5.76;G;
2009-12-28;6.15;G;
2009-12-29;4.89;G;
2009-12-30;3.45;G;
2009-12-31;2.49;G;
2010-01-01;2.01;G;
2010-01-02;1.66;G;
2010-01-03;1.35;G;
2010-01-04;1.10;G;
2010-01-05;0.899;G;
2010-01-06;0.753;G;
2010-01-07;0.662;G;
2010-01-08;0.612;G;
2010-01-09;0.585;G;
2010-01-10;0.570;G;
2010-01-11;0.557;G;
2010-01-12;0.545;G;
2010-01-13;0.534;G;
2010-01-14;0.531;G;
2010-01-15;0.492;G;
2010-01-16;0.473;G;
2010-01-17;0.484;G;
2010-01-18;0.471;G;
2010-01-19;0.467;G;
2010-01-20;0.477;G;
2010-01-21;0.463;G;
2010-01-22;0.454;G;
2010-01-23;0.461;G;
2010-01-24;0.461;G;
2010-01-25;0.462;G;
2010-01-26;0.462;G;
2010-01-27;0.463;G;
2010-01-28;0.463;G;
2010-01-29;0.464;G;
2010-01-30;0.465;G;
2010-01-31;0.465;G;
2010-02-01;0.466;G;
2010-02-02;0.467;G;
2010-02-03;0.468;G;
2010-02-04;0.469;G;
2010-02-05;0.454;G;
2010-02-06;0.406;G;
2010-02-07;0.390;G;
2010-02-08;0.410;G;
2010-02-09;0.425;G;
2010-02-10;0.411;G;
2010-02-11;0.395;G;
2010-02-12;0.411;G;
2010-02-13;0.397;G;
2010-02-14;0.404;G;
2010-02-15;0.402;G;
2010-02-16;0.395;G;
2010-02-17;0.400;G;
2010-02-18;0.398;G;
2010-02-19;0.438;G;
2010-02-20;0.474;G;
2010-02-21;0.453;G;
2010-02-22;0.497;G;
2010-02-23;0.483;G;
2010-02-24;0.460;G;
2010-02-25;0.455;G;
2010-02-26;0.719;G;
2010-02-27;0.943;G;
2010-02-28;1.60;G;
2010-03-01;2.98;G;
2010-03-02;3.11;G;
2010-03-03;3.02;G;
2010-03-04;2.69;G;
2010-03-05;2.43;G;
2010-03-06;2.02;G;
2010-03-07;1.68;G;
2010-03-08;1.42;G;
2010-03-09;1.11;G;
2010-03-10;0.835;G;
2010-03-11;0.79;G;
2010-03-12;0.810;G;
2010-03-13;0.806;G;
2010-03-14;0.902;G;
2010-03-15;0.937;G;
2010-03-16;0.884;G;
2010-03-17;0.958;G;
2010-03-18;1.97;G;
2010-03-19;5.05;G;
2010-03-20;9.08;G;
2010-03-21;15.7;G;
2010-03-22;15.4;G;
2010-03-23;11.6;G;
2010-03-24;10.1;G;
2010-03-25;8.11;G;
2010-03-26;6.95;G;
2010-03-27;6.72;G;
2010-03-28;8.75;G;
2010-03-29;6.17;G;
2010-03-30;4.38;G;
2010-03-31;3.61;G;
2010-04-01;3.30;G;
2010-04-02;2.79;G;
2010-04-03;2.38;G;
2010-04-04;2.25;G;
2010-04-05;2.51;G;
2010-04-06;2.36;G;
2010-04-07;2.06;G;
2010-04-08;1.82;G;
2010-04-09;1.67;G;
2010-04-10;1.52;G;
2010-04-11;1.35;G;
2010-04-12;1.25;G;
2010-04-13;1.17;G;
2010-04-14;1.08;G;
2010-04-15;0.990;G;
2010-04-16;0.929;G;
2010-04-17;0.804;G;
2010-04-18;0.709;G;
2010-04-19;0.663;G;
2010-04-20;0.636;G;
2010-04-21;0.787;G;
2010-04-22;0.956;G;
2010-04-23;0.841;G;
2010-04-24;0.743;G;
2010-04-25;0.641;G;
2010-04-26;0.573;G;
2010-04-27;0.530;G;
2010-04-28;0.493;G;
2010-04-29;0.435;G;
2010-04-30;0.439;G;
2010-05-01;0.436;G;
2010-05-02;0.400;G;
2010-05-03;0.361;G;
2010-05-04;0.344;G;
2010-05-05;0.333;G;
2010-05-06;0.321;G;
2010-05-07;0.337;G;
2010-05-08;0.452;G;
2010-05-09;0.516;G;
2010-05-10;0.526;G;
2010-05-11;0.431;G;
2010-05-12;0.661;G;
2010-05-13;1.18;G;
2010-05-14;0.974;G;
2010-05-15;1.51;G;
2010-05-16;2.09;G;
2010-05-17;1.64;G;
2010-05-18;1.28;G;
2010-05-19;1.02;G;
2010-05-20;0.841;G;
2010-05-21;1.01;G;
2010-05-22;2.88;G;
2010-05-23;1.98;G;
2010-05-24;1.50;G;
2010-05-25;1.46;G;
2010-05-26;1.17;G;
2010-05-27;0.884;G;
2010-05-28;0.889;G;
2010-05-29;1.10;G;
2010-05-30;0.957;G;
2010-05-31;0.803;G;
2010-06-01;0.710;G;
2010-06-02;0.647;G;
2010-06-03;0.493;G;
2010-06-04;0.364;G;
2010-06-05;0.306;G;
2010-06-06;0.265;G;
2010-06-07;0.594;G;
2010-06-08;0.670;G;
2010-06-09;0.585;G;
2010-06-10;0.545;G;
2010-06-11;0.594;G;
2010-06-12;0.668;G;
2010-06-13;0.566;G;
2010-06-14;0.431;G;
2010-06-15;0.378;G;
2010-06-16;0.324;G;
2010-06-17;0.256;G;
2010-06-18;0.218;G;
2010-06-19;0.322;G;
2010-06-20;0.263;G;
2010-06-21;0.221;G;
2010-06-22;0.256;G;
2010-06-23;0.256;G;
2010-06-24;0.202;G;
2010-06-25;0.168;G;
2010-06-26;0.145;G;
2010-06-27;0.128;G;
2010-06-28;0.118;G;
2010-06-29;0.091;G;
2010-06-30;0.084;G;
2010-07-01;0.077;G;
2010-07-02;0.077;G;
2010-07-03;0.064;G;
2010-07-04;0.056;G;
2010-07-05;0.052;G;
2010-07-06;0.050;G;
2010-07-07;0.047;G;
2010-07-08;0.045;G;
2010-07-09;0.042;G;
2010-07-10;0.037;G;
2010-07-11;0.160;G;
2010-07-12;0.274;G;
2010-07-13;0.075;G;
2010-07-14;0.063;G;
2010-07-15;0.054;G;
2010-07-16;0.043;G;
2010-07-17;0.141;G;
2010-07-18;0.055;G;
2010-07-19;0.042;G;
2010-07-20;0.036;G;
2010-07-21;0.040;G;
2010-07-22;0.029;G;
2010-07-23;0.028;G;
2010-07-24;0.018;G;
2010-07-25;0.027;G;
2010-07-26;0.027;G;
2010-07-27;0.027;G;
2010-07-28;0.019;G;
2010-07-29;0.020;G;
2010-07-30;0.032;G;
2010-07-31;0.028;G;
2010-08-01;0.021;G;
2010-08-02;0.033;G;
2010-08-03;0.021;G;
2010-08-04;0.021;G;
2010-08-05;0.018;G;
2010-08-06;0.038;G;
2010-08-07;0.024;G;
2010-08-08;0.217;G;
2010-08-09;0.177;G;
2010-08-10;0.059;G;
2010-08-11;0.040;G;
2010-08-12;0.362;G;
2010-08-13;0.151;G;
2010-08-14;0.177;G;
2010-08-15;0.111;G;
2010-08-16;0.099;G;
2010-08-17;0.370;G;
2010-08-18;0.229;G;
2010-08-19;0.155;G;
2010-08-20;0.124;G;
2010-08-21;0.078;G;
2010-08-22;0.596;G;
2010-08-23;0.595;G;
2010-08-24;0.472;G;
2010-08-25;0.304;G;
2010-08-26;0.189;G;
2010-08-27;0.172;G;
2010-08-28;0.196;G;
2010-08-29;0.211;G;
2010-08-30;0.144;G;
2010-08-31;0.132;G;
2010-09-01;0.109;G;
2010-09-02;0.087;G;
2010-09-03;0.087;G;
2010-09-04;0.072;G;
2010-09-05;0.060;G;
2010-09-06;0.056;G;
2010-09-07;0.069;G;
2010-09-08;0.06;G;
2010-09-09;0.075;G;
2010-09-10;0.076;G;
2010-09-11;0.031;G;
2010-09-12;0.034;G;
2010-09-13;0.200;G;
2010-09-14;0.100;G;
2010-09-15;0.465;G;
2010-09-16;0.347;G;
2010-09-17;0.303;G;
2010-09-18;0.277;G;
2010-09-19;0.269;G;
2010-09-20;0.403;G;
2010-09-21;1.11;G;
2010-09-22;1.08;G;
2010-09-23;0.718;G;
2010-09-24;0.505;G;
2010-09-25;0.396;G;
2010-09-26;0.316;G;
2010-09-27;0.285;G;
2010-09-28;0.235;G;
2010-09-29;0.210;G;
2010-09-30;0.185;G;
2010-10-01;0.158;G;
2010-10-02;0.151;G;
2010-10-03;0.148;G;
2010-10-04;0.127;G;
2010-10-05;0.132;G;
2010-10-06;0.114;G;
2010-10-07;0.161;G;
2010-10-08;0.159;G;
2010-10-09;0.144;G;
2010-10-10;0.142;G;
2010-10-11;0.139;G;
2010-10-12;0.136;G;
2010-10-13;0.123;G;
2010-10-14;0.122;G;
2010-10-15;0.120;G;
2010-10-16;0.118;G;
2010-10-17;0.113;G;
2010-10-18;0.111;G;
2010-10-19;0.275;G;
2010-10-20;0.182;G;
2010-10-21;0.255;G;
2010-10-22;0.316;G;
2010-10-23;0.588;G;
2010-10-24;1.17;G;
2010-10-25;1.79;G;
2010-10-26;2.02;G;
2010-10-27;1.82;G;
2010-10-28;1.97;G;
2010-10-29;1.85;G;
2010-10-30;1.55;G;
2010-10-31;1.21;G;
2010-11-01;1.02;G;
2010-11-02;0.934;G;
2010-11-03;1.49;G;
2010-11-04;2.24;G;
2010-11-05;3.09;G;
2010-11-06;3.73;G;
2010-11-07;3.38;G;
2010-11-08;2.52;G;
2010-11-09;2.67;G;
2010-11-10;2.89;G;
2010-11-11;2.63;G;
2010-11-12;4.20;G;
2010-11-13;4.06;G;
2010-11-14;3.00;G;
2010-11-15;2.58;G;
2010-11-16;2.14;G;
2010-11-17;1.85;G;
2010-11-18;1.74;G;
2010-11-19;1.85;G;
2010-11-20;2.51;G;
2010-11-21;3.03;G;
2010-11-22;3.72;G;
2010-11-23;7.98;G;
2010-11-24;9.79;G;
2010-11-25;7.12;G;
2010-11-26;4.79;G;
2010-11-27;3.75;G;
2010-11-28;3.11;G;
2010-11-29;2.65;G;
2010-11-30;2.32;G;
2010-12-01;2.13;G;
2010-12-02;2.00;G;
2010-12-03;1.93;G;
2010-12-04;1.88;G;
2010-12-05;1.89;G;
2010-12-06;1.90;G;
2010-12-07;1.85;G;
2010-12-08;1.84;G;
2010-12-09;1.81;G;
2010-12-10;1.80;G;
2010-12-11;2.54;G;
2010-12-12;3.98;G;
2010-12-13;2.80;G;
2010-12-14;2.11;G;
2010-12-15;1.88;G;
2010-12-16;1.78;G;
2010-12-17;1.72;G;
2010-12-18;1.66;G;
2010-12-19;1.62;G;
2010-12-20;1.59;G;
2010-12-21;1.53;G;
2010-12-22;1.49;G;
2010-12-23;1.44;G;
2010-12-24;1.40;G;
2010-12-25;1.36;G;
2010-12-26;1.32;G;
2010-12-27;1.29;G;
2010-12-28;1.27;G;
2010-12-29;1.24;G;
2010-12-30;1.22;G;
2010-12-31;1.19;G;
2011-01-01;1.38;G;
2011-01-02;1.32;G;
2011-01-03;1.25;G;
2011-01-04;1.22;G;
2011-01-05;1.20;G;
2011-01-06;1.19;G;
2011-01-07;1.22;G;
2011-01-08;1.45;G;
2011-01-09;3.22;G;
2011-01-10;3.57;G;
2011-01-11;3.23;G;
2011-01-12;2.86;G;
2011-01-13;2.59;G;
2011-01-14;2.46;G;
2011-01-15;3.17;G;
2011-01-16;9.53;G;
2011-01-17;16.9;G;
2011-01-18;18.1;G;
2011-01-19;14.7;G;
2011-01-20;10.1;G;
2011-01-21;6.79;G;
2011-01-22;5.00;G;
2011-01-23;3.99;G;
2011-01-24;3.43;G;
2011-01-25;3.67;G;
2011-01-26;3.77;G;
2011-01-27;2.85;G;
2011-01-28;2.40;G;
2011-01-29;2.02;G;
2011-01-30;1.73;G;
2011-01-31;1.55;G;
2011-02-01;1.47;G;
2011-02-02;1.55;G;
2011-02-03;3.86;G;
2011-02-04;7.87;G;
2011-02-05;21.2;G;
2011-02-06;17.7;G;
2011-02-07;14.8;G;
2011-02-08;13.1;G;
2011-02-09;11.0;G;
2011-02-10;8.00;G;
2011-02-11;8.67;G;
2011-02-12;6.69;G;
2011-02-13;4.23;G;
2011-02-14;3.21;G;
2011-02-15;2.59;G;
2011-02-16;2.10;G;
2011-02-17;1.77;G;
2011-02-18;1.52;G;
2011-02-19;1.33;G;
2011-02-20;1.16;G;
2011-02-21;0.997;G;
2011-02-22;0.893;G;
2011-02-23;0.869;G;
2011-02-24;0.853;G;
2011-02-25;0.842;G;
2011-02-26;0.842;G;
2011-02-27;0.809;G;
2011-02-28;0.762;G;
2011-03-01;0.722;G;
2011-03-02;0.703;G;
2011-03-03;0.700;G;
2011-03-04;0.704;G;
2011-03-05;0.828;G;
2011-03-06;1.01;G;
2011-03-07;0.890;G;
2011-03-08;0.815;G;
2011-03-09;0.733;G;
2011-03-10;1.17;G;
2011-03-11;2.42;G;
2011-03-12;2.11;G;
2011-03-13;2.06;G;
2011-03-14;2.04;G;
2011-03-15;2.71;G;
2011-03-16;2.15;G;
2011-03-17;1.85;G;
2011-03-18;2.21;G;
2011-03-19;2.73;G;
2011-03-20;3.04;G;
2011-03-21;2.89;G;
2011-03-22;3.12;G;
2011-03-23;3.68;G;
2011-03-24;3.36;G;
2011-03-25;3.22;G;
2011-03-26;2.73;G;
2011-03-27;2.18;G;
2011-03-28;1.96;G;
2011-03-29;1.77;G;
2011-03-30;1.64;G;
2011-03-31;1.62;G;
2011-04-01;3.26;G;
2011-04-02;3.59;G;
2011-04-03;2.93;G;
2011-04-04;2.42;G;
2011-04-05;2.17;G;
2011-04-06;2.34;G;
2011-04-07;2.44;G;
2011-04-08;1.90;G;
2011-04-09;1.37;G;
2011-04-10;1.11;G;
2011-04-11;0.972;G;
2011-04-12;1.05;G;
2011-04-13;1.41;G;
2011-04-14;1.32;G;
2011-04-15;1.18;G;
2011-04-16;1.00;G;
2011-04-17;0.879;G;
2011-04-18;0.770;G;
2011-04-19;0.671;G;
2011-04-20;0.576;G;
2011-04-21;0.507;G;
2011-04-22;0.446;G;
2011-04-23;0.392;G;
2011-04-24;0.345;G;
2011-04-25;0.316;G;
2011-04-26;0.289;G;
2011-04-27;0.260;G;
2011-04-28;0.221;G;
2011-04-29;0.201;G;
2011-04-30;0.179;G;
2011-05-01;0.163;G;
2011-05-02;0.183;G;
2011-05-03;0.184;G;
2011-05-04;0.193;G;
2011-05-05;0.176;G;
2011-05-06;0.154;G;
2011-05-07;0.136;G;
2011-05-08;0.116;G;
2011-05-09;0.154;G;
2011-05-10;0.202;G;
2011-05-11;0.201;G;
2011-05-12;0.189;G;
2011-05-13;0.189;G;
2011-05-14;0.317;G;
2011-05-15;0.264;G;
2011-05-16;0.270;G;
2011-05-17;0.536;G;
2011-05-18;0.626;G;
2011-05-19;0.452;G;
2011-05-20;0.34;G;
2011-05-21;0.266;G;
2011-05-22;0.362;G;
2011-05-23;0.375;G;
2011-05-24;0.381;G;
2011-05-25;0.299;G;
2011-05-26;0.256;G;
2011-05-27;0.258;G;
2011-05-28;0.244;G;
2011-05-29;0.314;G;
2011-05-30;0.276;G;
2011-05-31;0.211;G;
2011-06-01;0.182;G;
2011-06-02;0.148;G;
2011-06-03;0.131;G;
2011-06-04;0.111;G;
2011-06-05;0.098;G;
2011-06-06;0.079;G;
2011-06-07;0.072;G;
2011-06-08;0.074;G;
2011-06-09;0.086;G;
2011-06-10;0.078;G;
2011-06-11;0.072;G;
2011-06-12;0.06;G;
2011-06-13;0.059;G;
2011-06-14;0.063;G;
2011-06-15;0.054;G;
2011-06-16;0.055;G;
2011-06-17;0.104;G;
2011-06-18;0.066;G;
2011-06-19;0.083;G;
2011-06-20;0.181;G;
2011-06-21;0.113;G;
2011-06-22;0.090;G;
2011-06-23;0.671;G;
2011-06-24;0.435;G;
2011-06-25;0.257;G;
2011-06-26;0.164;G;
2011-06-27;0.123;G;
2011-06-28;0.099;G;
2011-06-29;0.080;G;
2011-06-30;0.065;G;
2011-07-01;0.065;G;
2011-07-02;0.865;G;
2011-07-03;1.61;G;
2011-07-04;0.931;G;
2011-07-05;0.599;G;
2011-07-06;0.409;G;
2011-07-07;0.301;G;
2011-07-08;0.252;G;
2011-07-09;0.202;G;
2011-07-10;0.155;G;
2011-07-11;0.128;G;
2011-07-12;0.122;G;
2011-07-13;0.161;G;
2011-07-14;0.326;G;
2011-07-15;0.886;G;
2011-07-16;0.782;G;
2011-07-17;0.534;G;
2011-07-18;1.21;G;
2011-07-19;1.19;G;
2011-07-20;0.688;G;
2011-07-21;0.681;G;
2011-07-22;3.33;G;
2011-07-23;3.77;G;
2011-07-24;4.31;G;
2011-07-25;3.10;G;
2011-07-26;2.26;G;
2011-07-27;1.65;G;
2011-07-28;1.42;G;
2011-07-29;1.89;G;
2011-07-30;2.89;G;
2011-07-31;2.86;G;
2011-08-01;2.39;G;
2011-08-02;1.74;G;
2011-08-03;1.28;G;
2011-08-04;0.981;G;
2011-08-05;0.808;G;
2011-08-06;0.786;G;
2011-08-07;3.43;G;
2011-08-08;4.90;G;
2011-08-09;3.90;G;
2011-08-10;3.16;G;
2011-08-11;2.87;G;
2011-08-12;4.16;G;
2011-08-13;3.23;G;
2011-08-14;2.37;G;
2011-08-15;3.82;G;
2011-08-16;3.55;G;
2011-08-17;2.47;G;
2011-08-18;1.92;G;
2011-08-19;1.67;G;
2011-08-20;1.58;G;
2011-08-21;1.31;G;
2011-08-22;1.13;G;
2011-08-23;0.966;G;
2011-08-24;0.819;G;
2011-08-25;1.05;G;
2011-08-26;1.26;G;
2011-08-27;1.21;G;
2011-08-28;1.97;G;
2011-08-29;2.10;G;
2011-08-30;2.51;G;
2011-08-31;3.67;G;
2011-09-01;3.29;G;
2011-09-02;2.41;G;
2011-09-03;1.82;G;
2011-09-04;1.44;G;
2011-09-05;1.20;G;
2011-09-06;1.06;G;
2011-09-07;1.79;G;
2011-09-08;2.34;G;
2011-09-09;2.32;G;
2011-09-10;1.90;G;
2011-09-11;1.54;G;
2011-09-12;1.61;G;
2011-09-13;2.10;G;
2011-09-14;1.88;G;
2011-09-15;1.62;G;
2011-09-16;1.41;G;
2011-09-17;1.21;G;
2011-09-18;1.12;G;
2011-09-19;1.67;G;
2011-09-20;1.76;G;
2011-09-21;1.47;G;
2011-09-22;1.32;G;
2011-09-23;1.20;G;
2011-09-24;1.16;G;
2011-09-25;1.09;G;
2011-09-26;0.949;G;
2011-09-27;0.809;G;
2011-09-28;0.707;G;
2011-09-29;0.639;G;
2011-09-30;0.597;G;
2011-10-01;0.544;G;
2011-10-02;0.511;G;
2011-10-03;0.494;G;
2011-10-04;0.499;G;
2011-10-05;0.463;G;
2011-10-06;0.623;G;
2011-10-07;0.838;G;
2011-10-08;0.906;G;
2011-10-09;0.829;G;
2011-10-10;1.36;G;
2011-10-11;2.86;G;
2011-10-12;2.78;G;
2011-10-13;2.05;G;
2011-10-14;1.53;G;
2011-10-15;1.28;G;
2011-10-16;1.14;G;
2011-10-17;1.05;G;
2011-10-18;1.23;G;
2011-10-19;1.85;G;
2011-10-20;1.80;G;
2011-10-21;1.65;G;
2011-10-22;1.55;G;
2011-10-23;1.35;G;
2011-10-24;1.17;G;
2011-10-25;1.06;G;
2011-10-26;1.11;G;
2011-10-27;1.46;G;
2011-10-28;1.65;G;
2011-10-29;1.49;G;
2011-10-30;1.37;G;
2011-10-31;1.28;G;
2011-11-01;1.19;G;
2011-11-02;1.12;G;
2011-11-03;1.06;G;
2011-11-04;0.999;G;
2011-11-05;0.928;G;
2011-11-06;0.872;G;
2011-11-07;0.827;G;
2011-11-08;0.798;G;
2011-11-09;0.772;G;
2011-11-10;0.732;G;
2011-11-11;0.695;G;
2011-11-12;0.654;G;
2011-11-13;0.613;G;
2011-11-14;0.606;G;
2011-11-15;0.591;G;
2011-11-16;0.554;G;
2011-11-17;0.546;G;
2011-11-18;0.553;G;
2011-11-19;0.563;G;
2011-11-20;0.610;G;
2011-11-21;0.640;G;
2011-11-22;0.645;G;
2011-11-23;0.629;G;
2011-11-24;0.605;G;
2011-11-25;0.666;G;
2011-11-26;0.843;G;
2011-11-27;1.42;G;
2011-11-28;2.36;G;
2011-11-29;2.17;G;
2011-11-30;1.79;G;
2011-12-01;1.54;G;
2011-12-02;1.62;G;
2011-12-03;2.25;G;
2011-12-04;3.80;G;
2011-12-05;3.19;G;
2011-12-06;2.59;G;
2011-12-07;2.33;G;
2011-12-08;2.23;G;
2011-12-09;6.99;G;
2011-12-10;5.97;G;
2011-12-11;3.89;G;
2011-12-12;3.26;G;
2011-12-13;3.78;G;
2011-12-14;5.95;G;
2011-12-15;6.05;G;
2011-12-16;6.71;G;
2011-12-17;11.0;G;
2011-12-18;8.46;G;
2011-12-19;5.16;G;
2011-12-20;3.92;G;
2011-12-21;3.24;G;
2011-12-22;2.74;G;
2011-12-23;2.49;G;
2011-12-24;2.70;G;
2011-12-25;3.08;G;
2011-12-26;3.34;G;
2011-12-27;3.16;G;
2011-12-28;2.99;G;
2011-12-29;2.95;G;
2011-12-30;2.76;G;
2011-12-31;2.39;G;
2012-01-01;2.38;G;
2012-01-02;7.26;G;
2012-01-03;8.04;G;
2012-01-04;12.1;G;
2012-01-05;14.6;G;
2012-01-06;13.9;G;
2012-01-07;9.14;G;
2012-01-08;7.29;G;
2012-01-09;5.60;G;
2012-01-10;5.84;G;
2012-01-11;4.89;G;
2012-01-12;4.86;G;
2012-01-13;5.69;G;
2012-01-14;3.91;G;
2012-01-15;2.87;G;
2012-01-16;2.48;G;
2012-01-17;2.37;G;
2012-01-18;2.40;G;
2012-01-19;3.03;G;
2012-01-20;4.25;G;
2012-01-21;4.02;G;
2012-01-22;3.95;G;
2012-01-23;3.41;G;
2012-01-24;2.51;G;
2012-01-25;2.04;G;
2012-01-26;1.77;G;
2012-01-27;1.60;G;
2012-01-28;1.43;G;
2012-01-29;1.26;G;
2012-01-30;1.18;G;
2012-01-31;0.998;G;
2012-02-01;0.845;G;
2012-02-02;0.727;G;
2012-02-03;0.643;G;
2012-02-04;0.577;G;
2012-02-05;0.523;G;
2012-02-06;0.480;G;
2012-02-07;0.448;G;
2012-02-08;0.426;G;
2012-02-09;0.412;G;
2012-02-10;0.403;G;
2012-02-11;0.395;G;
2012-02-12;0.377;G;
2012-02-13;0.379;G;
2012-02-14;0.379;G;
2012-02-15;0.411;G;
2012-02-16;0.389;G;
2012-02-17;0.522;G;
2012-02-18;1.62;G;
2012-02-19;7.69;G;
2012-02-20;3.50;G;
2012-02-21;2.89;G;
2012-02-22;5.94;G;
2012-02-23;13.8;G;
2012-02-24;10.1;G;
2012-02-25;6.87;G;
2012-02-26;4.14;G;
2012-02-27;2.91;G;
2012-02-28;2.92;G;
2012-02-29;3.83;G;
2012-03-01;3.86;G;
2012-03-02;3.58;G;
2012-03-03;2.85;G;
2012-03-04;2.49;G;
2012-03-05;2.18;G;
2012-03-06;1.89;G;
2012-03-07;1.62;G;
2012-03-08;1.56;G;
2012-03-09;1.53;G;
2012-03-10;2.42;G;
2012-03-11;2.77;G;
2012-03-12;2.42;G;
2012-03-13;2.14;G;
2012-03-14;1.90;G;
2012-03-15;1.71;G;
2012-03-16;1.60;G;
2012-03-17;1.48;G;
2012-03-18;1.41;G;
2012-03-19;1.35;G;
2012-03-20;1.23;G;
2012-03-21;1.26;G;
2012-03-22;1.21;G;
2012-03-23;1.14;G;
2012-03-24;1.05;G;
2012-03-25;0.987;G;
2012-03-26;0.902;G;
2012-03-27;0.850;G;
2012-03-28;0.796;G;
2012-03-29;0.752;G;
2012-03-30;0.699;G;
2012-03-31;0.650;G;
2012-04-01;0.640;G;
2012-04-02;0.924;G;
2012-04-03;0.912;G;
2012-04-04;0.777;G;
2012-04-05;0.661;G;
2012-04-06;0.671;G;
2012-04-07;0.831;G;
2012-04-08;0.855;G;
2012-04-09;0.786;G;
2012-04-10;0.981;G;
2012-04-11;1.41;G;
2012-04-12;1.39;G;
2012-04-13;1.58;G;
2012-04-14;1.81;G;
2012-04-15;1.41;G;
2012-04-16;1.14;G;
2012-04-17;0.951;G;
2012-04-18;0.848;G;
2012-04-19;0.747;G;
2012-04-20;0.665;G;
2012-04-21;0.680;G;
2012-04-22;0.948;G;
2012-04-23;1.56;G;
2012-04-24;1.27;G;
2012-04-25;1.11;G;
2012-04-26;1.15;G;
2012-04-27;1.10;G;
2012-04-28;0.941;G;
2012-04-29;0.856;G;
2012-04-30;0.696;G;
2012-05-01;0.574;G;
2012-05-02;0.489;G;
2012-05-03;0.444;G;
2012-05-04;0.413;G;
2012-05-05;0.396;G;
2012-05-06;0.335;G;
2012-05-07;0.306;G;
2012-05-08;0.285;G;
2012-05-09;0.304;G;
2012-05-10;0.464;G;
2012-05-11;0.910;G;
2012-05-12;0.855;G;
2012-05-13;0.686;G;
2012-05-14;0.572;G;
2012-05-15;0.479;G;
2012-05-16;0.447;G;
2012-05-17;0.413;G;
2012-05-18;0.432;G;
2012-05-19;0.387;G;
2012-05-20;0.363;G;
2012-05-21;0.305;G;
2012-05-22;0.260;G;
2012-05-23;0.229;G;
2012-05-24;0.169;G;
2012-05-25;0.150;G;
2012-05-26;0.137;G;
2012-05-27;0.131;G;
2012-05-28;0.123;G;
2012-05-29;0.115;G;
2012-05-30;0.114;G;
2012-05-31;0.111;G;
2012-06-01;0.111;G;
2012-06-02;0.180;G;
2012-06-03;0.129;G;
2012-06-04;0.11;G;
2012-06-05;0.105;G;
2012-06-06;0.097;G;
2012-06-07;0.097;G;
2012-06-08;0.11;G;
2012-06-09;0.104;G;
2012-06-10;0.089;G;
2012-06-11;0.124;G;
2012-06-12;0.092;G;
2012-06-13;0.081;G;
2012-06-14;0.081;G;
2012-06-15;0.075;G;
2012-06-16;0.067;G;
2012-06-17;0.107;G;
2012-06-18;0.078;G;
2012-06-19;0.066;G;
2012-06-20;0.057;G;
2012-06-21;0.047;G;
2012-06-22;0.088;G;
2012-06-23;0.074;G;
2012-06-24;0.243;G;
2012-06-25;0.453;G;
2012-06-26;0.519;G;
2012-06-27;0.337;G;
2012-06-28;0.207;G;
2012-06-29;0.266;G;
2012-06-30;0.232;G;
2012-07-01;0.227;G;
2012-07-02;0.159;G;
2012-07-03;0.116;G;
2012-07-04;0.091;G;
2012-07-05;0.079;G;
2012-07-06;0.075;G;
2012-07-07;0.089;G;
2012-07-08;0.088;G;
2012-07-09;0.094;G;
2012-07-10;0.073;G;
2012-07-11;0.073;G;
2012-07-12;0.134;G;
2012-07-13;0.097;G;
2012-07-14;0.196;G;
2012-07-15;0.254;G;
2012-07-16;0.169;G;
2012-07-17;0.179;G;
2012-07-18;0.145;G;
2012-07-19;0.348;G;
2012-07-20;0.309;G;
2012-07-21;0.254;G;
2012-07-22;0.180;G;
2012-07-23;0.132;G;
2012-07-24;0.097;G;
2012-07-25;0.078;G;
2012-07-26;0.064;G;
2012-07-27;0.052;G;
2012-07-28;0.041;G;
2012-07-29;0.048;G;
2012-07-30;0.094;G;
2012-07-31;0.075;G;
2012-08-01;0.062;G;
2012-08-02;0.053;G;
2012-08-03;0.045;G;
2012-08-04;0.034;G;
2012-08-05;0.034;G;
2012-08-06;0.039;G;
2012-08-07;0.120;G;
2012-08-08;0.055;G;
2012-08-09;0.045;G;
2012-08-10;0.064;G;
2012-08-11;0.045;G;
2012-08-12;0.036;G;
2012-08-13;0.032;G;
2012-08-14;0.030;G;
2012-08-15;0.027;G;
2012-08-16;0.029;G;
2012-08-17;0.021;G;
2012-08-18;0.021;G;
2012-08-19;0.021;G;
2012-08-20;0.019;G;
2012-08-21;0.017;G;
2012-08-22;0.046;G;
2012-08-23;0.020;G;
2012-08-24;0.020;G;
2012-08-25;0.025;G;
2012-08-26;0.019;G;
2012-08-27;0.026;G;
2012-08-28;0.021;G;
2012-08-29;0.020;G;
2012-08-30;0.148;G;
2012-08-31;0.050;G;
2012-09-01;0.053;G;
2012-09-02;0.044;G;
2012-09-03;0.045;G;
2012-09-04;0.031;G;
2012-09-05;0.029;G;
2012-09-06;0.026;G;
2012-09-07;0.025;G;
2012-09-08;0.021;G;
2012-09-09;0.022;G;
2012-09-10;0.023;G;
2012-09-11;0.021;G;
2012-09-12;0.026;G;
2012-09-13;0.018;G;
2012-09-14;0.048;G;
2012-09-15;0.028;G;
2012-09-16;0.025;G;
2012-09-17;0.026;G;
2012-09-18;0.026;G;
2012-09-19;0.032;G;
2012-09-20;0.030;G;
2012-09-21;0.031;G;
2012-09-22;0.070;G;
2012-09-23;0.079;G;
2012-09-24;0.092;G;
2012-09-25;0.201;G;
2012-09-26;0.162;G;
2012-09-27;0.142;G;
2012-09-28;0.127;G;
2012-09-29;0.162;G;
2012-09-30;0.110;G;
2012-10-01;0.094;G;
2012-10-02;0.069;G;
2012-10-03;0.075;G;
2012-10-04;0.098;G;
2012-10-05;0.216;G;
2012-10-06;0.266;G;
2012-10-07;0.276;G;
2012-10-08;0.202;G;
2012-10-09;0.254;G;
2012-10-10;0.365;G;
2012-10-11;0.305;G;
2012-10-12;0.254;G;
2012-10-13;0.574;G;
2012-10-14;1.21;G;
2012-10-15;1.96;G;
2012-10-16;2.04;G;
2012-10-17;1.55;G;
2012-10-18;1.19;G;
2012-10-19;0.939;G;
2012-10-20;0.729;G;
2012-10-21;0.582;G;
2012-10-22;0.473;G;
2012-10-23;0.413;G;
2012-10-24;0.381;G;
2012-10-25;0.391;G;
2012-10-26;0.380;G;
2012-10-27;0.348;G;
2012-10-28;0.318;G;
2012-10-29;0.338;G;
2012-10-30;0.578;G;
2012-10-31;0.761;G;
2012-11-01;0.807;G;
2012-11-02;1.20;G;
2012-11-03;1.67;G;
2012-11-04;2.09;G;
2012-11-05;2.79;G;
2012-11-06;3.17;G;
2012-11-07;2.68;G;
2012-11-08;2.47;G;
2012-11-09;2.63;G;
2012-11-10;2.31;G;
2012-11-11;1.92;G;
2012-11-12;1.62;G;
2012-11-13;1.38;G;
2012-11-14;1.25;G;
2012-11-15;1.17;G;
2012-11-16;1.08;G;
2012-11-17;1.02;G;
2012-11-18;0.931;G;
2012-11-19;0.821;G;
2012-11-20;0.751;G;
2012-11-21;0.709;G;
2012-11-22;0.692;G;
2012-11-23;0.658;G;
2012-11-24;0.680;G;
2012-11-25;0.798;G;
2012-11-26;2.34;G;
2012-11-27;3.10;G;
2012-11-28;2.75;G;
2012-11-29;2.21;G;
2012-11-30;1.79;G;
2012-12-01;1.43;G;
2012-12-02;1.22;G;
2012-12-03;1.06;G;
2012-12-04;1.03;G;
2012-12-05;0.904;G;
2012-12-06;0.805;G;
2012-12-07;0.732;G;
2012-12-08;0.675;G;
2012-12-09;0.623;G;
2012-12-10;0.576;G;
2012-12-11;0.541;G;
2012-12-12;0.520;G;
2012-12-13;0.507;G;
2012-12-14;0.504;G;
2012-12-15;0.622;G;
2012-12-16;1.29;G;
2012-12-17;3.37;G;
2012-12-18;4.84;G;
2012-12-19;3.98;G;
2012-12-20;3.05;G;
2012-12-21;2.43;G;
2012-12-22;1.96;G;
2012-12-23;1.66;G;
2012-12-24;1.94;G;
2012-12-25;5.83;G;
2012-12-26;7.39;G;
2012-12-27;8.50;G;
2012-12-28;7.13;G;
2012-12-29;4.86;G;
2012-12-30;5.44;G;
2012-12-31;6.34;G;
2013-01-01;8.32;G;
2013-01-02;7.27;G;
2013-01-03;6.36;G;
2013-01-04;5.46;G;
2013-01-05;4.09;G;
2013-01-06;3.38;G;
2013-01-07;3.14;G;
2013-01-08;3.04;G;
2013-01-09;3.05;G;
2013-01-10;5.21;G;
2013-01-11;4.23;G;
2013-01-12;2.98;G;
2013-01-13;2.45;G;
2013-01-14;2.17;G;
2013-01-15;1.94;G;
2013-01-16;1.71;G;
2013-01-17;1.50;G;
2013-01-18;1.40;G;
2013-01-19;1.33;G;
2013-01-20;1.22;G;
2013-01-21;1.13;G;
2013-01-22;1.08;G;
2013-01-23;1.08;G;
2013-01-24;1.04;G;
2013-01-25;1.01;G;
2013-01-26;0.992;G;
2013-01-27;0.989;G;
2013-01-28;1.03;G;
2013-01-29;1.32;G;
2013-01-30;5.35;G;
2013-01-31;11.1;G;
2013-02-01;9.58;G;
2013-02-02;6.09;G;
2013-02-03;3.99;G;
2013-02-04;3.43;G;
2013-02-05;3.88;G;
2013-02-06;3.57;G;
2013-02-07;2.95;G;
2013-02-08;2.55;G;
2013-02-09;2.28;G;
2013-02-10;2.08;G;
2013-02-11;1.89;G;
2013-02-12;1.69;G;
2013-02-13;1.65;G;
2013-02-14;1.55;G;
2013-02-15;1.50;G;
2013-02-16;1.44;G;
2013-02-17;1.45;G;
2013-02-18;1.49;G;
2013-02-19;1.50;G;
2013-02-20;1.33;G;
2013-02-21;1.15;G;
2013-02-22;1.06;G;
2013-02-23;1.05;G;
2013-02-24;1.08;G;
2013-02-25;1.10;G;
2013-02-26;1.13;G;
2013-02-27;1.11;G;
2013-02-28;1.14;G;
2013-03-01;1.22;G;
2013-03-02;1.25;G;
2013-03-03;1.58;G;
2013-03-04;1.76;G;
2013-03-05;1.84;G;
2013-03-06;1.97;G;
2013-03-07;2.09;G;
2013-03-08;1.77;G;
2013-03-09;1.47;G;
2013-03-10;0.968;G;
2013-03-11;0.808;G;
2013-03-12;0.679;G;
2013-03-13;0.573;G;
2013-03-14;0.488;G;
2013-03-15;0.423;G;
2013-03-16;0.379;G;
2013-03-17;0.353;G;
2013-03-18;0.346;G;
2013-03-19;0.344;G;
2013-03-20;0.341;G;
2013-03-21;0.338;G;
2013-03-22;0.337;G;
2013-03-23;0.340;G;
2013-03-24;0.347;G;
2013-03-25;0.356;G;
2013-03-26;0.367;G;
2013-03-27;0.378;G;
2013-03-28;0.392;G;
2013-03-29;0.414;G;
2013-03-30;0.447;G;
2013-03-31;0.527;G;
2013-04-01;0.562;G;
2013-04-02;0.607;G;
2013-04-03;0.551;G;
2013-04-04;0.663;G;
2013-04-05;0.811;G;
2013-04-06;0.910;G;
2013-04-07;1.08;G;
2013-04-08;1.38;G;
2013-04-09;1.55;G;
2013-04-10;1.68;G;
2013-04-11;1.96;G;
2013-04-12;2.66;G;
2013-04-13;3.21;G;
2013-04-14;3.12;G;
2013-04-15;3.32;G;
2013-04-16;3.14;G;
2013-04-17;2.51;G;
2013-04-18;2.11;G;
2013-04-19;1.73;G;
2013-04-20;1.43;G;
2013-04-21;1.19;G;
2013-04-22;1.02;G;
2013-04-23;0.928;G;
2013-04-24;0.835;G;
2013-04-25;0.744;G;
2013-04-26;0.879;G;
2013-04-27;0.985;G;
2013-04-28;0.871;G;
2013-04-29;0.738;G;
2013-04-30;0.635;G;
2013-05-01;0.564;G;
2013-05-02;0.488;G;
2013-05-03;0.450;G;
2013-05-04;0.414;G;
2013-05-05;0.376;G;
2013-05-06;0.347;G;
2013-05-07;0.349;G;
2013-05-08;0.35;G;
2013-05-09;0.318;G;
2013-05-10;0.292;G;
2013-05-11;0.273;G;
2013-05-12;0.259;G;
2013-05-13;0.246;G;
2013-05-14;0.282;G;
2013-05-15;0.256;G;
2013-05-16;0.238;G;
2013-05-17;0.209;G;
2013-05-18;0.188;G;
2013-05-19;0.541;G;
2013-05-20;0.713;G;
2013-05-21;0.580;G;
2013-05-22;0.517;G;
2013-05-23;0.644;G;
2013-05-24;0.533;G;
2013-05-25;0.470;G;
2013-05-26;0.564;G;
2013-05-27;1.11;G;
2013-05-28;0.933;G;
2013-05-29;0.698;G;
2013-05-30;0.519;G;
2013-05-31;0.387;G;
2013-06-01;0.301;G;
2013-06-02;0.242;G;
2013-06-03;0.240;G;
2013-06-04;0.218;G;
2013-06-05;0.170;G;
2013-06-06;0.148;G;
2013-06-07;0.122;G;
2013-06-08;0.096;G;
2013-06-09;0.086;G;
2013-06-10;0.080;G;
2013-06-11;0.070;G;
2013-06-12;0.065;G;
2013-06-13;0.11;G;
2013-06-14;0.359;G;
2013-06-15;0.370;G;
2013-06-16;0.668;G;
2013-06-17;0.940;G;
2013-06-18;0.631;G;
2013-06-19;0.333;G;
2013-06-20;0.322;G;
2013-06-21;0.255;G;
2013-06-22;0.204;G;
2013-06-23;0.175;G;
2013-06-24;0.140;G;
2013-06-25;0.158;G;
2013-06-26;0.253;G;
2013-06-27;0.264;G;
2013-06-28;0.228;G;
2013-06-29;0.243;G;
2013-06-30;0.602;G;
2013-07-01;1.31;G;
2013-07-02;0.904;G;
2013-07-03;0.539;G;
2013-07-04;0.348;G;
2013-07-05;0.284;G;
2013-07-06;0.204;G;
2013-07-07;0.155;G;
2013-07-08;0.125;G;
2013-07-09;0.102;G;
2013-07-10;0.089;G;
2013-07-11;0.081;G;
2013-07-12;0.069;G;
2013-07-13;0.065;G;
2013-07-14;0.053;G;
2013-07-15;0.053;G;
2013-07-16;0.051;G;
2013-07-17;0.048;G;
2013-07-18;0.042;G;
2013-07-19;0.038;G;
2013-07-20;0.036;G;
2013-07-21;0.030;G;
2013-07-22;0.028;G;
2013-07-23;0.025;G;
2013-07-24;0.022;G;
2013-07-25;0.032;G;
2013-07-26;0.028;G;
2013-07-27;0.025;G;
2013-07-28;0.027;G;
2013-07-29;0.025;G;
2013-07-30;0.044;G;
2013-07-31;0.134;G;
2013-08-01;0.047;G;
2013-08-02;0.041;G;
2013-08-03;0.030;G;
2013-08-04;0.022;G;
2013-08-05;0.019;G;
2013-08-06;0.019;G;
2013-08-07;0.017;G;
2013-08-08;0.254;G;
2013-08-09;0.048;G;
2013-08-10;0.045;G;
2013-08-11;0.071;G;
2013-08-12;0.050;G;
2013-08-13;0.159;G;
2013-08-14;0.279;G;
2013-08-15;0.089;G;
2013-08-16;0.058;G;
2013-08-17;0.049;G;
2013-08-18;0.051;G;
2013-08-19;0.045;G;
2013-08-20;0.039;G;
2013-08-21;0.034;G;
2013-08-22;0.036;G;
2013-08-23;0.032;G;
2013-08-24;0.029;G;
2013-08-25;0.027;G;
2013-08-26;0.024;G;
2013-08-27;0.021;G;
2013-08-28;0.021;G;
2013-08-29;0.020;G;
2013-08-30;0.020;G;
2013-08-31;0.129;G;
2013-09-01;0.034;G;
2013-09-02;0.065;G;
2013-09-03;0.034;G;
2013-09-04;0.029;G;
2013-09-05;0.038;G;
2013-09-06;0.021;G;
2013-09-07;0.020;G;
2013-09-08;0.019;G;
2013-09-09;0.078;G;
2013-09-10;0.037;G;
2013-09-11;0.159;G;
2013-09-12;0.141;G;
2013-09-13;0.082;G;
2013-09-14;0.068;G;
2013-09-15;0.196;G;
2013-09-16;0.109;G;
2013-09-17;0.099;G;
2013-09-18;0.131;G;
2013-09-19;0.146;G;
2013-09-20;0.116;G;
2013-09-21;0.102;G;
2013-09-22;0.116;G;
2013-09-23;0.147;G;
2013-09-24;0.144;G;
2013-09-25;0.132;G;
2013-09-26;0.108;G;
2013-09-27;0.085;G;
2013-09-28;0.076;G;
2013-09-29;0.074;G;
2013-09-30;0.069;G;
2013-10-01;0.065;G;
2013-10-02;0.063;G;
2013-10-03;0.056;G;
2013-10-04;0.052;G;
2013-10-05;0.060;G;
2013-10-06;0.052;G;
2013-10-07;0.049;G;
2013-10-08;0.050;G;
2013-10-09;0.085;G;
2013-10-10;0.061;G;
2013-10-11;0.059;G;
2013-10-12;0.063;G;
2013-10-13;0.486;G;
2013-10-14;0.803;G;
2013-10-15;0.643;G;
2013-10-16;0.440;G;
2013-10-17;0.377;G;
2013-10-18;0.299;G;
2013-10-19;0.254;G;
2013-10-20;0.481;G;
2013-10-21;1.95;G;
2013-10-22;3.57;G;
2013-10-23;2.75;G;
2013-10-24;2.06;G;
2013-10-25;1.57;G;
2013-10-26;1.30;G;
2013-10-27;1.18;G;
2013-10-28;1.58;G;
2013-10-29;2.38;G;
2013-10-30;1.93;G;
2013-10-31;1.56;G;
2013-11-01;1.89;G;
2013-11-02;2.32;G;
2013-11-03;2.77;G;
2013-11-04;3.01;G;
2013-11-05;3.75;G;
2013-11-06;3.05;G;
2013-11-07;2.55;G;
2013-11-08;2.38;G;
2013-11-09;2.66;G;
2013-11-10;4.56;G;
2013-11-11;4.84;G;
2013-11-12;3.81;G;
2013-11-13;3.64;G;
2013-11-14;2.98;G;
2013-11-15;2.42;G;
2013-11-16;2.11;G;
2013-11-17;1.88;G;
2013-11-18;1.69;G;
2013-11-19;1.70;G;
2013-11-20;1.70;G;
2013-11-21;1.95;G;
2013-11-22;2.07;G;
2013-11-23;1.85;G;
2013-11-24;1.70;G;
2013-11-25;1.50;G;
2013-11-26;1.24;G;
2013-11-27;1.16;G;
2013-11-28;1.48;G;
2013-11-29;1.49;G;
2013-11-30;1.66;G;
2013-12-01;1.69;G;
2013-12-02;1.42;G;
2013-12-03;1.29;G;
2013-12-04;1.46;G;
2013-12-05;2.21;G;
2013-12-06;3.30;G;
2013-12-07;2.44;G;
2013-12-08;2.49;G;
2013-12-09;5.13;G;
2013-12-10;4.53;G;
2013-12-11;3.70;G;
2013-12-12;3.05;G;
2013-12-13;2.74;G;
2013-12-14;3.34;G;
2013-12-15;3.41;G;
2013-12-16;3.18;G;
2013-12-17;2.87;G;
2013-12-18;2.79;G;
2013-12-19;2.57;G;
2013-12-20;2.65;G;
2013-12-21;2.74;G;
2013-12-22;3.88;G;
2013-12-23;3.81;G;
2013-12-24;4.62;G;
2013-12-25;5.33;G;
2013-12-26;3.97;G;
2013-12-27;3.34;G;
2013-12-28;4.67;G;
2013-12-29;5.07;G;
2013-12-30;3.79;G;
2013-12-31;3.10;G;
2014-01-01;2.68;G;
2014-01-02;2.40;G;
2014-01-03;2.40;G;
2014-01-04;2.65;G;
2014-01-05;2.54;G;
2014-01-06;2.35;G;
2014-01-07;2.84;G;
2014-01-08;3.43;G;
2014-01-09;4.12;G;
2014-01-10;7.81;G;
2014-01-11;7.40;G;
2014-01-12;7.68;G;
2014-01-13;5.07;G;
2014-01-14;3.61;G;
2014-01-15;3.21;G;
2014-01-16;2.85;G;
2014-01-17;2.58;G;
2014-01-18;2.27;G;
2014-01-19;2.00;G;
2014-01-20;1.81;G;
2014-01-21;1.66;G;
2014-01-22;1.51;G;
2014-01-23;1.37;G;
2014-01-24;1.25;G;
2014-01-25;1.15;G;
2014-01-26;1.06;G;
2014-01-27;0.983;G;
2014-01-28;0.904;G;
2014-01-29;0.856;G;
2014-01-30;0.866;G;
2014-01-31;0.907;G;
2014-02-01;0.963;G;
2014-02-02;1.03;G;
2014-02-03;1.11;G;
2014-02-04;1.20;G;
2014-02-05;1.30;G;
2014-02-06;1.40;G;
2014-02-07;2.13;G;
2014-02-08;6.93;G;
2014-02-09;11.3;G;
2014-02-10;10.1;G;
2014-02-11;7.17;G;
2014-02-12;5.81;G;
2014-02-13;5.07;G;
2014-02-14;5.12;G;
2014-02-15;4.94;G;
2014-02-16;4.83;G;
2014-02-17;4.15;G;
2014-02-18;3.43;G;
2014-02-19;3.15;G;
2014-02-20;3.06;G;
2014-02-21;3.21;G;
2014-02-22;3.67;G;
2014-02-23;3.07;G;
2014-02-24;2.61;G;
2014-02-25;2.29;G;
2014-02-26;2.07;G;
2014-02-27;1.92;G;
2014-02-28;2.10;G;
2014-03-01;2.53;G;
2014-03-02;2.35;G;
2014-03-03;2.20;G;
2014-03-04;1.99;G;
2014-03-05;1.75;G;
2014-03-06;1.58;G;
2014-03-07;1.50;G;
2014-03-08;1.47;G;
2014-03-09;1.39;G;
2014-03-10;1.29;G;
2014-03-11;1.18;G;
2014-03-12;1.08;G;
2014-03-13;1.03;G;
2014-03-14;0.980;G;
2014-03-15;1.25;G;
2014-03-16;1.30;G;
2014-03-17;1.58;G;
2014-03-18;1.80;G;
2014-03-19;1.93;G;
2014-03-20;1.84;G;
2014-03-21;1.68;G;
2014-03-22;1.75;G;
2014-03-23;1.78;G;
2014-03-24;1.61;G;
2014-03-25;1.50;G;
2014-03-26;3.26;G;
2014-03-27;3.47;G;
2014-03-28;2.70;G;
2014-03-29;2.14;G;
2014-03-30;1.77;G;
2014-03-31;1.51;G;
2014-04-01;1.32;G;
2014-04-02;1.15;G;
2014-04-03;1.05;G;
2014-04-04;0.932;G;
2014-04-05;0.859;G;
2014-04-06;0.857;G;
2014-04-07;0.959;G;
2014-04-08;1.05;G;
2014-04-09;1.80;G;
2014-04-10;2.35;G;
2014-04-11;1.90;G;
2014-04-12;1.65;G;
2014-04-13;1.61;G;
2014-04-14;2.27;G;
2014-04-15;3.25;G;
2014-04-16;2.33;G;
2014-04-17;1.84;G;
2014-04-18;2.57;G;
2014-04-19;2.42;G;
2014-04-20;1.82;G;
2014-04-21;1.46;G;
2014-04-22;1.27;G;
2014-04-23;1.07;G;
2014-04-24;0.896;G;
2014-04-25;0.782;G;
2014-04-26;0.694;G;
2014-04-27;0.612;G;
2014-04-28;0.545;G;
2014-04-29;0.486;G;
2014-04-30;0.450;G;
2014-05-01;0.408;G;
2014-05-02;0.363;G;
2014-05-03;0.327;G;
2014-05-04;0.310;G;
2014-05-05;0.303;G;
2014-05-06;0.318;G;
2014-05-07;0.426;G;
2014-05-08;0.471;G;
2014-05-09;0.674;G;
2014-05-10;1.33;G;
2014-05-11;1.67;G;
2014-05-12;1.70;G;
2014-05-13;2.28;G;
2014-05-14;2.65;G;
2014-05-15;2.75;G;
2014-05-16;1.85;G;
2014-05-17;1.39;G;
2014-05-18;1.29;G;
2014-05-19;1.84;G;
2014-05-20;1.76;G;
2014-05-21;1.39;G;
2014-05-22;1.05;G;
2014-05-23;0.793;G;
2014-05-24;0.790;G;
2014-05-25;0.942;G;
2014-05-26;0.716;G;
2014-05-27;0.543;G;
2014-05-28;0.431;G;
2014-05-29;0.370;G;
2014-05-30;0.317;G;
2014-05-31;0.282;G;
2014-06-01;0.264;G;
2014-06-02;0.231;G;
2014-06-03;0.221;G;
2014-06-04;0.245;G;
2014-06-05;0.235;G;
2014-06-06;0.239;G;
2014-06-07;0.185;G;
2014-06-08;0.158;G;
2014-06-09;0.130;G;
2014-06-10;0.117;G;
2014-06-11;0.144;G;
2014-06-12;0.155;G;
2014-06-13;0.163;G;
2014-06-14;0.136;G;
2014-06-15;0.113;G;
2014-06-16;0.100;G;
2014-06-17;0.089;G;
2014-06-18;0.078;G;
2014-06-19;0.080;G;
2014-06-20;0.081;G;
2014-06-21;0.090;G;
2014-06-22;0.091;G;
2014-06-23;0.15;G;
2014-06-24;0.096;G;
2014-06-25;0.082;G;
2014-06-26;0.175;G;
2014-06-27;0.111;G;
2014-06-28;0.156;G;
2014-06-29;0.326;G;
2014-06-30;0.212;G;
2014-07-01;0.145;G;
2014-07-02;0.122;G;
2014-07-03;0.103;G;
2014-07-04;0.097;G;
2014-07-05;0.082;G;
2014-07-06;0.063;G;
2014-07-07;0.551;G;
2014-07-08;0.621;G;
2014-07-09;0.274;G;
2014-07-10;0.146;G;
2014-07-11;0.100;G;
2014-07-12;0.105;G;
2014-07-13;0.739;G;
2014-07-14;0.700;G;
2014-07-15;0.585;G;
2014-07-16;0.404;G;
2014-07-17;0.254;G;
2014-07-18;0.170;G;
2014-07-19;0.141;G;
2014-07-20;0.119;G;
2014-07-21;0.094;G;
2014-07-22;0.082;G;
2014-07-23;0.065;G;
2014-07-24;0.057;G;
2014-07-25;0.050;G;
2014-07-26;0.046;G;
2014-07-27;0.046;G;
2014-07-28;0.053;G;
2014-07-29;0.042;G;
2014-07-30;0.081;G;
2014-07-31;0.057;G;
2014-08-01;0.048;G;
2014-08-02;0.043;G;
2014-08-03;0.217;G;
2014-08-04;0.365;G;
2014-08-05;0.177;G;
2014-08-06;0.109;G;
2014-08-07;0.082;G;
2014-08-08;0.070;G;
2014-08-09;0.108;G;
2014-08-10;0.067;G;
2014-08-11;0.125;G;
2014-08-12;0.111;G;
2014-08-13;0.098;G;
2014-08-14;0.067;G;
2014-08-15;0.059;G;
2014-08-16;0.054;G;
2014-08-17;0.148;G;
2014-08-18;0.361;G;
2014-08-19;0.293;G;
2014-08-20;0.217;G;
2014-08-21;0.166;G;
2014-08-22;0.128;G;
2014-08-23;0.311;G;
2014-08-24;0.162;G;
2014-08-25;0.141;G;
2014-08-26;0.218;G;
2014-08-27;0.115;G;
2014-08-28;0.086;G;
2014-08-29;0.106;G;
2014-08-30;0.156;G;
2014-08-31;0.336;G;
2014-09-01;0.300;G;
2014-09-02;0.283;G;
2014-09-03;0.226;G;
2014-09-04;0.171;G;
2014-09-05;0.147;G;
2014-09-06;0.125;G;
2014-09-07;0.110;G;
2014-09-08;0.125;G;
2014-09-09;0.595;G;
2014-09-10;1.42;G;
2014-09-11;1.27;G;
2014-09-12;0.866;G;
2014-09-13;0.620;G;
2014-09-14;1.00;G;
2014-09-15;0.917;G;
2014-09-16;0.656;G;
2014-09-17;0.488;G;
2014-09-18;0.376;G;
2014-09-19;0.312;G;
2014-09-20;0.271;G;
2014-09-21;0.332;G;
2014-09-22;0.271;G;
2014-09-23;0.241;G;
2014-09-24;0.242;G;
2014-09-25;0.256;G;
2014-09-26;0.234;G;
2014-09-27;0.215;G;
2014-09-28;0.195;G;
2014-09-29;0.175;G;
2014-09-30;0.160;G;
2014-10-01;0.155;G;
2014-10-02;0.152;G;
2014-10-03;0.137;G;
2014-10-04;0.137;G;
2014-10-05;0.130;G;
2014-10-06;0.119;G;
2014-10-07;0.245;G;
2014-10-08;0.244;G;
2014-10-09;0.306;G;
2014-10-10;0.265;G;
2014-10-11;0.254;G;
2014-10-12;0.264;G;
2014-10-13;0.660;G;
2014-10-14;1.97;G;
2014-10-15;1.90;G;
2014-10-16;2.29;G;
2014-10-17;6.86;G;
2014-10-18;8.24;G;
2014-10-19;11.5;G;
2014-10-20;13.5;G;
2014-10-21;10.2;G;
2014-10-22;7.35;G;
2014-10-23;6.05;G;
2014-10-24;4.88;G;
2014-10-25;3.90;G;
2014-10-26;3.33;G;
2014-10-27;2.86;G;
2014-10-28;2.50;G;
2014-10-29;2.24;G;
2014-10-30;1.99;G;
2014-10-31;1.77;G;
2014-11-01;1.63;G;
2014-11-02;1.52;G;
2014-11-03;1.42;G;
2014-11-04;1.41;G;
2014-11-05;1.58;G;
2014-11-06;2.34;G;
2014-11-07;2.89;G;
2014-11-08;2.42;G;
2014-11-09;2.01;G;
2014-11-10;1.87;G;
2014-11-11;1.77;G;
2014-11-12;1.61;G;
2014-11-13;1.54;G;
2014-11-14;1.49;G;
2014-11-15;1.41;G;
2014-11-16;1.30;G;
2014-11-17;1.52;G;
2014-11-18;2.05;G;
2014-11-19;1.93;G;
2014-11-20;1.86;G;
2014-11-21;1.98;G;
2014-11-22;1.80;G;
2014-11-23;1.63;G;
2014-11-24;2.09;G;
2014-11-25;2.85;G;
2014-11-26;2.37;G;
2014-11-27;1.99;G;
2014-11-28;1.79;G;
2014-11-29;1.66;G;
2014-11-30;1.48;G;
2014-12-01;1.32;G;
2014-12-02;1.23;G;
2014-12-03;1.14;G;
2014-12-04;1.07;G;
2014-12-05;1.12;G;
2014-12-06;1.42;G;
2014-12-07;1.80;G;
2014-12-08;3.04;G;
2014-12-09;2.95;G;
2014-12-10;3.26;G;
2014-12-11;4.60;G;
2014-12-12;5.29;G;
2014-12-13;7.54;G;
2014-12-14;5.34;G;
2014-12-15;4.13;G;
2014-12-16;4.38;G;
2014-12-17;4.07;G;
2014-12-18;4.17;G;
2014-12-19;8.70;G;
2014-12-20;7.29;G;
2014-12-21;6.09;G;
2014-12-22;13.0;G;
2014-12-23;13.5;G;
2014-12-24;11.5;G;
2014-12-25;10.9;G;
2014-12-26;6.99;G;
2014-12-27;4.40;G;
2014-12-28;3.53;G;
2014-12-29;2.74;G;
2014-12-30;2.38;G;
2014-12-31;2.36;G;
2015-01-01;2.84;G;
2015-01-02;5.35;G;
2015-01-03;6.16;G;
2015-01-04;4.39;G;
2015-01-05;3.29;G;
2015-01-06;2.72;G;
2015-01-07;2.48;G;
2015-01-08;3.25;G;
2015-01-09;6.35;G;
2015-01-10;12.0;G;
2015-01-11;11.8;G;
2015-01-12;8.10;G;
2015-01-13;7.08;G;
2015-01-14;7.74;G;
2015-01-15;8.92;G;
2015-01-16;14.7;G;
2015-01-17;10.7;G;
2015-01-18;6.75;G;
2015-01-19;5.05;G;
2015-01-20;4.58;G;
2015-01-21;4.40;G;
2015-01-22;3.87;G;
2015-01-23;3.37;G;
2015-01-24;2.94;G;
2015-01-25;2.62;G;
2015-01-26;2.68;G;
2015-01-27;4.14;G;
2015-01-28;4.16;G;
2015-01-29;6.35;G;
2015-01-30;5.60;G;
2015-01-31;4.31;G;
2015-02-01;3.64;G;
2015-02-02;3.16;G;
2015-02-03;2.68;G;
2015-02-04;2.33;G;
2015-02-05;2.07;G;
2015-02-06;1.76;G;
2015-02-07;2.28;G;
2015-02-08;2.96;G;
2015-02-09;2.42;G;
2015-02-10;2.36;G;
2015-02-11;2.27;G;
2015-02-12;2.17;G;
2015-02-13;1.98;G;
2015-02-14;1.79;G;
2015-02-15;1.64;G;
2015-02-16;1.54;G;
2015-02-17;1.44;G;
2015-02-18;1.36;G;
2015-02-19;1.41;G;
2015-02-20;1.43;G;
2015-02-21;2.08;G;
2015-02-22;3.09;G;
2015-02-23;2.74;G;
2015-02-24;2.69;G;
2015-02-25;2.35;G;
2015-02-26;2.01;G;
2015-02-27;1.78;G;
2015-02-28;1.62;G;
2015-03-01;1.65;G;
2015-03-02;2.21;G;
2015-03-03;3.14;G;
2015-03-04;2.80;G;
2015-03-05;2.42;G;
2015-03-06;2.17;G;
2015-03-07;2.24;G;
2015-03-08;1.99;G;
2015-03-09;1.69;G;
2015-03-10;1.52;G;
2015-03-11;1.39;G;
2015-03-12;1.25;G;
2015-03-13;1.16;G;
2015-03-14;1.07;G;
2015-03-15;0.998;G;
2015-03-16;0.959;G;
2015-03-17;0.929;G;
2015-03-18;0.881;G;
2015-03-19;0.818;G;
2015-03-20;0.794;G;
2015-03-21;0.993;G;
2015-03-22;1.00;G;
2015-03-23;0.952;G;
2015-03-24;0.912;G;
2015-03-25;0.866;G;
2015-03-26;0.844;G;
2015-03-27;0.806;G;
2015-03-28;0.765;G;
2015-03-29;1.82;G;
2015-03-30;6.70;G;
2015-03-31;7.00;G;
2015-04-01;5.99;G;
2015-04-02;4.43;G;
2015-04-03;3.36;G;
2015-04-04;2.65;G;
2015-04-05;2.22;G;
2015-04-06;1.86;G;
2015-04-07;1.65;G;
2015-04-08;1.53;G;
2015-04-09;1.36;G;
2015-04-10;1.24;G;
2015-04-11;1.15;G;
2015-04-12;1.27;G;
2015-04-13;2.12;G;
2015-04-14;2.03;G;
2015-04-15;2.54;G;
2015-04-16;2.64;G;
2015-04-17;1.98;G;
2015-04-18;1.63;G;
2015-04-19;1.39;G;
2015-04-20;1.18;G;
2015-04-21;1.02;G;
2015-04-22;0.900;G;
2015-04-23;0.824;G;
2015-04-24;0.749;G;
2015-04-25;0.725;G;
2015-04-26;0.806;G;
2015-04-27;0.881;G;
2015-04-28;0.78;G;
2015-04-29;0.658;G;
2015-04-30;0.598;G;
2015-05-01;0.693;G;
2015-05-02;0.578;G;
2015-05-03;0.504;G;
2015-05-04;0.624;G;
2015-05-05;0.844;G;
2015-05-06;0.955;G;
2015-05-07;0.807;G;
2015-05-08;0.682;G;
2015-05-09;0.573;G;
2015-05-10;0.535;G;
2015-05-11;0.503;G;
2015-05-12;0.531;G;
2015-05-13;0.675;G;
2015-05-14;0.909;G;
2015-05-15;0.745;G;
2015-05-16;0.559;G;
2015-05-17;0.534;G;
2015-05-18;0.621;G;
2015-05-19;1.24;G;
2015-05-20;1.45;G;
2015-05-21;0.971;G;
2015-05-22;0.72;G;
2015-05-23;0.620;G;
2015-05-24;0.517;G;
2015-05-25;0.447;G;
2015-05-26;0.432;G;
2015-05-27;0.372;G;
2015-05-28;0.341;G;
2015-05-29;0.322;G;
2015-05-30;0.356;G;
2015-05-31;0.446;G;
2015-06-01;0.716;G;
2015-06-02;0.832;G;
2015-06-03;1.06;G;
2015-06-04;0.848;G;
2015-06-05;0.573;G;
2015-06-06;0.418;G;
2015-06-07;0.335;G;
2015-06-08;0.267;G;
2015-06-09;0.234;G;
2015-06-10;0.204;G;
2015-06-11;0.184;G;
2015-06-12;0.167;G;
2015-06-13;0.151;G;
2015-06-14;0.149;G;
2015-06-15;0.136;G;
2015-06-16;0.126;G;
2015-06-17;0.139;G;
2015-06-18;0.262;G;
2015-06-19;0.337;G;
2015-06-20;0.445;G;
2015-06-21;0.478;G;
2015-06-22;0.550;G;
2015-06-23;0.424;G;
2015-06-24;0.460;G;
2015-06-25;0.371;G;
2015-06-26;0.284;G;
2015-06-27;0.216;G;
2015-06-28;0.207;G;
2015-06-29;0.196;G;
2015-06-30;0.169;G;
2015-07-01;0.132;G;
2015-07-02;0.112;G;
2015-07-03;0.093;G;
2015-07-04;0.081;G;
2015-07-05;0.071;G;
2015-07-06;0.164;G;
2015-07-07;0.086;G;
2015-07-08;0.116;G;
2015-07-09;0.149;G;
2015-07-10;0.138;G;
2015-07-11;0.110;G;
2015-07-12;0.098;G;
2015-07-13;0.189;G;
2015-07-14;0.115;G;
2015-07-15;0.096;G;
2015-07-16;0.082;G;
2015-07-17;0.073;G;
2015-07-18;0.086;G;
2015-07-19;0.069;G;
2015-07-20;0.147;G;
2015-07-21;0.098;G;
2015-07-22;0.080;G;
2015-07-23;0.072;G;
2015-07-24;0.066;G;
2015-07-25;0.123;G;
2015-07-26;0.208;G;
2015-07-27;0.180;G;
2015-07-28;0.279;G;
2015-07-29;0.244;G;
2015-07-30;0.230;G;
2015-07-31;0.175;G;
2015-08-01;0.133;G;
2015-08-02;0.103;G;
2015-08-03;0.080;G;
2015-08-04;0.072;G;
2015-08-05;0.393;G;
2015-08-06;0.162;G;
2015-08-07;0.122;G;
2015-08-08;0.111;G;
2015-08-09;0.092;G;
2015-08-10;0.077;G;
2015-08-11;0.101;G;
2015-08-12;0.073;G;
2015-08-13;0.067;G;
2015-08-14;0.057;G;
2015-08-15;0.050;G;
2015-08-16;0.047;G;
2015-08-17;0.041;G;
2015-08-18;0.039;G;
2015-08-19;0.045;G;
2015-08-20;0.031;G;
2015-08-21;0.036;G;
2015-08-22;0.033;G;
2015-08-23;0.031;G;
2015-08-24;0.075;G;
2015-08-25;0.051;G;
2015-08-26;0.049;G;
2015-08-27;0.060;G;
2015-08-28;0.062;G;
2015-08-29;0.044;G;
2015-08-30;0.038;G;
2015-08-31;0.12;G;
2015-09-01;0.089;G;
2015-09-02;0.057;G;
2015-09-03;0.061;G;
2015-09-04;0.076;G;
2015-09-05;0.349;G;
2015-09-06;0.238;G;
2015-09-07;0.172;G;
2015-09-08;0.106;G;
2015-09-09;0.090;G;
2015-09-10;0.074;G;
2015-09-11;0.065;G;
2015-09-12;0.058;G;
2015-09-13;0.056;G;
2015-09-14;0.056;G;
2015-09-15;0.152;G;
2015-09-16;0.140;G;
2015-09-17;0.133;G;
2015-09-18;0.143;G;
2015-09-19;0.107;G;
2015-09-20;0.145;G;
2015-09-21;0.223;G;
2015-09-22;0.201;G;
2015-09-23;0.174;G;
2015-09-24;0.164;G;
2015-09-25;0.15;G;
2015-09-26;0.134;G;
2015-09-27;0.118;G;
2015-09-28;0.103;G;
2015-09-29;0.092;G;
2015-09-30;0.085;G;
2015-10-01;0.082;G;
2015-10-02;0.080;G;
2015-10-03;0.077;G;
2015-10-04;0.075;G;
2015-10-05;0.077;G;
2015-10-06;0.076;G;
2015-10-07;0.072;G;
2015-10-08;0.071;G;
2015-10-09;0.068;G;
2015-10-10;0.069;G;
2015-10-11;0.074;G;
2015-10-12;0.088;G;
2015-10-13;0.216;G;
2015-10-14;0.272;G;
2015-10-15;0.362;G;
2015-10-16;0.299;G;
2015-10-17;0.285;G;
2015-10-18;0.358;G;
2015-10-19;0.411;G;
2015-10-20;0.359;G;
2015-10-21;0.301;G;
2015-10-22;0.272;G;
2015-10-23;0.249;G;
2015-10-24;0.241;G;
2015-10-25;0.227;G;
2015-10-26;0.208;G;
2015-10-27;0.196;G;
2015-10-28;0.188;G;
2015-10-29;0.183;G;
2015-10-30;0.177;G;
2015-10-31;0.170;G;
2015-11-01;0.164;G;
2015-11-02;0.163;G;
2015-11-03;0.162;G;
2015-11-04;0.164;G;
2015-11-05;0.213;G;
2015-11-06;0.229;G;
2015-11-07;0.562;G;
2015-11-08;1.32;G;
2015-11-09;1.67;G;
2015-11-10;2.14;G;
2015-11-11;2.96;G;
2015-11-12;3.88;G;
2015-11-13;3.36;G;
2015-11-14;2.56;G;
2015-11-15;2.09;G;
2015-11-16;1.73;G;
2015-11-17;1.82;G;
2015-11-18;4.31;G;
2015-11-19;6.90;G;
2015-11-20;6.49;G;
2015-11-21;4.51;G;
2015-11-22;3.61;G;
2015-11-23;3.75;G;
2015-11-24;4.17;G;
2015-11-25;8.41;G;
2015-11-26;9.90;G;
2015-11-27;8.97;G;
2015-11-28;12.6;G;
2015-11-29;14.8;G;
2015-11-30;18.4;G;
2015-12-01;15.1;G;
2015-12-02;10.6;G;
2015-12-03;7.83;G;
2015-12-04;7.56;G;
2015-12-05;6.34;G;
2015-12-06;5.12;G;
2015-12-07;4.33;G;
2015-12-08;3.72;G;
2015-12-09;3.64;G;
2015-12-10;3.51;G;
2015-12-11;3.90;G;
2015-12-12;4.47;G;
2015-12-13;4.08;G;
2015-12-14;3.63;G;
2015-12-15;3.47;G;
2015-12-16;3.25;G;
2015-12-17;3.08;G;
2015-12-18;3.24;G;
2015-12-19;3.05;G;
2015-12-20;2.90;G;
2015-12-21;2.64;G;
2015-12-22;3.35;G;
2015-12-23;8.08;G;
2015-12-24;8.75;G;
2015-12-25;6.12;G;
2015-12-26;5.61;G;
2015-12-27;11.5;G;
2015-12-28;13.1;G;
2015-12-29;9.09;G;
2015-12-30;5.82;G;
2015-12-31;4.21;G;
2016-01-01;3.58;G;
2016-01-02;3.23;G;
2016-01-03;2.59;G;
2016-01-04;2.12;G;
2016-01-05;1.81;G;
2016-01-06;1.61;G;
2016-01-07;1.48;G;
2016-01-08;1.49;G;
2016-01-09;1.45;G;
2016-01-10;1.52;G;
2016-01-11;1.85;G;
2016-01-12;2.42;G;
2016-01-13;2.90;G;
2016-01-14;2.32;G;
2016-01-15;1.95;G;
2016-01-16;1.43;G;
2016-01-17;1.34;G;
2016-01-18;1.28;G;
2016-01-19;1.25;G;
2016-01-20;1.20;G;
2016-01-21;1.09;G;
2016-01-22;0.984;G;
2016-01-23;0.967;G;
2016-01-24;1.01;G;
2016-01-25;1.61;G;
2016-01-26;4.12;G;
2016-01-27;7.15;G;
2016-01-28;10.8;G;
2016-01-29;8.16;G;
2016-01-30;8.20;G;
2016-01-31;8.79;G;
2016-02-01;6.87;G;
2016-02-02;7.41;G;
2016-02-03;6.14;G;
2016-02-04;4.49;G;
2016-02-05;3.60;G;
2016-02-06;3.49;G;
2016-02-07;3.35;G;
2016-02-08;4.02;G;
2016-02-09;7.95;G;
2016-02-10;10.3;G;
2016-02-11;9.67;G;
2016-02-12;6.62;G;
2016-02-13;4.53;G;
2016-02-14;3.76;G;
2016-02-15;3.22;G;
2016-02-16;2.56;G;
2016-02-17;2.12;G;
2016-02-18;2.01;G;
2016-02-19;1.91;G;
2016-02-20;2.16;G;
2016-02-21;6.07;G;
2016-02-22;9.92;G;
2016-02-23;7.78;G;
2016-02-24;5.44;G;
2016-02-25;3.98;G;
2016-02-26;3.38;G;
2016-02-27;2.81;G;
2016-02-28;2.51;G;
2016-02-29;2.21;G;
2016-03-01;2.01;G;
2016-03-02;2.05;G;
2016-03-03;2.35;G;
2016-03-04;2.17;G;
2016-03-05;1.95;G;
2016-03-06;2.19;G;
2016-03-07;3.46;G;
2016-03-08;3.87;G;
2016-03-09;3.05;G;
2016-03-10;2.49;G;
2016-03-11;2.13;G;
2016-03-12;1.86;G;
2016-03-13;1.68;G;
2016-03-14;1.59;G;
2016-03-15;1.51;G;
2016-03-16;1.38;G;
2016-03-17;1.32;G;
2016-03-18;1.28;G;
2016-03-19;1.18;G;
2016-03-20;1.12;G;
2016-03-21;1.06;G;
2016-03-22;0.998;G;
2016-03-23;1.05;G;
2016-03-24;1.04;G;
2016-03-25;0.998;G;
2016-03-26;0.971;G;
2016-03-27;0.911;G;
2016-03-28;0.878;G;
2016-03-29;0.967;G;
2016-03-30;0.980;G;
2016-03-31;1.10;G;
2016-04-01;1.00;G;
2016-04-02;0.862;G;
2016-04-03;0.796;G;
2016-04-04;0.750;G;
2016-04-05;0.720;G;
2016-04-06;0.878;G;
2016-04-07;1.08;G;
2016-04-08;1.05;G;
2016-04-09;0.983;G;
2016-04-10;0.863;G;
2016-04-11;0.751;G;
2016-04-12;0.677;G;
2016-04-13;0.674;G;
2016-04-14;0.885;G;
2016-04-15;0.860;G;
2016-04-16;0.921;G;
2016-04-17;0.846;G;
2016-04-18;0.731;G;
2016-04-19;0.679;G;
2016-04-20;0.622;G;
2016-04-21;0.555;G;
2016-04-22;0.523;G;
2016-04-23;0.493;G;
2016-04-24;0.512;G;
2016-04-25;0.708;G;
2016-04-26;1.37;G;
2016-04-27;6.43;G;
2016-04-28;7.06;G;
2016-04-29;6.32;G;
2016-04-30;3.88;G;
2016-05-01;2.66;G;
2016-05-02;2.09;G;
2016-05-03;1.69;G;
2016-05-04;1.37;G;
2016-05-05;1.14;G;
2016-05-06;0.973;G;
2016-05-07;0.838;G;
2016-05-08;0.711;G;
2016-05-09;0.601;G;
2016-05-10;0.523;G;
2016-05-11;0.463;G;
2016-05-12;0.404;G;
2016-05-13;0.361;G;
2016-05-14;0.331;G;
2016-05-15;0.310;G;
2016-05-16;0.342;G;
2016-05-17;0.324;G;
2016-05-18;0.300;G;
2016-05-19;0.277;G;
2016-05-20;0.265;G;
2016-05-21;0.255;G;
2016-05-22;0.233;G;
2016-05-23;0.201;G;
2016-05-24;0.182;G;
2016-05-25;0.158;G;
2016-05-26;0.194;G;
2016-05-27;0.150;G;
2016-05-28;0.137;G;
2016-05-29;0.130;G;
2016-05-30;0.138;G;
2016-05-31;0.125;G;
2016-06-01;0.108;G;
2016-06-02;0.090;G;
2016-06-03;0.078;G;
2016-06-04;0.07;G;
2016-06-05;0.069;G;
2016-06-06;0.064;G;
2016-06-07;0.058;G;
2016-06-08;0.056;G;
2016-06-09;0.061;G;
2016-06-10;0.062;G;
2016-06-11;0.057;G;
2016-06-12;0.051;G;
2016-06-13;0.050;G;
2016-06-14;0.091;G;
2016-06-15;0.091;G;
2016-06-16;0.159;G;
2016-06-17;0.095;G;
2016-06-18;0.088;G;
2016-06-19;0.067;G;
2016-06-20;0.055;G;
2016-06-21;0.050;G;
2016-06-22;0.049;G;
2016-06-23;0.041;G;
2016-06-24;0.392;G;
2016-06-25;0.289;G;
2016-06-26;0.157;G;
2016-06-27;0.105;G;
2016-06-28;0.079;G;
2016-06-29;0.179;G;
2016-06-30;0.144;G;
2016-07-01;0.219;G;
2016-07-02;0.215;G;
2016-07-03;0.190;G;
2016-07-04;0.169;G;
2016-07-05;0.182;G;
2016-07-06;0.696;G;
2016-07-07;0.688;G;
2016-07-08;0.482;G;
2016-07-09;0.423;G;
2016-07-10;0.359;G;
2016-07-11;2.30;G;
2016-07-12;2.06;G;
2016-07-13;1.45;G;
2016-07-14;0.892;G;
2016-07-15;0.566;G;
2016-07-16;0.403;G;
2016-07-17;0.324;G;
2016-07-18;0.265;G;
2016-07-19;0.215;G;
2016-07-20;0.18;G;
2016-07-21;0.167;G;
2016-07-22;0.134;G;
2016-07-23;0.112;G;
2016-07-24;0.098;G;
2016-07-25;0.087;G;
2016-07-26;0.080;G;
2016-07-27;0.074;G;
2016-07-28;0.073;G;
2016-07-29;0.070;G;
2016-07-30;0.068;G;
2016-07-31;0.071;G;
2016-08-01;0.086;G;
2016-08-02;0.063;G;
2016-08-03;0.083;G;
2016-08-04;0.063;G;
2016-08-05;0.060;G;
2016-08-06;0.058;G;
2016-08-07;0.061;G;
2016-08-08;0.056;G;
2016-08-09;0.047;G;
2016-08-10;0.042;G;
2016-08-11;0.041;G;
2016-08-12;0.041;G;
2016-08-13;0.052;G;
2016-08-14;0.049;G;
2016-08-15;0.047;G;
2016-08-16;0.046;G;
2016-08-17;0.041;G;
2016-08-18;0.060;G;
2016-08-19;0.050;G;
2016-08-20;0.045;G;
2016-08-21;0.041;G;
2016-08-22;0.043;G;
2016-08-23;0.089;G;
2016-08-24;0.046;G;
2016-08-25;0.039;G;
2016-08-26;0.034;G;
2016-08-27;0.031;G;
2016-08-28;0.170;G;
2016-08-29;0.082;G;
2016-08-30;0.065;G;
2016-08-31;0.065;G;
2016-09-01;0.055;G;
2016-09-02;0.049;G;
2016-09-03;0.050;G;
2016-09-04;0.066;G;
2016-09-05;0.054;G;
2016-09-06;0.041;G;
2016-09-07;0.038;G;
2016-09-08;0.036;G;
2016-09-09;0.032;G;
2016-09-10;0.030;G;
2016-09-11;0.028;G;
2016-09-12;0.028;G;
2016-09-13;0.026;G;
2016-09-14;0.025;G;
2016-09-15;0.024;G;
2016-09-16;0.023;G;
2016-09-17;0.024;G;
2016-09-18;0.025;G;
2016-09-19;0.025;G;
2016-09-20;0.033;G;
2016-09-21;0.028;G;
2016-09-22;0.024;G;
2016-09-23;0.023;G;
2016-09-24;0.023;G;
2016-09-25;0.023;G;
2016-09-26;0.021;G;
2016-09-27;0.020;G;
2016-09-28;0.028;G;
2016-09-29;0.026;G;
2016-09-30;0.059;G;
2016-10-01;0.036;G;
2016-10-02;0.034;G;
2016-10-03;0.233;G;
2016-10-04;0.152;G;
2016-10-05;0.147;G;
2016-10-06;0.110;G;
2016-10-07;0.083;G;
2016-10-08;0.072;G;
2016-10-09;0.125;G;
2016-10-10;0.122;G;
2016-10-11;0.175;G;
2016-10-12;0.166;G;
2016-10-13;0.132;G;
2016-10-14;0.111;G;
2016-10-15;0.096;G;
2016-10-16;0.149;G;
2016-10-17;0.102;G;
2016-10-18;0.108;G;
2016-10-19;0.114;G;
2016-10-20;0.306;G;
2016-10-21;1.45;G;
2016-10-22;2.36;G;
2016-10-23;2.99;G;
2016-10-24;3.05;G;
2016-10-25;3.02;G;
2016-10-26;2.52;G;
2016-10-27;1.94;G;
2016-10-28;1.78;G;
2016-10-29;1.81;G;
2016-10-30;1.55;G;
2016-10-31;1.22;G;
2016-11-01;1.31;G;
2016-11-02;1.58;G;
2016-11-03;1.43;G;
2016-11-04;1.46;G;
2016-11-05;2.31;G;
2016-11-06;3.56;G;
2016-11-07;3.67;G;
2016-11-08;2.72;G;
2016-11-09;2.08;G;
2016-11-10;1.79;G;
2016-11-11;1.67;G;
2016-11-12;1.51;G;
2016-11-13;1.36;G;
2016-11-14;1.23;G;
2016-11-15;2.26;G;
2016-11-16;6.43;G;
2016-11-17;7.05;G;
2016-11-18;7.04;G;
2016-11-19;7.01;G;
2016-11-20;5.30;G;
2016-11-21;3.98;G;
2016-11-22;3.22;G;
2016-11-23;2.66;G;
2016-11-24;2.27;G;
2016-11-25;1.97;G;
2016-11-26;1.80;G;
2016-11-27;1.68;G;
2016-11-28;1.44;G;
2016-11-29;1.23;G;
2016-11-30;1.29;G;
2016-12-01;1.39;G;
2016-12-02;1.52;G;
2016-12-03;1.36;G;
2016-12-04;1.15;G;
2016-12-05;1.11;G;
2016-12-06;1.08;G;
2016-12-07;1.02;G;
2016-12-08;1.17;G;
2016-12-09;1.26;G;
2016-12-10;1.93;G;
2016-12-11;2.42;G;
2016-12-12;2.19;G;
2016-12-13;1.83;G;
2016-12-14;1.67;G;
2016-12-15;1.42;G;
2016-12-16;1.24;G;
2016-12-17;1.16;G;
2016-12-18;1.17;G;
2016-12-19;1.21;G;
2016-12-20;1.16;G;
2016-12-21;1.10;G;
2016-12-22;1.05;G;
2016-12-23;1.11;G;
2016-12-24;1.46;G;
2016-12-25;1.81;G;
2016-12-26;2.38;G;
2016-12-27;2.97;G;
2016-12-28;2.35;G;
2016-12-29;1.84;G;
2016-12-30;1.65;G;
2016-12-31;1.55;G;
2017-01-01;1.66;G;
2017-01-02;1.78;G;
2017-01-03;1.55;G;
2017-01-04;1.79;G;
2017-01-05;1.28;G;
2017-01-06;0.942;G;
2017-01-07;0.842;G;
2017-01-08;0.780;G;
2017-01-09;0.774;G;
2017-01-10;0.803;G;
2017-01-11;0.844;G;
2017-01-12;1.12;G;
2017-01-13;1.29;G;
2017-01-14;1.20;G;
2017-01-15;1.07;G;
2017-01-16;0.734;G;
2017-01-17;0.618;G;
2017-01-18;0.652;G;
2017-01-19;0.974;G;
2017-01-20;2.09;G;
2017-01-21;2.56;G;
2017-01-22;2.23;G;
2017-01-23;2.02;G;
2017-01-24;1.86;G;
2017-01-25;1.74;G;
2017-01-26;1.62;G;
2017-01-27;1.47;G;
2017-01-28;1.26;G;
2017-01-29;1.12;G;
2017-01-30;1.04;G;
2017-01-31;1.09;G;
2017-02-01;1.07;G;
2017-02-02;1.03;G;
2017-02-03;0.977;G;
2017-02-04;0.997;G;
2017-02-05;1.21;G;
2017-02-06;1.30;G;
2017-02-07;1.13;G;
2017-02-08;0.844;G;
2017-02-09;0.71;G;
2017-02-10;0.975;G;
2017-02-11;1.01;G;
2017-02-12;0.999;G;
2017-02-13;1.03;G;
2017-02-14;0.999;G;
2017-02-15;0.998;G;
2017-02-16;1.10;G;
2017-02-17;1.96;G;
2017-02-18;3.40;G;
2017-02-19;5.15;G;
2017-02-20;8.34;G;
2017-02-21;11.2;G;
2017-02-22;9.95;G;
2017-02-23;8.10;G;
2017-02-24;6.46;G;
2017-02-25;4.98;G;
2017-02-26;9.10;G;
2017-02-27;13.7;G;
2017-02-28;11.4;G;
2017-03-01;7.23;G;
2017-03-02;5.38;G;
2017-03-03;4.79;G;
2017-03-04;4.10;G;
2017-03-05;3.64;G;
2017-03-06;3.59;G;
2017-03-07;3.06;G;
2017-03-08;2.66;G;
2017-03-09;2.52;G;
2017-03-10;2.37;G;
2017-03-11;2.07;G;
2017-03-12;1.85;G;
2017-03-13;1.71;G;
2017-03-14;1.60;G;
2017-03-15;1.52;G;
2017-03-16;1.39;G;
2017-03-17;1.38;G;
2017-03-18;1.66;G;
2017-03-19;1.97;G;
2017-03-20;2.07;G;
2017-03-21;3.97;G;
2017-03-22;3.61;G;
2017-03-23;2.66;G;
2017-03-24;2.13;G;
2017-03-25;1.82;G;
2017-03-26;1.59;G;
2017-03-27;1.44;G;
2017-03-28;1.36;G;
2017-03-29;1.30;G;
2017-03-30;1.30;G;
2017-03-31;1.58;G;
2017-04-01;1.48;G;
2017-04-02;1.30;G;
2017-04-03;1.19;G;
2017-04-04;1.10;G;
2017-04-05;1.04;G;
2017-04-06;0.974;G;
2017-04-07;0.982;G;
2017-04-08;0.911;G;
2017-04-09;0.829;G;
2017-04-10;0.796;G;
2017-04-11;0.736;G;
2017-04-12;0.812;G;
2017-04-13;1.37;G;
2017-04-14;1.99;G;
2017-04-15;2.17;G;
2017-04-16;3.62;G;
2017-04-17;4.05;G;
2017-04-18;3.10;G;
2017-04-19;2.44;G;
2017-04-20;2.01;G;
2017-04-21;1.84;G;
2017-04-22;2.32;G;
2017-04-23;1.93;G;
2017-04-24;1.99;G;
2017-04-25;2.67;G;
2017-04-26;2.15;G;
2017-04-27;1.76;G;
2017-04-28;1.47;G;
2017-04-29;1.31;G;
2017-04-30;1.32;G;
2017-05-01;1.21;G;
2017-05-02;1.01;G;
2017-05-03;0.877;G;
2017-05-04;0.756;G;
2017-05-05;0.667;G;
2017-05-06;0.619;G;
2017-05-07;0.566;G;
2017-05-08;0.639;G;
2017-05-09;0.615;G;
2017-05-10;0.716;G;
2017-05-11;0.788;G;
2017-05-12;0.809;G;
2017-05-13;0.657;G;
2017-05-14;0.536;G;
2017-05-15;0.465;G;
2017-05-16;0.412;G;
2017-05-17;0.407;G;
2017-05-18;0.380;G;
2017-05-19;0.330;G;
2017-05-20;0.283;G;
2017-05-21;0.251;G;
2017-05-22;0.228;G;
2017-05-23;0.210;G;
2017-05-24;0.606;G;
2017-05-25;0.616;G;
2017-05-26;0.380;G;
2017-05-27;0.262;G;
2017-05-28;0.204;G;
2017-05-29;0.178;G;
2017-05-30;0.269;G;
2017-05-31;0.223;G;
2017-06-01;0.192;G;
2017-06-02;0.159;G;
2017-06-03;0.139;G;
2017-06-04;0.226;G;
2017-06-05;0.219;G;
2017-06-06;0.225;G;
2017-06-07;1.59;G;
2017-06-08;3.06;G;
2017-06-09;2.20;G;
2017-06-10;1.34;G;
2017-06-11;0.873;G;
2017-06-12;0.774;G;
2017-06-13;0.770;G;
2017-06-14;0.55;G;
2017-06-15;0.392;G;
2017-06-16;0.444;G;
2017-06-17;0.539;G;
2017-06-18;0.422;G;
2017-06-19;0.298;G;
2017-06-20;0.224;G;
2017-06-21;0.174;G;
2017-06-22;0.151;G;
2017-06-23;0.156;G;
2017-06-24;0.282;G;
2017-06-25;0.226;G;
2017-06-26;0.179;G;
2017-06-27;0.139;G;
2017-06-28;0.114;G;
2017-06-29;0.109;G;
2017-06-30;0.258;G;
2017-07-01;0.885;G;
2017-07-02;1.17;G;
2017-07-03;0.916;G;
2017-07-04;0.742;G;
2017-07-05;0.551;G;
2017-07-06;0.389;G;
2017-07-07;0.313;G;
2017-07-08;0.321;G;
2017-07-09;0.301;G;
2017-07-10;0.234;G;
2017-07-11;0.183;G;
2017-07-12;0.167;G;
2017-07-13;0.151;G;
2017-07-14;0.158;G;
2017-07-15;0.128;G;
2017-07-16;0.141;G;
2017-07-17;0.135;G;
2017-07-18;0.125;G;
2017-07-19;0.112;G;
2017-07-20;0.100;G;
2017-07-21;0.248;G;
2017-07-22;0.171;G;
2017-07-23;0.504;G;
2017-07-24;1.67;G;
2017-07-25;1.50;G;
2017-07-26;1.10;G;
2017-07-27;0.734;G;
2017-07-28;0.513;G;
2017-07-29;0.415;G;
2017-07-30;0.473;G;
2017-07-31;0.460;G;
2017-08-01;0.418;G;
2017-08-02;0.436;G;
2017-08-03;0.630;G;
2017-08-04;0.895;G;
2017-08-05;0.947;G;
2017-08-06;0.791;G;
2017-08-07;0.622;G;
2017-08-08;0.454;G;
2017-08-09;0.404;G;
2017-08-10;0.306;G;
2017-08-11;0.255;G;
2017-08-12;0.234;G;
2017-08-13;0.244;G;
2017-08-14;0.202;G;
2017-08-15;0.167;G;
2017-08-16;0.159;G;
2017-08-17;0.141;G;
2017-08-18;0.233;G;
2017-08-19;0.27;G;
2017-08-20;0.214;G;
2017-08-21;0.248;G;
2017-08-22;0.448;G;
2017-08-23;0.708;G;
2017-08-24;0.530;G;
2017-08-25;0.377;G;
2017-08-26;0.282;G;
2017-08-27;0.371;G;
2017-08-28;0.675;G;
2017-08-29;0.475;G;
2017-08-30;0.347;G;
2017-08-31;0.315;G;
2017-09-01;0.265;G;
2017-09-02;0.217;G;
2017-09-03;0.219;G;
2017-09-04;0.207;G;
2017-09-05;0.213;G;
2017-09-06;0.281;G;
2017-09-07;0.661;G;
2017-09-08;1.45;G;
2017-09-09;3.85;G;
2017-09-10;4.52;G;
2017-09-11;3.21;G;
2017-09-12;2.40;G;
2017-09-13;2.66;G;
2017-09-14;8.52;G;
2017-09-15;8.20;G;
2017-09-16;6.75;G;
2017-09-17;4.70;G;
2017-09-18;3.61;G;
2017-09-19;2.86;G;
2017-09-20;2.57;G;
2017-09-21;2.35;G;
2017-09-22;2.14;G;
2017-09-23;2.11;G;
2017-09-24;2.02;G;
2017-09-25;1.82;G;
2017-09-26;1.61;G;
2017-09-27;1.38;G;
2017-09-28;1.24;G;
2017-09-29;1.08;G;
2017-09-30;0.943;G;
2017-10-01;0.842;G;
2017-10-02;1.12;G;
2017-10-03;1.77;G;
2017-10-04;1.93;G;
2017-10-05;2.71;G;
2017-10-06;2.59;G;
2017-10-07;2.27;G;
2017-10-08;3.21;G;
2017-10-09;2.78;G;
2017-10-10;2.13;G;
2017-10-11;1.88;G;
2017-10-12;2.39;G;
2017-10-13;2.78;G;
2017-10-14;2.40;G;
2017-10-15;3.26;G;
2017-10-16;3.23;G;
2017-10-17;2.52;G;
2017-10-18;2.09;G;
2017-10-19;1.77;G;
2017-10-20;1.75;G;
2017-10-21;3.83;G;
2017-10-22;6.23;G;
2017-10-23;6.97;G;
2017-10-24;5.12;G;
2017-10-25;5.46;G;
2017-10-26;5.69;G;
2017-10-27;5.20;G;
2017-10-28;4.82;G;
2017-10-29;7.18;G;
2017-10-30;6.85;G;
2017-10-31;4.51;G;
2017-11-01;3.62;G;
2017-11-02;4.42;G;
2017-11-03;4.49;G;
2017-11-04;3.61;G;
2017-11-05;3.11;G;
2017-11-06;2.81;G;
2017-11-07;2.43;G;
2017-11-08;2.17;G;
2017-11-09;2.03;G;
2017-11-10;2.16;G;
2017-11-11;3.51;G;
2017-11-12;3.84;G;
2017-11-13;2.96;G;
2017-11-14;2.57;G;
2017-11-15;3.31;G;
2017-11-16;2.92;G;
2017-11-17;2.96;G;
2017-11-18;3.31;G;
2017-11-19;4.35;G;
2017-11-20;4.07;G;
2017-11-21;3.04;G;
2017-11-22;4.26;G;
2017-11-23;6.21;G;
2017-11-24;4.84;G;
2017-11-25;3.98;G;
2017-11-26;3.39;G;
2017-11-27;3.42;G;
2017-11-28;7.96;G;
2017-11-29;9.63;G;
2017-11-30;6.69;G;
2017-12-01;4.98;G;
2017-12-02;3.85;G;
2017-12-03;3.53;G;
2017-12-04;3.66;G;
2017-12-05;3.14;G;
2017-12-06;6.51;G;
2017-12-07;12.6;G;
2017-12-08;10.8;G;
2017-12-09;7.32;G;
2017-12-10;5.38;G;
2017-12-11;4.21;G;
2017-12-12;5.02;G;
2017-12-13;5.57;G;
2017-12-14;8.60;G;
2017-12-15;9.28;G;
2017-12-16;7.05;G;
2017-12-17;4.79;G;
2017-12-18;3.59;G;
2017-12-19;3.19;G;
2017-12-20;2.99;G;
2017-12-21;3.00;G;
2017-12-22;2.82;G;
2017-12-23;2.78;G;
2017-12-24;3.19;G;
2017-12-25;6.37;G;
2017-12-26;6.38;G;
2017-12-27;4.65;G;
2017-12-28;3.69;G;
2017-12-29;3.12;G;
2017-12-30;2.96;G;
2017-12-31;3.65;G;
2018-01-01;6.32;G;
2018-01-02;6.46;G;
2018-01-03;6.29;G;
2018-01-04;8.62;G;
2018-01-05;7.39;G;
2018-01-06;5.90;G;
2018-01-07;4.04;G;
2018-01-08;2.95;G;
2018-01-09;2.55;G;
2018-01-10;2.62;G;
2018-01-11;3.31;G;
2018-01-12;3.19;G;
2018-01-13;2.71;G;
2018-01-14;2.32;G;
2018-01-15;2.02;G;
2018-01-16;2.08;G;
2018-01-17;2.53;G;
2018-01-18;2.58;G;
2018-01-19;2.38;G;
2018-01-20;2.18;G;
2018-01-21;2.05;G;
2018-01-22;1.94;G;
2018-01-23;1.84;G;
2018-01-24;6.26;G;
2018-01-25;9.74;G;
2018-01-26;6.53;G;
2018-01-27;4.25;G;
2018-01-28;5.62;G;
2018-01-29;7.81;G;
2018-01-30;8.79;G;
2018-01-31;6.57;G;
2018-02-01;8.40;G;
2018-02-02;6.17;G;
2018-02-03;4.86;G;
2018-02-04;3.74;G;
2018-02-05;3.00;G;
2018-02-06;2.52;G;
2018-02-07;2.22;G;
2018-02-08;1.96;G;
2018-02-09;1.77;G;
2018-02-10;1.65;G;
2018-02-11;1.65;G;
2018-02-12;1.91;G;
2018-02-13;2.16;G;
2018-02-14;2.12;G;
2018-02-15;2.05;G;
2018-02-16;2.22;G;
2018-02-17;3.75;G;
2018-02-18;3.23;G;
2018-02-19;2.71;G;
2018-02-20;2.34;G;
2018-02-21;2.08;G;
2018-02-22;1.93;G;
2018-02-23;1.57;G;
2018-02-24;1.35;G;
2018-02-25;1.30;G;
2018-02-26;1.29;G;
2018-02-27;1.17;G;
2018-02-28;1.09;G;
2018-03-01;0.922;G;
2018-03-02;0.858;G;
2018-03-03;0.827;G;
2018-03-04;0.845;G;
2018-03-05;0.856;G;
2018-03-06;0.915;G;
2018-03-07;0.944;G;
2018-03-08;0.964;G;
2018-03-09;1.04;G;
2018-03-10;1.01;G;
2018-03-11;1.25;G;
2018-03-12;2.37;G;
2018-03-13;7.16;G;
2018-03-14;7.85;G;
2018-03-15;4.85;G;
2018-03-16;3.26;G;
2018-03-17;2.56;G;
2018-03-18;2.24;G;
2018-03-19;1.86;G;
2018-03-20;1.64;G;
2018-03-21;1.50;G;
2018-03-22;1.71;G;
2018-03-23;1.98;G;
2018-03-24;2.45;G;
2018-03-25;2.88;G;
2018-03-26;4.30;G;
2018-03-27;3.87;G;
2018-03-28;3.07;G;
2018-03-29;2.58;G;
2018-03-30;2.31;G;
2018-03-31;2.19;G;
2018-04-01;2.05;G;
2018-04-02;1.99;G;
2018-04-03;2.46;G;
2018-04-04;3.77;G;
2018-04-05;8.19;G;
2018-04-06;7.97;G;
2018-04-07;5.02;G;
2018-04-08;3.55;G;
2018-04-09;2.96;G;
2018-04-10;2.45;G;
2018-04-11;2.02;G;
2018-04-12;1.72;G;
2018-04-13;1.47;G;
2018-04-14;1.34;G;
2018-04-15;1.57;G;
2018-04-16;1.61;G;
2018-04-17;1.40;G;
2018-04-18;1.23;G;
2018-04-19;1.10;G;
2018-04-20;1.02;G;
2018-04-21;0.937;G;
2018-04-22;0.823;G;
2018-04-23;0.780;G;
2018-04-24;0.756;G;
2018-04-25;0.972;G;
2018-04-26;1.55;G;
2018-04-27;1.83;G;
2018-04-28;1.37;G;
2018-04-29;1.17;G;
2018-04-30;0.975;G;
2018-05-01;0.86;G;
2018-05-02;0.839;G;
2018-05-03;0.740;G;
2018-05-04;0.644;G;
2018-05-05;0.548;G;
2018-05-06;0.488;G;
2018-05-07;0.443;G;
2018-05-08;0.401;G;
2018-05-09;0.356;G;
2018-05-10;0.319;G;
2018-05-11;0.301;G;
2018-05-12;0.293;G;
2018-05-13;0.281;G;
2018-05-14;0.244;G;
2018-05-15;0.218;G;
2018-05-16;0.200;G;
2018-05-17;0.341;G;
2018-05-18;1.19;G;
2018-05-19;0.685;G;
2018-05-20;0.409;G;
2018-05-21;0.285;G;
2018-05-22;0.235;G;
2018-05-23;0.198;G;
2018-05-24;0.164;G;
2018-05-25;0.141;G;
2018-05-26;0.128;G;
2018-05-27;0.125;G;
2018-05-28;0.115;G;
2018-05-29;0.103;G;
2018-05-30;0.093;G;
2018-05-31;0.078;G;
2018-06-01;0.073;G;
2018-06-02;0.068;G;
2018-06-03;0.061;G;
2018-06-04;0.053;G;
2018-06-05;0.049;G;
2018-06-06;0.044;G;
2018-06-07;0.041;G;
2018-06-08;0.039;G;
2018-06-09;0.036;G;
2018-06-10;0.039;G;
2018-06-11;0.037;G;
2018-06-12;0.038;G;
2018-06-13;0.060;G;
2018-06-14;0.303;G;
2018-06-15;0.231;G;
2018-06-16;0.141;G;
2018-06-17;0.167;G;
2018-06-18;0.097;G;
2018-06-19;0.072;G;
2018-06-20;0.060;G;
2018-06-21;0.049;G;
2018-06-22;0.164;G;
2018-06-23;0.067;G;
2018-06-24;0.049;G;
2018-06-25;0.039;G;
2018-06-26;0.033;G;
2018-06-27;0.029;G;
2018-06-28;0.026;G;
2018-06-29;0.024;G;
2018-06-30;0.022;G;
2018-07-01;0.023;G;
2018-07-02;0.020;G;
2018-07-03;0.019;G;
2018-07-04;0.018;G;
2018-07-05;0.017;G;
2018-07-06;0.018;G;
2018-07-07;0.017;G;
2018-07-08;0.015;G;
2018-07-09;0.016;G;
2018-07-10;0.017;G;
2018-07-11;0.016;G;
2018-07-12;0.018;G;
2018-07-13;0.021;G;
2018-07-14;0.017;G;
2018-07-15;0.015;G;
2018-07-16;0.013;G;
2018-07-17;0.012;G;
2018-07-18;0.245;G;
2018-07-19;0.053;G;
2018-07-20;0.061;G;
2018-07-21;0.033;G;
2018-07-22;0.023;G;
2018-07-23;0.018;G;
2018-07-24;0.016;G;
2018-07-25;0.014;G;
2018-07-26;0.012;G;
2018-07-27;0.012;G;
2018-07-28;0.012;G;
2018-07-29;0.012;G;
2018-07-30;0.011;G;
2018-07-31;0.010;G;
2018-08-01;0.019;G;
2018-08-02;0.012;G;
2018-08-03;0.011;G;
2018-08-04;0.010;G;
2018-08-05;0.011;G;
2018-08-06;0.012;G;
2018-08-07;0.012;G;
2018-08-08;0.034;G;
2018-08-09;0.012;G;
2018-08-10;0.218;G;
2018-08-11;0.036;G;
2018-08-12;0.094;G;
2018-08-13;0.202;G;
2018-08-14;0.073;G;
2018-08-15;0.068;G;
2018-08-16;0.045;G;
2018-08-17;0.043;G;
2018-08-18;0.033;G;
2018-08-19;0.027;G;
2018-08-20;0.035;G;
2018-08-21;0.026;G;
2018-08-22;0.023;G;
2018-08-23;0.020;G;
2018-08-24;0.018;G;
2018-08-25;0.042;G;
2018-08-26;0.040;G;
2018-08-27;0.093;G;
2018-08-28;0.045;G;
2018-08-29;0.033;G;
2018-08-30;0.087;G;
2018-08-31;0.082;G;
2018-09-01;0.053;G;
2018-09-02;0.046;G;
2018-09-03;0.039;G;
2018-09-04;0.035;G;
2018-09-05;0.032;G;
2018-09-06;0.029;G;
2018-09-07;0.097;G;
2018-09-08;0.038;G;
2018-09-09;0.032;G;
2018-09-10;0.030;G;
2018-09-11;0.045;G;
2018-09-12;0.040;G;
2018-09-13;0.034;G;
2018-09-14;0.034;G;
2018-09-15;0.069;G;
2018-09-16;0.036;G;
2018-09-17;0.030;G;
2018-09-18;0.029;G;
2018-09-19;0.026;G;
2018-09-20;0.025;G;
2018-09-21;0.065;G;
2018-09-22;0.078;G;
2018-09-23;0.049;G;
2018-09-24;0.047;G;
2018-09-25;0.032;G;
2018-09-26;0.033;G;
2018-09-27;0.030;G;
2018-09-28;0.032;G;
2018-09-29;0.031;G;
2018-09-30;0.029;G;
2018-10-01;0.029;G;
2018-10-02;0.068;G;
2018-10-03;0.162;G;
2018-10-04;0.056;G;
2018-10-05;0.07;G;
2018-10-06;0.064;G;
2018-10-07;0.322;G;
2018-10-08;0.125;G;
2018-10-09;0.120;G;
2018-10-10;0.083;G;
2018-10-11;0.066;G;
2018-10-12;0.054;G;
2018-10-13;0.049;G;
2018-10-14;0.059;G;
2018-10-15;0.065;G;
2018-10-16;0.069;G;
2018-10-17;0.078;G;
2018-10-18;0.090;G;
2018-10-19;0.080;G;
2018-10-20;0.076;G;
2018-10-21;0.074;G;
2018-10-22;0.081;G;
2018-10-23;0.440;G;
2018-10-24;0.272;G;
2018-10-25;0.358;G;
2018-10-26;0.408;G;
2018-10-27;0.486;G;
2018-10-28;0.743;G;
2018-10-29;0.694;G;
2018-10-30;0.675;G;
2018-10-31;0.937;G;
2018-11-01;0.815;G;
2018-11-02;0.677;G;
2018-11-03;0.487;G;
2018-11-04;0.419;G;
2018-11-05;0.368;G;
2018-11-06;0.330;G;
2018-11-07;0.332;G;
2018-11-08;0.290;G;
2018-11-09;0.309;G;
2018-11-10;0.274;G;
2018-11-11;0.289;G;
2018-11-12;0.476;G;
2018-11-13;0.534;G;
2018-11-14;0.613;G;
2018-11-15;0.527;G;
2018-11-16;0.451;G;
2018-11-17;0.383;G;
2018-11-18;0.361;G;
2018-11-19;0.325;G;
2018-11-20;0.433;G;
2018-11-21;0.773;G;
2018-11-22;1.06;G;
2018-11-23;0.950;G;
2018-11-24;0.824;G;
2018-11-25;0.695;G;
2018-11-26;0.599;G;
2018-11-27;0.496;G;
2018-11-28;0.443;G;
2018-11-29;0.344;G;
2018-11-30;0.389;G;
2018-12-01;0.465;G;
2018-12-02;0.602;G;
2018-12-03;0.906;G;
2018-12-04;1.08;G;
2018-12-05;0.888;G;
2018-12-06;0.734;G;
2018-12-07;1.05;G;
2018-12-08;2.54;G;
2018-12-09;3.63;G;
2018-12-10;2.94;G;
2018-12-11;2.33;G;
2018-12-12;1.88;G;
2018-12-13;1.52;G;
2018-12-14;1.30;G;
2018-12-15;1.25;G;
2018-12-16;1.29;G;
2018-12-17;1.13;G;
2018-12-18;0.955;G;
2018-12-19;1.05;G;
2018-12-20;1.46;G;
2018-12-21;1.71;G;
2018-12-22;3.80;G;
2018-12-23;3.96;G;
2018-12-24;2.87;G;
2018-12-25;2.40;G;
2018-12-26;3.04;G;
2018-12-27;3.01;G;
2018-12-28;2.75;G;
2018-12-29;2.39;G;
2018-12-30;2.63;G;
2018-12-31;2.44;G;
2019-01-01;2.52;G;
2019-01-02;2.49;G;
2019-01-03;1.89;G;
2019-01-04;1.58;G;
2019-01-05;1.47;G;
2019-01-06;1.33;G;
2019-01-07;1.24;G;
2019-01-08;1.87;G;
2019-01-09;2.34;G;
2019-01-10;2.01;G;
2019-01-11;1.83;G;
2019-01-12;1.96;G;
2019-01-13;2.92;G;
2019-01-14;4.48;G;
2019-01-15;3.37;G;
2019-01-16;3.19;G;
2019-01-17;3.93;G;
2019-01-18;4.46;G;
2019-01-19;3.30;G;
2019-01-20;2.67;G;
2019-01-21;2.33;G;
2019-01-22;2.16;G;
2019-01-23;1.97;G;
2019-01-24;1.61;G;
2019-01-25;1.46;G;
2019-01-26;1.31;G;
2019-01-27;1.30;G;
2019-01-28;1.81;G;
2019-01-29;2.54;G;
2019-01-30;2.28;G;
2019-01-31;1.90;G;
2019-02-01;1.66;G;
2019-02-02;1.52;G;
2019-02-03;1.53;G;
2019-02-04;1.44;G;
2019-02-05;2.02;G;
2019-02-06;4.29;G;
2019-02-07;5.48;G;
2019-02-08;6.63;G;
2019-02-09;9.22;G;
2019-02-10;9.51;G;
2019-02-11;8.17;G;
2019-02-12;5.68;G;
2019-02-13;4.23;G;
2019-02-14;3.66;G;
2019-02-15;3.21;G;
2019-02-16;2.80;G;
2019-02-17;2.49;G;
2019-02-18;2.27;G;
2019-02-19;2.24;G;
2019-02-20;2.35;G;
2019-02-21;3.61;G;
2019-02-22;5.10;G;
2019-02-23;3.80;G;
2019-02-24;3.07;G;
2019-02-25;2.63;G;
2019-02-26;2.32;G;
2019-02-27;2.09;G;
2019-02-28;1.94;G;
2019-03-01;1.70;G;
2019-03-02;1.54;G;
2019-03-03;1.71;G;
2019-03-04;2.90;G;
2019-03-05;7.00;G;
2019-03-06;7.82;G;
2019-03-07;9.40;G;
2019-03-08;8.41;G;
2019-03-09;6.66;G;
2019-03-10;6.98;G;
2019-03-11;5.37;G;
2019-03-12;4.05;G;
2019-03-13;6.18;G;
2019-03-14;8.11;G;
2019-03-15;7.86;G;
2019-03-16;11.6;G;
2019-03-17;11.5;G;
2019-03-18;8.65;G;
2019-03-19;5.88;G;
2019-03-20;4.31;G;
2019-03-21;3.72;G;
2019-03-22;3.28;G;
2019-03-23;2.92;G;
2019-03-24;2.58;G;
2019-03-25;2.44;G;
2019-03-26;2.25;G;
2019-03-27;1.96;G;
2019-03-28;1.81;G;
2019-03-29;1.71;G;
2019-03-30;1.59;G;
2019-03-31;1.45;G;
2019-04-01;1.26;G;
2019-04-02;1.18;G;
2019-04-03;1.10;G;
2019-04-04;1.04;G;
2019-04-05;0.938;G;
2019-04-06;0.847;G;
2019-04-07;0.791;G;
2019-04-08;0.743;G;
2019-04-09;0.705;G;
2019-04-10;0.657;G;
2019-04-11;0.617;G;
2019-04-12;0.583;G;
2019-04-13;0.559;G;
2019-04-14;0.534;G;
2019-04-15;0.503;G;
2019-04-16;0.483;G;
2019-04-17;0.457;G;
2019-04-18;0.443;G;
2019-04-19;0.410;G;
2019-04-20;0.388;G;
2019-04-21;0.362;G;
2019-04-22;0.344;G;
2019-04-23;0.322;G;
2019-04-24;0.297;G;
2019-04-25;0.288;G;
2019-04-26;0.281;G;
2019-04-27;0.626;G;
2019-04-28;1.00;G;
2019-04-29;1.17;G;
2019-04-30;0.938;G;
2019-05-01;0.720;G;
2019-05-02;0.618;G;
2019-05-03;0.560;G;
2019-05-04;0.603;G;
2019-05-05;0.598;G;
2019-05-06;0.544;G;
2019-05-07;0.512;G;
2019-05-08;0.442;G;
2019-05-09;0.601;G;
2019-05-10;0.871;G;
2019-05-11;0.670;G;
2019-05-12;0.498;G;
2019-05-13;0.393;G;
2019-05-14;0.348;G;
2019-05-15;0.334;G;
2019-05-16;0.283;G;
2019-05-17;0.307;G;
2019-05-18;1.12;G;
2019-05-19;1.13;G;
2019-05-20;0.939;G;
2019-05-21;1.02;G;
2019-05-22;0.915;G;
2019-05-23;0.658;G;
2019-05-24;0.511;G;
2019-05-25;0.406;G;
2019-05-26;0.392;G;
2019-05-27;0.439;G;
2019-05-28;0.453;G;
2019-05-29;0.330;G;
2019-05-30;0.287;G;
2019-05-31;0.361;G;
2019-06-01;0.364;G;
2019-06-02;0.304;G;
2019-06-03;0.274;G;
2019-06-04;0.220;G;
2019-06-05;0.189;G;
2019-06-06;0.171;G;
2019-06-07;0.205;G;
2019-06-08;0.307;G;
2019-06-09;0.229;G;
2019-06-10;0.192;G;
2019-06-11;0.155;G;
2019-06-12;0.333;G;
2019-06-13;0.456;G;
2019-06-14;0.377;G;
2019-06-15;0.256;G;
2019-06-16;0.223;G;
2019-06-17;0.192;G;
2019-06-18;0.162;G;
2019-06-19;0.126;G;
2019-06-20;0.124;G;
2019-06-21;0.093;G;
2019-06-22;0.079;G;
2019-06-23;0.074;G;
2019-06-24;0.064;G;
2019-06-25;0.057;G;
2019-06-26;0.053;G;
2019-06-27;0.051;G;
2019-06-28;0.052;G;
2019-06-29;0.054;G;
2019-06-30;0.049;G;
2019-07-01;0.067;G;
2019-07-02;0.048;G;
2019-07-03;0.051;G;
2019-07-04;0.065;G;
2019-07-05;0.076;G;
2019-07-06;0.135;G;
2019-07-07;0.144;G;
2019-07-08;0.139;G;
2019-07-09;0.095;G;
2019-07-10;0.084;G;
2019-07-11;0.070;G;
2019-07-12;0.056;G;
2019-07-13;0.077;G;
2019-07-14;0.061;G;
2019-07-15;0.103;G;
2019-07-16;0.110;G;
2019-07-17;0.072;G;
2019-07-18;0.054;G;
2019-07-19;0.044;G;
2019-07-20;0.038;G;
2019-07-21;0.071;G;
2019-07-22;0.041;G;
2019-07-23;0.040;G;
2019-07-24;0.046;G;
2019-07-25;0.042;G;
2019-07-26;0.031;G;
2019-07-27;0.028;G;
2019-07-28;0.037;G;
2019-07-29;0.031;G;
2019-07-30;0.028;G;
2019-07-31;0.036;G;
2019-08-01;0.030;G;
2019-08-02;0.030;G;
2019-08-03;0.024;G;
2019-08-04;0.022;G;
2019-08-05;0.024;G;
2019-08-06;0.038;G;
2019-08-07;0.036;G;
2019-08-08;0.076;G;
2019-08-09;0.055;G;
2019-08-10;0.052;G;
2019-08-11;0.036;G;
2019-08-12;0.033;G;
2019-08-13;0.130;G;
2019-08-14;0.118;G;
2019-08-15;0.065;G;
2019-08-16;0.092;G;
2019-08-17;0.086;G;
2019-08-18;0.11;G;
2019-08-19;0.088;G;
2019-08-20;0.084;G;
2019-08-21;0.069;G;
2019-08-22;0.051;G;
2019-08-23;0.038;G;
2019-08-24;0.033;G;
2019-08-25;0.027;G;
2019-08-26;0.023;G;
2019-08-27;0.021;G;
2019-08-28;0.055;G;
2019-08-29;0.057;G;
2019-08-30;0.044;G;
2019-08-31;0.050;G;
2019-09-01;0.036;G;
2019-09-02;0.027;G;
2019-09-03;0.038;G;
2019-09-04;0.025;G;
2019-09-05;0.128;G;
2019-09-06;0.064;G;
2019-09-07;0.175;G;
2019-09-08;0.060;G;
2019-09-09;0.056;G;
2019-09-10;0.529;G;
2019-09-11;0.413;G;
2019-09-12;0.428;G;
2019-09-13;0.423;G;
2019-09-14;0.297;G;
2019-09-15;0.210;G;
2019-09-16;0.156;G;
2019-09-17;0.139;G;
2019-09-18;0.113;G;
2019-09-19;0.100;G;
2019-09-20;0.101;G;
2019-09-21;0.092;G;
2019-09-22;0.089;G;
2019-09-23;0.077;G;
2019-09-24;0.081;G;
2019-09-25;0.077;G;
2019-09-26;0.082;G;
2019-09-27;0.198;G;
2019-09-28;0.125;G;
2019-09-29;0.169;G;
2019-09-30;0.201;G;
2019-10-01;0.205;G;
2019-10-02;0.178;G;
2019-10-03;0.155;G;
2019-10-04;0.138;G;
2019-10-05;0.131;G;
2019-10-06;0.114;G;
2019-10-07;0.114;G;
2019-10-08;0.127;G;
2019-10-09;0.122;G;
2019-10-10;0.164;G;
2019-10-11;0.508;G;
2019-10-12;3.02;G;
2019-10-13;2.73;G;
2019-10-14;3.07;G;
2019-10-15;2.51;G;
2019-10-16;1.96;G;
2019-10-17;1.75;G;
2019-10-18;1.97;G;
2019-10-19;3.09;G;
2019-10-20;2.76;G;
2019-10-21;2.16;G;
2019-10-22;1.73;G;
2019-10-23;1.41;G;
2019-10-24;1.22;G;
2019-10-25;1.11;G;
2019-10-26;1.19;G;
2019-10-27;1.49;G;
2019-10-28;1.70;G;
2019-10-29;1.42;G;
2019-10-30;1.13;G;
2019-10-31;0.999;G;
2019-11-01;0.910;G;
2019-11-02;1.08;G;
2019-11-03;1.53;G;
2019-11-04;1.63;G;
2019-11-05;1.75;G;
2019-11-06;1.94;G;
2019-11-07;1.69;G;
2019-11-08;1.48;G;
2019-11-09;1.60;G;
2019-11-10;2.81;G;
2019-11-11;2.63;G;
2019-11-12;2.24;G;
2019-11-13;1.96;G;
2019-11-14;1.64;G;
2019-11-15;1.39;G;
2019-11-16;2.09;G;
2019-11-17;3.54;G;
2019-11-18;3.16;G;
2019-11-19;2.95;G;
2019-11-20;2.64;G;
2019-11-21;2.28;G;
2019-11-22;2.49;G;
2019-11-23;3.09;G;
2019-11-24;2.60;G;
2019-11-25;2.14;G;
2019-11-26;1.87;G;
2019-11-27;1.73;G;
2019-11-28;2.14;G;
2019-11-29;3.83;G;
2019-11-30;3.38;G;
2019-12-01;2.47;G;
2019-12-02;2.17;G;
2019-12-03;2.02;G;
2019-12-04;2.45;G;
2019-12-05;2.53;G;
2019-12-06;2.87;G;
2019-12-07;4.56;G;
2019-12-08;5.88;G;
2019-12-09;8.14;G;
2019-12-10;5.87;G;
2019-12-11;4.38;G;
2019-12-12;6.90;G;
2019-12-13;6.45;G;
2019-12-14;4.75;G;
2019-12-15;4.97;G;
2019-12-16;5.36;G;
2019-12-17;4.38;G;
2019-12-18;4.35;G;
2019-12-19;3.94;G;
2019-12-20;3.36;G;
2019-12-21;3.11;G;
2019-12-22;2.91;G;
2019-12-23;2.54;G;
2019-12-24;2.49;G;
2019-12-25;2.43;G;
2019-12-26;2.18;G;
2019-12-27;1.93;G;
2019-12-28;1.66;G;
2019-12-29;1.47;G;
2019-12-30;1.50;G;
2019-12-31;1.61;G;
2020-01-01;1.49;G;
2020-01-02;1.42;G;
2020-01-03;1.43;G;
2020-01-04;1.73;G;
2020-01-05;1.69;G;
2020-01-06;1.63;G;
2020-01-07;1.75;G;
2020-01-08;1.86;G;
2020-01-09;2.26;G;
2020-01-10;4.28;G;
2020-01-11;5.23;G;
2020-01-12;4.46;G;
2020-01-13;6.48;G;
2020-01-14;5.73;G;
2020-01-15;6.70;G;
2020-01-16;5.04;G;
2020-01-17;3.85;G;
2020-01-18;3.35;G;
2020-01-19;3.08;G;
2020-01-20;2.63;G;
2020-01-21;2.42;G;
2020-01-22;2.20;G;
2020-01-23;1.93;G;
2020-01-24;2.28;G;
2020-01-25;2.78;G;
2020-01-26;2.49;G;
2020-01-27;2.24;G;
2020-01-28;2.66;G;
2020-01-29;3.32;G;
2020-01-30;3.45;G;
2020-01-31;7.07;G;
2020-02-01;8.61;G;
2020-02-02;7.65;G;
2020-02-03;5.05;G;
2020-02-04;4.34;G;
2020-02-05;4.24;G;
2020-02-06;3.70;G;
2020-02-07;3.15;G;
2020-02-08;2.76;G;
2020-02-09;2.69;G;
2020-02-10;4.81;G;
2020-02-11;5.28;G;
2020-02-12;6.33;G;
2020-02-13;4.63;G;
2020-02-14;3.50;G;
2020-02-15;3.15;G;
2020-02-16;5.79;G;
2020-02-17;14.1;G;
2020-02-18;10.0;G;
2020-02-19;6.54;G;
2020-02-20;5.73;G;
2020-02-21;8.35;G;
2020-02-22;9.56;G;
2020-02-23;10.4;G;
2020-02-24;8.48;G;
2020-02-25;7.29;G;
2020-02-26;6.94;G;
2020-02-27;4.98;G;
2020-02-28;3.90;G;
2020-02-29;3.69;G;
2020-03-01;4.24;G;
2020-03-02;3.73;G;
2020-03-03;3.34;G;
2020-03-04;3.71;G;
2020-03-05;3.63;G;
2020-03-06;3.08;G;
2020-03-07;3.40;G;
2020-03-08;3.57;G;
2020-03-09;3.12;G;
2020-03-10;3.01;G;
2020-03-11;4.68;G;
2020-03-12;3.90;G;
2020-03-13;3.19;G;
2020-03-14;2.79;G;
2020-03-15;2.44;G;
2020-03-16;2.35;G;
2020-03-17;2.22;G;
2020-03-18;2.05;G;
2020-03-19;1.94;G;
2020-03-20;1.73;G;
2020-03-21;1.51;G;
2020-03-22;1.37;G;
2020-03-23;1.26;G;
2020-03-24;1.20;G;
2020-03-25;1.14;G;
2020-03-26;1.06;G;
2020-03-27;1.00;G;
2020-03-28;0.975;G;
2020-03-29;0.983;G;
2020-03-30;1.03;G;
2020-03-31;0.967;G;
2020-04-01;0.986;G;
2020-04-02;1.11;G;
2020-04-03;1.17;G;
2020-04-04;1.00;G;
2020-04-05;0.868;G;
2020-04-06;0.783;G;
2020-04-07;0.704;G;
2020-04-08;0.635;G;
2020-04-09;0.612;G;
2020-04-10;0.552;G;
2020-04-11;0.517;G;
2020-04-12;0.518;G;
2020-04-13;0.500;G;
2020-04-14;0.435;G;
2020-04-15;0.411;G;
2020-04-16;0.399;G;
2020-04-17;0.367;G;
2020-04-18;0.341;G;
2020-04-19;0.320;G;
2020-04-20;0.307;G;
2020-04-21;0.288;G;
2020-04-22;0.275;G;
2020-04-23;0.259;G;
2020-04-24;0.259;G;
2020-04-25;0.257;G;
2020-04-26;0.241;G;
2020-04-27;0.233;G;
2020-04-28;0.279;G;
2020-04-29;0.262;G;
2020-04-30;0.294;G;
2020-05-01;0.575;G;
2020-05-02;0.674;G;
2020-05-03;0.565;G;
2020-05-04;0.448;G;
2020-05-05;0.357;G;
2020-05-06;0.316;G;
2020-05-07;0.277;G;
2020-05-08;0.246;G;
2020-05-09;0.224;G;
2020-05-10;0.207;G;
2020-05-11;0.193;G;
2020-05-12;0.182;G;
2020-05-13;0.185;G;
2020-05-14;0.178;G;
2020-05-15;0.177;G;
2020-05-16;0.199;G;
2020-05-17;0.222;G;
2020-05-18;0.268;G;
2020-05-19;0.285;G;
2020-05-20;0.261;G;
2020-05-21;0.220;G;
2020-05-22;0.184;G;
2020-05-23;0.213;G;
2020-05-24;0.200;G;
2020-05-25;0.239;G;
2020-05-26;0.235;G;
2020-05-27;0.193;G;
2020-05-28;0.157;G;
2020-05-29;0.137;G;
2020-05-30;0.122;G;
2020-05-31;0.110;G;
2020-06-01;0.095;G;
2020-06-02;0.088;G;
2020-06-03;0.094;G;
2020-06-04;0.108;G;
2020-06-05;0.217;G;
2020-06-06;0.249;G;
2020-06-07;0.236;G;
2020-06-08;0.202;G;
2020-06-09;0.164;G;
2020-06-10;0.135;G;
2020-06-11;0.104;G;
2020-06-12;0.087;G;
2020-06-13;0.084;G;
2020-06-14;0.071;G;
2020-06-15;0.059;G;
2020-06-16;0.056;G;
2020-06-17;0.054;G;
2020-06-18;0.049;G;
2020-06-19;0.048;G;
2020-06-20;0.113;G;
2020-06-21;0.082;G;
2020-06-22;0.080;G;
2020-06-23;0.078;G;
2020-06-24;0.068;G;
2020-06-25;0.050;G;
2020-06-26;0.040;G;
2020-06-27;0.033;G;
2020-06-28;0.041;G;
2020-06-29;0.044;G;
2020-06-30;0.052;G;
2020-07-01;0.039;G;
2020-07-02;0.046;G;
2020-07-03;0.040;G;
2020-07-04;0.239;G;
2020-07-05;0.165;G;
2020-07-06;0.140;G;
2020-07-07;0.119;G;
2020-07-08;0.1;G;
2020-07-09;0.092;G;
2020-07-10;0.110;G;
2020-07-11;0.087;G;
2020-07-12;0.072;G;
2020-07-13;0.069;G;
2020-07-14;0.061;G;
2020-07-15;0.075;G;
2020-07-16;0.089;G;
2020-07-17;0.070;G;
2020-07-18;0.056;G;
2020-07-19;0.046;G;
2020-07-20;0.039;G;
2020-07-21;0.036;G;
2020-07-22;0.033;G;
2020-07-23;0.031;G;
2020-07-24;0.056;G;
2020-07-25;0.037;G;
2020-07-26;0.060;G;
2020-07-27;0.044;G;
2020-07-28;0.042;G;
2020-07-29;0.041;G;
2020-07-30;0.046;G;
2020-07-31;0.043;G;
2020-08-01;0.038;G;
2020-08-02;0.039;G;
2020-08-03;0.035;G;
2020-08-04;0.031;G;
2020-08-05;0.030;G;
2020-08-06;0.026;G;
2020-08-07;0.025;G;
2020-08-08;0.022;G;
2020-08-09;0.021;G;
2020-08-10;0.020;G;
2020-08-11;0.021;G;
2020-08-12;0.020;G;
2020-08-13;0.02;G;
2020-08-14;0.019;G;
2020-08-15;0.016;G;
2020-08-16;0.015;G;
2020-08-17;0.013;G;
2020-08-18;0.013;G;
2020-08-19;0.084;G;
2020-08-20;0.042;G;
2020-08-21;0.041;G;
2020-08-22;0.058;G;
2020-08-23;0.044;G;
2020-08-24;0.024;G;
2020-08-25;0.022;G;
2020-08-26;0.068;G;
2020-08-27;0.024;G;
2020-08-28;0.199;G;
2020-08-29;0.156;G;
2020-08-30;0.067;G;
2020-08-31;0.052;G;
2020-09-01;0.042;G;
2020-09-02;0.050;G;
2020-09-03;0.049;G;
2020-09-04;0.080;G;
2020-09-05;0.059;G;
2020-09-06;0.045;G;
2020-09-07;0.038;G;
2020-09-08;0.078;G;
2020-09-09;0.096;G;
2020-09-10;0.065;G;
2020-09-11;0.049;G;
2020-09-12;0.058;G;
2020-09-13;0.041;G;
2020-09-14;0.036;G;
2020-09-15;0.033;G;
2020-09-16;0.030;G;
2020-09-17;0.034;G;
2020-09-18;0.032;G;
2020-09-19;0.033;G;
2020-09-20;0.033;G;
2020-09-21;0.032;G;
2020-09-22;0.032;G;
2020-09-23;0.030;G;
2020-09-24;0.030;G;
2020-09-25;0.852;G;
2020-09-26;0.424;G;
2020-09-27;0.180;G;
2020-09-28;0.135;G;
2020-09-29;0.113;G;
2020-09-30;0.099;G;
2020-10-01;0.089;G;
2020-10-02;0.082;G;
2020-10-03;0.076;G;
2020-10-04;0.170;G;
2020-10-05;0.107;G;
2020-10-06;0.164;G;
2020-10-07;0.153;G;
2020-10-08;0.170;G;
2020-10-09;0.211;G;
2020-10-10;0.290;G;
2020-10-11;0.332;G;
2020-10-12;0.341;G;
2020-10-13;0.292;G;
2020-10-14;0.235;G;
2020-10-15;0.201;G;
2020-10-16;0.174;G;
2020-10-17;0.159;G;
2020-10-18;0.148;G;
2020-10-19;0.138;G;
2020-10-20;0.129;G;
2020-10-21;0.144;G;
2020-10-22;0.150;G;
2020-10-23;0.172;G;
2020-10-24;0.224;G;
2020-10-25;0.314;G;
2020-10-26;0.874;G;
2020-10-27;1.15;G;
2020-10-28;1.18;G;
2020-10-29;1.24;G;
2020-10-30;1.30;G;
2020-10-31;1.17;G;
2020-11-01;1.11;G;
2020-11-02;1.90;G;
2020-11-03;2.04;G;
2020-11-04;1.54;G;
2020-11-05;1.21;G;
2020-11-06;1.05;G;
2020-11-07;0.952;G;
2020-11-08;0.854;G;
2020-11-09;0.728;G;
2020-11-10;0.640;G;
2020-11-11;0.578;G;
2020-11-12;0.538;G;
2020-11-13;0.555;G;
2020-11-14;0.550;G;
2020-11-15;0.544;G;
2020-11-16;0.56;G;
2020-11-17;0.609;G;
2020-11-18;0.880;G;
2020-11-19;1.25;G;
2020-11-20;1.34;G;
2020-11-21;1.33;G;
2020-11-22;2.03;G;
2020-11-23;1.99;G;
2020-11-24;1.62;G;
2020-11-25;1.61;G;
2020-11-26;1.48;G;
2020-11-27;1.29;G;
2020-11-28;1.11;G;
2020-11-29;0.987;G;
2020-11-30;0.909;G;
2020-12-01;0.839;G;
2020-12-02;0.740;G;
2020-12-03;0.725;G;
2020-12-04;0.726;G;
2020-12-05;0.699;G;
2020-12-06;0.642;G;
2020-12-07;0.598;G;
2020-12-08;0.554;G;
2020-12-09;0.541;G;
2020-12-10;0.522;G;
2020-12-11;0.534;G;
2020-12-12;0.527;G;
2020-12-13;0.480;G;
2020-12-14;0.474;G;
2020-12-15;0.665;G;
2020-12-16;1.18;G;
2020-12-17;1.33;G;
2020-12-18;1.39;G;
2020-12-19;1.34;G;
2020-12-20;1.25;G;
2020-12-21;1.88;G;
2020-12-22;2.34;G;
2020-12-23;2.50;G;
2020-12-24;2.05;G;
2020-12-25;1.57;G;
2020-12-26;1.27;G;
2020-12-27;1.87;G;
2020-12-28;2.25;G;
2020-12-29;2.02;G;
2020-12-30;1.90;G;
2020-12-31;2.48;G;
2021-01-01;3.00;G;
2021-01-02;2.57;G;
2021-01-03;2.05;G;
2021-01-04;1.70;G;
2021-01-05;1.43;G;
2021-01-06;1.34;G;
2021-01-07;1.40;G;
2021-01-08;1.42;G;
2021-01-09;1.41;G;
2021-01-10;1.45;G;
2021-01-11;1.83;G;
2021-01-12;8.41;G;
2021-01-13;7.45;G;
2021-01-14;4.78;G;
2021-01-15;3.56;G;
2021-01-16;2.55;G;
2021-01-17;2.25;G;
2021-01-18;2.06;G;
2021-01-19;2.10;G;
2021-01-20;6.55;G;
2021-01-21;13.6;G;
2021-01-22;12.1;G;
2021-01-23;9.69;G;
2021-01-24;6.72;G;
2021-01-25;4.62;G;
2021-01-26;3.74;G;
2021-01-27;3.07;G;
2021-01-28;2.79;G;
2021-01-29;2.44;G;
2021-01-30;2.10;G;
2021-01-31;1.88;G;
2021-02-01;1.69;G;
2021-02-02;1.58;G;
2021-02-03;1.46;G;
2021-02-04;1.23;G;
2021-02-05;1.00;G;
2021-02-06;0.881;G;
2021-02-07;0.774;G;
2021-02-08;0.695;G;
2021-02-09;0.637;G;
2021-02-10;0.595;G;
2021-02-11;0.567;G;
2021-02-12;0.549;G;
2021-02-13;0.539;G;
2021-02-14;0.533;G;
2021-02-15;0.532;G;
2021-02-16;0.542;G;
2021-02-17;0.597;G;
2021-02-18;0.648;G;
2021-02-19;1.17;G;
2021-02-20;2.30;G;
2021-02-21;3.32;G;
2021-02-22;3.68;G;
2021-02-23;3.86;G;
2021-02-24;4.81;G;
2021-02-25;5.35;G;
2021-02-26;4.23;G;
2021-02-27;3.18;G;
2021-02-28;2.60;G;
2021-03-01;2.25;G;
2021-03-02;2.01;G;
2021-03-03;1.90;G;
2021-03-04;1.76;G;
2021-03-05;1.50;G;
2021-03-06;1.31;G;
2021-03-07;1.35;G;
2021-03-08;1.25;G;
2021-03-09;1.08;G;
2021-03-10;1.02;G;
2021-03-11;1.35;G;
2021-03-12;4.37;G;
2021-03-13;7.29;G;
2021-03-14;8.81;G;
2021-03-15;6.99;G;
2021-03-16;5.59;G;
2021-03-17;3.96;G;
2021-03-18;3.22;G;
2021-03-19;2.67;G;
2021-03-20;2.27;G;
2021-03-21;2.16;G;
2021-03-22;1.83;G;
2021-03-23;1.63;G;
2021-03-24;1.48;G;
2021-03-25;1.40;G;
2021-03-26;1.29;G;
2021-03-27;1.23;G;
2021-03-28;1.27;G;
2021-03-29;2.10;G;
2021-03-30;2.64;G;
2021-03-31;2.21;G;
2021-04-01;1.91;G;
2021-04-02;1.82;G;
2021-04-03;1.57;G;
2021-04-04;1.36;G;
2021-04-05;1.49;G;
2021-04-06;1.49;G;
2021-04-07;1.34;G;
2021-04-08;1.17;G;
2021-04-09;1.11;G;
2021-04-10;1.03;G;
2021-04-11;1.17;G;
2021-04-12;3.86;G;
2021-04-13;3.48;G;
2021-04-14;2.50;G;
2021-04-15;1.97;G;
2021-04-16;1.61;G;
2021-04-17;1.37;G;
2021-04-18;1.19;G;
2021-04-19;1.06;G;
2021-04-20;0.931;G;
2021-04-21;0.861;G;
2021-04-22;0.840;G;
2021-04-23;0.736;G;
2021-04-24;0.644;G;
2021-04-25;0.589;G;
2021-04-26;0.555;G;
2021-04-27;0.527;G;
2021-04-28;0.510;G;
2021-04-29;0.512;G;
2021-04-30;0.945;G;
2021-05-01;1.04;G;
2021-05-02;0.817;G;
2021-05-03;0.715;G;
2021-05-04;0.885;G;
2021-05-05;2.17;G;
2021-05-06;3.81;G;
2021-05-07;3.16;G;
2021-05-08;3.11;G;
2021-05-09;2.70;G;
2021-05-10;2.27;G;
2021-05-11;1.72;G;
2021-05-12;1.38;G;
2021-05-13;1.16;G;
2021-05-14;1.02;G;
2021-05-15;0.946;G;
2021-05-16;0.906;G;
2021-05-17;0.823;G;
2021-05-18;0.708;G;
2021-05-19;0.722;G;
2021-05-20;0.651;G;
2021-05-21;0.569;G;
2021-05-22;0.513;G;
2021-05-23;0.513;G;
2021-05-24;0.528;G;
2021-05-25;0.715;G;
2021-05-26;1.42;G;
2021-05-27;1.37;G;
2021-05-28;1.36;G;
2021-05-29;1.30;G;
2021-05-30;1.02;G;
2021-05-31;0.715;G;
2021-06-01;0.544;G;
2021-06-02;0.429;G;
2021-06-03;0.349;G;
2021-06-04;0.290;G;
2021-06-05;0.248;G;
2021-06-06;0.217;G;
2021-06-07;0.191;G;
2021-06-08;0.170;G;
2021-06-09;0.149;G;
2021-06-10;0.130;G;
2021-06-11;0.119;G;
2021-06-12;0.111;G;
2021-06-13;0.104;G;
2021-06-14;0.099;G;
2021-06-15;0.097;G;
2021-06-16;0.096;G;
2021-06-17;0.086;G;
2021-06-18;0.074;G;
2021-06-19;0.065;G;
2021-06-20;0.059;G;
2021-06-21;0.088;G;
2021-06-22;0.070;G;
2021-06-23;0.068;G;
2021-06-24;0.066;G;
2021-06-25;0.063;G;
2021-06-26;0.063;G;
2021-06-27;0.058;G;
2021-06-28;0.057;G;
2021-06-29;0.047;G;
2021-06-30;0.046;G;
2021-07-01;0.169;G;
2021-07-02;0.114;G;
2021-07-03;0.370;G;
2021-07-04;0.294;G;
2021-07-05;0.246;G;
2021-07-06;0.209;G;
2021-07-07;0.196;G;
2021-07-08;0.134;G;
2021-07-09;0.151;G;
2021-07-10;0.254;G;
2021-07-11;0.369;G;
2021-07-12;0.223;G;
2021-07-13;0.137;G;
2021-07-14;0.099;G;
2021-07-15;0.081;G;
2021-07-16;0.179;G;
2021-07-17;0.126;G;
2021-07-18;0.089;G;
2021-07-19;0.071;G;
2021-07-20;0.060;G;
2021-07-21;0.054;G;
2021-07-22;0.051;G;
2021-07-23;0.047;G;
2021-07-24;0.042;G;
2021-07-25;0.040;G;
2021-07-26;0.042;G;
2021-07-27;0.078;G;
2021-07-28;0.204;G;
2021-07-29;0.104;G;
2021-07-30;0.091;G;
2021-07-31;0.123;G;
2021-08-01;0.077;G;
2021-08-02;0.072;G;
2021-08-03;0.073;G;
2021-08-04;0.063;G;
2021-08-05;0.054;G;
2021-08-06;0.061;G;
2021-08-07;0.048;G;
2021-08-08;0.108;G;
2021-08-09;0.156;G;
2021-08-10;0.158;G;
2021-08-11;0.148;G;
2021-08-12;0.121;G;
2021-08-13;0.098;G;
2021-08-14;0.076;G;
2021-08-15;0.059;G;
2021-08-16;0.143;G;
2021-08-17;0.258;G;
2021-08-18;1.44;G;
2021-08-19;1.69;G;
2021-08-20;1.21;G;
2021-08-21;0.777;G;
2021-08-22;0.508;G;
2021-08-23;0.366;G;
2021-08-24;0.289;G;
2021-08-25;0.315;G;
2021-08-26;0.437;G;
2021-08-27;0.657;G;
2021-08-28;2.49;G;
2021-08-29;3.91;G;
2021-08-30;3.76;G;
2021-08-31;2.75;G;
2021-09-01;1.70;G;
2021-09-02;1.07;G;
2021-09-03;0.759;G;
2021-09-04;0.591;G;
2021-09-05;0.475;G;
2021-09-06;0.400;G;
2021-09-07;0.311;G;
2021-09-08;0.257;G;
2021-09-09;0.223;G;
2021-09-10;0.194;G;
2021-09-11;0.175;G;
2021-09-12;0.172;G;
2021-09-13;0.161;G;
2021-09-14;0.157;G;
2021-09-15;0.212;G;
2021-09-16;0.582;G;
2021-09-17;0.984;G;
2021-09-18;1.31;G;
2021-09-19;1.24;G;
2021-09-20;0.903;G;
2021-09-21;0.650;G;
2021-09-22;0.518;G;
2021-09-23;0.599;G;
2021-09-24;0.745;G;
2021-09-25;0.752;G;
2021-09-26;0.576;G;
2021-09-27;0.472;G;
2021-09-28;2.95;G;
2021-09-29;4.10;G;
2021-09-30;5.31;G;
2021-10-01;5.66;G;
2021-10-02;4.21;G;
2021-10-03;2.96;G;
2021-10-04;2.40;G;
2021-10-05;2.43;G;
2021-10-06;4.66;G;
2021-10-07;4.00;G;
2021-10-08;2.92;G;
2021-10-09;2.20;G;
2021-10-10;1.74;G;
2021-10-11;1.49;G;
2021-10-12;1.47;G;
2021-10-13;1.35;G;
2021-10-14;1.21;G;
2021-10-15;1.62;G;
2021-10-16;2.09;G;
2021-10-17;1.69;G;
2021-10-18;1.38;G;
2021-10-19;1.25;G;
2021-10-20;2.90;G;
2021-10-21;10.3;G;
2021-10-22;13.8;G;
2021-10-23;12.3;G;
2021-10-24;8.52;G;
2021-10-25;5.58;G;
2021-10-26;4.04;G;
2021-10-27;3.51;G;
2021-10-28;3.17;G;
2021-10-29;2.77;G;
2021-10-30;2.44;G;
2021-10-31;2.21;G;
2021-11-01;2.07;G;
2021-11-02;1.93;G;
2021-11-03;2.42;G;
2021-11-04;2.26;G;
2021-11-05;3.96;G;
2021-11-06;4.31;G;
2021-11-07;6.64;G;
2021-11-08;6.86;G;
2021-11-09;4.76;G;
2021-11-10;3.71;G;
2021-11-11;3.44;G;
2021-11-12;3.20;G;
2021-11-13;2.77;G;
2021-11-14;2.41;G;
2021-11-15;2.14;G;
2021-11-16;1.96;G;
2021-11-17;1.95;G;
2021-11-18;2.54;G;
2021-11-19;3.79;G;
2021-11-20;3.73;G;
2021-11-21;3.49;G;
2021-11-22;2.89;G;
2021-11-23;2.48;G;
2021-11-24;2.31;G;
2021-11-25;2.52;G;
2021-11-26;3.09;G;
2021-11-27;3.38;G;
2021-11-28;5.40;G;
2021-11-29;8.42;G;
2021-11-30;6.80;G;
2021-12-01;5.33;G;
2021-12-02;12.1;G;
2021-12-03;11.0;G;
2021-12-04;10.9;G;
2021-12-05;10.4;G;
2021-12-06;7.43;G;
2021-12-07;5.23;G;
2021-12-08;4.13;G;
2021-12-09;3.59;G;
2021-12-10;3.36;G;
2021-12-11;3.23;G;
2021-12-12;3.09;G;
2021-12-13;3.74;G;
2021-12-14;11.5;G;
2021-12-15;13.8;G;
2021-12-16;12.9;G;
2021-12-17;10.7;G;
2021-12-18;7.44;G;
2021-12-19;5.53;G;
2021-12-20;4.11;G;
2021-12-21;3.23;G;
2021-12-22;2.74;G;
2021-12-23;2.62;G;
2021-12-24;2.57;G;
2021-12-25;2.10;G;
2021-12-26;1.74;G;
2021-12-27;1.61;G;
2021-12-28;1.69;G;
2021-12-29;1.65;G;
2021-12-30;1.99;G;
2021-12-31;5.05;G;
2022-01-01;6.25;G;
2022-01-02;9.08;G;
2022-01-03;14.2;G;
2022-01-04;11.9;G;
2022-01-05;8.93;G;
2022-01-06;6.72;G;
2022-01-07;4.46;G;
2022-01-08;4.05;G;
2022-01-09;4.21;G;
2022-01-10;3.54;G;
2022-01-11;2.90;G;
2022-01-12;2.58;G;
2022-01-13;2.86;G;
2022-01-14;2.77;G;
2022-01-15;2.40;G;
2022-01-16;2.28;G;
2022-01-17;2.21;G;
2022-01-18;1.89;G;
2022-01-19;1.93;G;
2022-01-20;2.22;G;
2022-01-21;1.76;G;
2022-01-22;1.49;G;
2022-01-23;1.39;G;
2022-01-24;1.73;G;
2022-01-25;2.06;G;
2022-01-26;2.13;G;
2022-01-27;3.36;G;
2022-01-28;4.11;G;
2022-01-29;3.54;G;
2022-01-30;4.31;G;
2022-01-31;3.16;G;
2022-02-01;2.51;G;
2022-02-02;2.94;G;
2022-02-03;2.91;G;
2022-02-04;4.43;G;
2022-02-05;7.53;G;
2022-02-06;7.92;G;
2022-02-07;7.91;G;
2022-02-08;5.72;G;
2022-02-09;4.69;G;
2022-02-10;4.04;G;
2022-02-11;3.45;G;
2022-02-12;2.85;G;
2022-02-13;2.53;G;
2022-02-14;2.42;G;
2022-02-15;2.32;G;
2022-02-16;3.71;G;
2022-02-17;11.1;G;
2022-02-18;9.10;G;
2022-02-19;12.2;G;
2022-02-20;10.1;G;
2022-02-21;14.8;G;
2022-02-22;16.5;G;
2022-02-23;13.1;G;
2022-02-24;8.78;G;
2022-02-25;6.83;G;
2022-02-26;5.32;G;
2022-02-27;4.05;G;
2022-02-28;3.39;G;
2022-03-01;2.97;G;
2022-03-02;2.72;G;
2022-03-03;2.54;G;
2022-03-04;2.30;G;
2022-03-05;2.05;G;
2022-03-06;1.92;G;
2022-03-07;1.81;G;
2022-03-08;1.70;G;
2022-03-09;1.59;G;
2022-03-10;1.52;G;
2022-03-11;1.46;G;
2022-03-12;1.36;G;
2022-03-13;1.22;G;
2022-03-14;1.14;G;
2022-03-15;1.12;G;
2022-03-16;1.10;G;
2022-03-17;1.06;G;
2022-03-18;1.05;G;
2022-03-19;0.989;G;
2022-03-20;0.936;G;
2022-03-21;0.901;G;
2022-03-22;0.852;G;
2022-03-23;0.810;G;
2022-03-24;0.773;G;
2022-03-25;0.741;G;
2022-03-26;0.706;G;
2022-03-27;0.654;G;
2022-03-28;0.644;G;
2022-03-29;0.633;G;
2022-03-30;0.618;G;
2022-03-31;0.588;G;
2022-04-01;0.553;G;
2022-04-02;0.521;G;
2022-04-03;0.511;G;
2022-04-04;1.21;G;
2022-04-05;3.29;G;
2022-04-06;2.57;G;
2022-04-07;4.87;G;
2022-04-08;7.84;G;
2022-04-09;5.00;G;
2022-04-10;3.33;G;
2022-04-11;2.46;G;
2022-04-12;1.93;G;
2022-04-13;1.63;G;
2022-04-14;1.53;G;
2022-04-15;1.60;G;
2022-04-16;1.57;G;
2022-04-17;1.33;G;
2022-04-18;1.18;G;
2022-04-19;1.05;G;
2022-04-20;0.927;G;
2022-04-21;0.836;G;
2022-04-22;0.747;G;
2022-04-23;0.675;G;
2022-04-24;0.624;G;
2022-04-25;0.561;G;
2022-04-26;0.513;G;
2022-04-27;0.472;G;
2022-04-28;0.444;G;
2022-04-29;0.417;G;
2022-04-30;0.390;G;
2022-05-01;0.360;G;
2022-05-02;0.347;G;
2022-05-03;0.329;G;
2022-05-04;0.318;G;
2022-05-05;0.297;G;
2022-05-06;0.276;G;
2022-05-07;0.262;G;
2022-05-08;0.246;G;
2022-05-09;0.225;G;
2022-05-10;0.233;G;
2022-05-11;0.296;G;
2022-05-12;0.559;G;
2022-05-13;0.513;G;
2022-05-14;0.452;G;
2022-05-15;0.374;G;
2022-05-16;0.293;G;
2022-05-17;0.240;G;
2022-05-18;0.205;G;
2022-05-19;0.183;G;
2022-05-20;0.173;G;
2022-05-21;0.496;G;
2022-05-22;0.524;G;
2022-05-23;0.429;G;
2022-05-24;0.403;G;
2022-05-25;0.395;G;
2022-05-26;0.425;G;
2022-05-27;0.761;G;
2022-05-28;0.931;G;
2022-05-29;0.726;G;
2022-05-30;0.516;G;
2022-05-31;0.428;G;
2022-06-01;0.430;G;
2022-06-02;0.503;G;
2022-06-03;0.506;G;
2022-06-04;0.426;G;
2022-06-05;0.317;G;
2022-06-06;0.254;G;
2022-06-07;0.274;G;
2022-06-08;0.248;G;
2022-06-09;0.211;G;
2022-06-10;0.178;G;
2022-06-11;0.163;G;
2022-06-12;0.240;G;
2022-06-13;0.166;G;
2022-06-14;0.146;G;
2022-06-15;0.121;G;
2022-06-16;0.101;G;
2022-06-17;0.082;G;
2022-06-18;0.070;G;
2022-06-19;0.255;G;
2022-06-20;0.529;G;
2022-06-21;1.65;G;
2022-06-22;1.23;G;
2022-06-23;0.698;G;
2022-06-24;0.401;G;
2022-06-25;0.222;G;
2022-06-26;0.155;G;
2022-06-27;0.113;G;
2022-06-28;0.192;G;
2022-06-29;0.121;G;
2022-06-30;0.095;G;
2022-07-01;0.085;G;
2022-07-02;0.249;G;
2022-07-03;0.122;G;
2022-07-04;0.132;G;
2022-07-05;0.098;G;
2022-07-06;0.084;G;
2022-07-07;0.144;G;
2022-07-08;0.106;G;
2022-07-09;0.097;G;
2022-07-10;0.080;G;
2022-07-11;0.083;G;
2022-07-12;0.067;G;
2022-07-13;0.059;G;
2022-07-14;0.099;G;
2022-07-15;0.078;G;
2022-07-16;0.116;G;
2022-07-17;0.073;G;
2022-07-18;0.074;G;
2022-07-19;0.069;G;
2022-07-20;0.054;G;
2022-07-21;0.045;G;
2022-07-22;0.041;G;
2022-07-23;0.045;G;
2022-07-24;0.049;G;
2022-07-25;0.111;G;
2022-07-26;0.077;G;
2022-07-27;0.065;G;
2022-07-28;0.062;G;
2022-07-29;0.053;G;
2022-07-30;0.046;G;
2022-07-31;0.042;G;
2022-08-01;0.040;G;
2022-08-02;0.041;G;
2022-08-03;0.037;G;
2022-08-04;0.033;G;
2022-08-05;0.116;G;
2022-08-06;0.047;G;
2022-08-07;0.046;G;
2022-08-08;0.044;G;
2022-08-09;0.043;G;
2022-08-10;0.039;G;
2022-08-11;0.035;G;
2022-08-12;0.031;G;
2022-08-13;0.029;G;
2022-08-14;0.027;G;
2022-08-15;0.026;G;
2022-08-16;0.026;G;
2022-08-17;0.026;G;
2022-08-18;0.025;G;
2022-08-19;0.037;G;
2022-08-20;0.032;G;
2022-08-21;0.029;G;
2022-08-22;0.026;G;
2022-08-23;0.024;G;
2022-08-24;0.023;G;
2022-08-25;0.022;G;
2022-08-26;0.023;G;
2022-08-27;0.051;G;
2022-08-28;0.029;G;
2022-08-29;0.026;G;
2022-08-30;0.026;G;
2022-08-31;0.024;G;
2022-09-01;0.022;G;
2022-09-02;0.021;G;
2022-09-03;0.021;G;
2022-09-04;0.021;G;
2022-09-05;0.02;G;
2022-09-06;0.019;G;
2022-09-07;0.019;G;
2022-09-08;0.018;G;
2022-09-09;0.066;G;
2022-09-10;0.026;G;
2022-09-11;0.029;G;
2022-09-12;0.030;G;
2022-09-13;0.05;G;
2022-09-14;0.028;G;
2022-09-15;0.044;G;
2022-09-16;0.042;G;
2022-09-17;0.041;G;
2022-09-18;0.033;G;
2022-09-19;0.034;G;
2022-09-20;0.033;G;
2022-09-21;0.032;G;
2022-09-22;0.031;G;
2022-09-23;0.029;G;
2022-09-24;0.028;G;
2022-09-25;0.033;G;
2022-09-26;0.068;G;
2022-09-27;0.085;G;
2022-09-28;0.235;G;
2022-09-29;0.378;G;
2022-09-30;0.268;G;
2022-10-01;0.283;G;
2022-10-02;0.199;G;
2022-10-03;0.186;G;
2022-10-04;0.154;G;
2022-10-05;0.124;G;
2022-10-06;0.102;G;
2022-10-07;0.087;G;
2022-10-08;0.079;G;
2022-10-09;0.074;G;
2022-10-10;0.070;G;
2022-10-11;0.081;G;
2022-10-12;0.073;G;
2022-10-13;0.074;G;
2022-10-14;0.076;G;
2022-10-15;0.139;G;
2022-10-16;0.110;G;
2022-10-17;0.128;G;
2022-10-18;0.111;G;
2022-10-19;0.136;G;
2022-10-20;0.116;G;
2022-10-21;0.108;G;
2022-10-22;0.121;G;
2022-10-23;0.106;G;
2022-10-24;0.149;G;
2022-10-25;0.164;G;
2022-10-26;0.158;G;
2022-10-27;0.164;G;
2022-10-28;0.149;G;
2022-10-29;0.139;G;
2022-10-30;0.133;G;
2022-10-31;0.124;G;
2022-11-01;0.125;G;
2022-11-02;0.131;G;
2022-11-03;0.130;G;
2022-11-04;0.133;G;
2022-11-05;0.133;G;
2022-11-06;0.135;G;
2022-11-07;0.138;G;
2022-11-08;0.159;G;
2022-11-09;0.167;G;
2022-11-10;0.170;G;
2022-11-11;0.153;G;
2022-11-12;0.150;G;
2022-11-13;0.155;G;
2022-11-14;0.154;G;
2022-11-15;0.160;G;
2022-11-16;0.159;G;
2022-11-17;0.164;G;
2022-11-18;0.197;G;
2022-11-19;0.191;G;
2022-11-20;0.199;G;
2022-11-21;0.178;G;
2022-11-22;0.193;G;
2022-11-23;0.239;G;
2022-11-24;0.350;G;
2022-11-25;0.394;G;
2022-11-26;0.343;G;
2022-11-27;0.329;G;
2022-11-28;0.314;G;
2022-11-29;0.282;G;
2022-11-30;0.291;G;
2022-12-01;0.330;G;
2022-12-02;0.474;G;
2022-12-03;0.516;G;
2022-12-04;0.480;G;
2022-12-05;0.825;G;
2022-12-06;1.28;G;
2022-12-07;0.907;G;
2022-12-08;0.654;G;
2022-12-09;0.495;G;
2022-12-10;0.388;G;
2022-12-11;0.348;G;
2022-12-12;0.353;G;
2022-12-13;0.364;G;
2022-12-14;0.367;G;
2022-12-15;0.310;G;
2022-12-16;0.255;G;
2022-12-17;0.216;G;
2022-12-18;0.199;G;
2022-12-19;0.214;G;
2022-12-20;0.597;G;
2022-12-21;1.78;G;
2022-12-22;1.92;G;
2022-12-23;1.84;G;
2022-12-24;1.52;G;
2022-12-25;1.17;G;
2022-12-26;1.20;G;
2022-12-27;1.44;G;
2022-12-28;2.05;G;
2022-12-29;4.36;G;
2022-12-30;4.69;G;
2022-12-31;4.37;G;
2023-01-01;7.69;G;
2023-01-02;7.54;G;
2023-01-03;6.13;G;
2023-01-04;7.11;G;
2023-01-05;10.5;G;
2023-01-06;8.97;G;
2023-01-07;7.35;G;
2023-01-08;6.75;G;
2023-01-09;6.90;G;
2023-01-10;5.84;G;
2023-01-11;5.92;G;
2023-01-12;8.21;G;
2023-01-13;10.9;G;
2023-01-14;9.98;G;
2023-01-15;12.7;G;
2023-01-16;10.5;G;
2023-01-17;7.68;G;
2023-01-18;5.70;G;
2023-01-19;4.20;G;
2023-01-20;3.68;G;
2023-01-21;3.17;G;
2023-01-22;2.62;G;
2023-01-23;2.26;G;
2023-01-24;2.13;G;
2023-01-25;2.03;G;
2023-01-26;1.98;G;
2023-01-27;1.93;G;
2023-01-28;1.67;G;
2023-01-29;1.59;G;
2023-01-30;2.08;G;
2023-01-31;2.25;G;
2023-02-01;2.63;G;
2023-02-02;2.95;G;
2023-02-03;3.24;G;
2023-02-04;3.99;G;
2023-02-05;2.81;G;
2023-02-06;2.21;G;
2023-02-07;1.89;G;
2023-02-08;1.69;G;
2023-02-09;1.61;G;
2023-02-10;1.56;G;
2023-02-11;2.28;G;
2023-02-12;2.48;G;
2023-02-13;2.18;G;
2023-02-14;1.86;G;
2023-02-15;1.68;G;
2023-02-16;1.58;G;
2023-02-17;2.43;G;
2023-02-18;4.16;G;
2023-02-19;3.17;G;
2023-02-20;3.81;G;
2023-02-21;6.05;G;
2023-02-22;4.24;G;
2023-02-23;3.18;G;
2023-02-24;3.17;G;
2023-02-25;3.95;G;
2023-02-26;3.14;G;
2023-02-27;2.52;G;
2023-02-28;2.41;G;
2023-03-01;2.21;G;
2023-03-02;1.97;G;
2023-03-03;1.79;G;
2023-03-04;1.68;G;
2023-03-05;1.46;G;
2023-03-06;1.26;G;
2023-03-07;1.26;G;
2023-03-08;1.21;G;
2023-03-09;1.25;G;
2023-03-10;1.25;G;
2023-03-11;0.992;G;
2023-03-12;0.968;G;
2023-03-13;2.84;G;
2023-03-14;7.77;G;
2023-03-15;5.65;G;
2023-03-16;3.82;G;
2023-03-17;3.21;G;
2023-03-18;3.03;G;
2023-03-19;3.33;G;
2023-03-20;3.32;G;
2023-03-21;3.64;G;
2023-03-22;4.43;G;
2023-03-23;7.07;G;
2023-03-24;7.64;G;
2023-03-25;6.58;G;
2023-03-26;4.98;G;
2023-03-27;3.84;G;
2023-03-28;3.00;G;
2023-03-29;2.50;G;
2023-03-30;2.79;G;
2023-03-31;5.05;G;
2023-04-01;4.72;G;
2023-04-02;3.32;G;
2023-04-03;2.54;G;
2023-04-04;2.17;G;
2023-04-05;1.95;G;
2023-04-06;1.86;G;
2023-04-07;1.74;G;
2023-04-08;1.57;G;
2023-04-09;1.40;G;
2023-04-10;1.27;G;
2023-04-11;1.28;G;
2023-04-12;1.28;G;
2023-04-13;1.33;G;
2023-04-14;1.33;G;
2023-04-15;1.21;G;
2023-04-16;1.07;G;
2023-04-17;0.963;G;
2023-04-18;0.853;G;
2023-04-19;0.763;G;
2023-04-20;0.678;G;
2023-04-21;0.617;G;
2023-04-22;0.581;G;
2023-04-23;0.608;G;
2023-04-24;0.691;G;
2023-04-25;0.797;G;
2023-04-26;0.841;G;
2023-04-27;0.735;G;
2023-04-28;0.652;G;
2023-04-29;0.584;G;
2023-04-30;0.507;G;
2023-05-01;0.456;G;
2023-05-02;0.434;G;
2023-05-03;0.389;G;
2023-05-04;0.361;G;
2023-05-05;0.335;G;
2023-05-06;0.309;G;
2023-05-07;0.294;G;
2023-05-08;0.280;G;
2023-05-09;0.267;G;
2023-05-10;0.251;G;
2023-05-11;0.232;G;
2023-05-12;0.213;G;
2023-05-13;0.199;G;
2023-05-14;0.186;G;
2023-05-15;0.176;G;
2023-05-16;0.173;G;
2023-05-17;0.244;G;
2023-05-18;0.190;G;
2023-05-19;0.170;G;
2023-05-20;0.155;G;
2023-05-21;0.137;G;
2023-05-22;0.125;G;
2023-05-23;0.147;G;
2023-05-24;0.151;G;
2023-05-25;0.138;G;
2023-05-26;0.120;G;
2023-05-27;0.105;G;
2023-05-28;0.097;G;
2023-05-29;0.090;G;
2023-05-30;0.083;G;
2023-05-31;0.075;G;
2023-06-01;0.069;G;
2023-06-02;0.066;G;
2023-06-03;0.062;G;
2023-06-04;0.061;G;
2023-06-05;0.055;G;
2023-06-06;0.050;G;
2023-06-07;0.046;G;
2023-06-08;0.044;G;
2023-06-09;0.041;G;
2023-06-10;0.039;G;
2023-06-11;0.036;G;
2023-06-12;0.036;G;
2023-06-13;0.034;G;
2023-06-14;0.032;G;
2023-06-15;0.030;G;
2023-06-16;0.029;G;
2023-06-17;0.031;G;
2023-06-18;0.066;G;
2023-06-19;0.041;G;
2023-06-20;0.033;G;
2023-06-21;0.030;G;
2023-06-22;0.029;G;
2023-06-23;0.026;G;
2023-06-24;0.024;G;
2023-06-25;0.023;G;
2023-06-26;0.045;G;
2023-06-27;0.031;G;
2023-06-28;0.033;G;
2023-06-29;0.024;G;
2023-06-30;0.061;G;
2023-07-01;0.032;G;
2023-07-02;0.083;G;
2023-07-03;0.096;G;
2023-07-04;0.065;G;
2023-07-05;0.038;G;
2023-07-06;0.038;G;
2023-07-07;0.030;G;
2023-07-08;0.026;G;
2023-07-09;0.023;G;
2023-07-10;0.038;G;
2023-07-11;0.023;G;
2023-07-12;0.156;G;
2023-07-13;0.039;G;
2023-07-14;0.032;G;
2023-07-15;0.025;G;
2023-07-16;0.044;G;
2023-07-17;0.096;G;
2023-07-18;0.037;G;
2023-07-19;0.028;G;
2023-07-20;0.028;G;
2023-07-21;0.027;G;
2023-07-22;0.051;G;
2023-07-23;0.066;G;
2023-07-24;0.073;G;
2023-07-25;0.037;G;
2023-07-26;0.035;G;
2023-07-27;0.123;G;
2023-07-28;0.046;G;
2023-07-29;0.035;G;
2023-07-30;0.032;G;
2023-07-31;0.048;G;
2023-08-01;0.179;G;
2023-08-02;0.164;G;
2023-08-03;0.460;G;
2023-08-04;0.297;G;
2023-08-05;0.193;G;
2023-08-06;0.493;G;
2023-08-07;2.93;G;
2023-08-08;4.33;G;
2023-08-09;3.50;G;
2023-08-10;3.01;G;
2023-08-11;2.29;G;
2023-08-12;1.67;G;
2023-08-13;1.28;G;
2023-08-14;0.940;G;
2023-08-15;0.678;G;
2023-08-16;0.498;G;
2023-08-17;0.375;G;
2023-08-18;0.298;G;
2023-08-19;0.245;G;
2023-08-20;0.375;G;
2023-08-21;0.294;G;
2023-08-22;0.233;G;
2023-08-23;0.190;G;
2023-08-24;0.164;G;
2023-08-25;0.192;G;
2023-08-26;0.228;G;
2023-08-27;0.197;G;
2023-08-28;1.72;G;
2023-08-29;1.29;G;
2023-08-30;0.842;G;
2023-08-31;0.729;G;
2023-09-01;1.71;G;
2023-09-02;2.00;G;
2023-09-03;1.35;G;
2023-09-04;0.916;G;
2023-09-05;0.650;G;
2023-09-06;0.472;G;
2023-09-07;0.358;G;
2023-09-08;0.301;G;
2023-09-09;0.251;G;
2023-09-10;0.212;G;
2023-09-11;0.188;G;
2023-09-12;0.257;G;
2023-09-13;0.402;G;
2023-09-14;0.317;G;
2023-09-15;0.257;G;
2023-09-16;0.212;G;
2023-09-17;0.184;G;
2023-09-18;0.162;G;
2023-09-19;0.164;G;
2023-09-20;0.160;G;
2023-09-21;0.154;G;
2023-09-22;0.145;G;
2023-09-23;0.357;G;
2023-09-24;0.286;G;
2023-09-25;0.252;G;
2023-09-26;0.216;G;
2023-09-27;0.192;G;
2023-09-28;0.175;G;
2023-09-29;0.180;G;
2023-09-30;0.178;G;
2023-10-01;0.167;G;
2023-10-02;0.366;G;
2023-10-03;0.686;G;
2023-10-04;0.761;G;
2023-10-05;1.29;G;
2023-10-06;1.83;G;
2023-10-07;1.96;G;
2023-10-08;1.41;G;
2023-10-09;1.04;G;
2023-10-10;0.827;G;
2023-10-11;0.753;G;
2023-10-12;0.685;G;
2023-10-13;0.783;G;
2023-10-14;3.00;G;
2023-10-15;3.05;G;
2023-10-16;3.20;G;
2023-10-17;2.86;G;
2023-10-18;2.23;G;
2023-10-19;1.73;G;
2023-10-20;1.40;G;
2023-10-21;4.35;G;
2023-10-22;5.76;G;
2023-10-23;4.99;G;
2023-10-24;3.89;G;
2023-10-25;4.42;G;
2023-10-26;5.09;G;
2023-10-27;4.93;G;
2023-10-28;3.98;G;
2023-10-29;3.70;G;
2023-10-30;6.61;G;
2023-10-31;9.20;G;
2023-11-01;13.4;G;
2023-11-02;10.1;G;
2023-11-03;8.04;G;
2023-11-04;6.20;G;
2023-11-05;4.58;G;
2023-11-06;3.92;G;
2023-11-07;3.63;G;
2023-11-08;3.87;G;
2023-11-09;4.47;G;
2023-11-10;5.31;G;
2023-11-11;4.61;G;
2023-11-12;3.67;G;
2023-11-13;3.04;G;
2023-11-14;3.16;G;
2023-11-15;3.65;G;
2023-11-16;11.1;G;
2023-11-17;24.1;G;
2023-11-18;21.5;G;
2023-11-19;16.9;G;
2023-11-20;11.6;G;
2023-11-21;7.71;G;
2023-11-22;5.77;G;
2023-11-23;6.60;G;
2023-11-24;8.20;G;
2023-11-25;6.28;G;
2023-11-26;4.12;G;
2023-11-27;3.06;G;
2023-11-28;2.52;G;
2023-11-29;2.12;G;
2023-11-30;1.91;G;
2023-12-01;1.82;G;
2023-12-02;1.75;G;
2023-12-03;1.66;G;
2023-12-04;1.76;G;
2023-12-05;1.70;G;
2023-12-06;1.57;G;
2023-12-07;1.57;G;
2023-12-08;1.62;G;
2023-12-09;1.79;G;
2023-12-10;3.48;G;
2023-12-11;7.37;G;
2023-12-12;7.23;G;
2023-12-13;5.07;G;
2023-12-14;3.49;G;
2023-12-15;2.79;G;
2023-12-16;3.37;G;
2023-12-17;4.35;G;
2023-12-18;5.21;G;
2023-12-19;8.13;G;
2023-12-20;9.11;G;
2023-12-21;9.54;G;
2023-12-22;11.7;G;
2023-12-23;8.46;G;
2023-12-24;5.32;G;
2023-12-25;7.97;G;
2023-12-26;7.71;G;
2023-12-27;6.26;G;
2023-12-28;6.70;G;
2023-12-29;10.0;G;
2023-12-30;10.4;G;
2023-12-31;7.85;G;
2024-01-01;9.90;G;
2024-01-02;10.8;G;
2024-01-03;7.65;G;
2024-01-04;3.94;G;
2024-01-05;3.76;G;
2024-01-06;3.62;G;
2024-01-07;3.47;G;
2024-01-08;3.33;G;
2024-01-09;3.19;G;
2024-01-10;3.01;G;
2024-01-11;2.82;G;
2024-01-12;2.58;G;
2024-01-13;2.67;G;
2024-01-14;4.10;G;
2024-01-15;4.27;G;
2024-01-16;3.45;G;
2024-01-17;3.08;G;
2024-01-18;2.76;G;
2024-01-19;2.36;G;
2024-01-20;3.16;G;
2024-01-21;4.74;G;
2024-01-22;10.0;G;
2024-01-23;20.3;G;
2024-01-24;27.8;G;
2024-01-25;27.5;G;
2024-01-26;23.0;G;
2024-01-27;19.5;G;
2024-01-28;14.9;G;
2024-01-29;10.6;G;
2024-01-30;8.04;G;
2024-01-31;6.84;G;
2024-02-01;6.61;G;
2024-02-02;5.76;G;
2024-02-03;5.69;G;
2024-02-04;4.81;G;
2024-02-05;4.88;G;
2024-02-06;9.39;G;
2024-02-07;17.3;G;
2024-02-08;11.8;G;
2024-02-09;7.15;G;
2024-02-10;4.87;G;
2024-02-11;4.19;G;
2024-02-12;4.77;G;
2024-02-13;6.60;G;
2024-02-14;8.67;G;
2024-02-15;8.69;G;
2024-02-16;7.85;G;
2024-02-17;6.74;G;
2024-02-18;5.08;G;
2024-02-19;8.20;G;
2024-02-20;7.67;G;
2024-02-21;6.67;G;
2024-02-22;6.17;G;
2024-02-23;7.36;G;
2024-02-24;5.95;G;
2024-02-25;4.26;G;
2024-02-26;3.56;G;
2024-02-27;3.08;G;
2024-02-28;2.82;G;
2024-02-29;2.68;G;
2024-03-01;2.55;G;
2024-03-02;2.49;G;
2024-03-03;2.55;G;
2024-03-04;2.38;G;
2024-03-05;2.20;G;
2024-03-06;2.45;G;
2024-03-07;2.86;G;
2024-03-08;2.45;G;
2024-03-09;2.18;G;
2024-03-10;1.99;G;
2024-03-11;1.88;G;
2024-03-12;1.85;G;
2024-03-13;1.80;G;
2024-03-14;1.76;G;
2024-03-15;1.69;G;
2024-03-16;1.77;G;
2024-03-17;1.66;G;
2024-03-18;1.43;G;
2024-03-19;1.34;G;
2024-03-20;1.36;G;
2024-03-21;1.41;G;
2024-03-22;1.69;G;
2024-03-23;2.09;G;
2024-03-24;2.08;G;
2024-03-25;2.05;G;
2024-03-26;1.75;G;
2024-03-27;1.57;G;
2024-03-28;1.42;G;
2024-03-29;1.54;G;
2024-03-30;1.67;G;
2024-03-31;1.51;G;
2024-04-01;1.39;G;
2024-04-02;1.71;G;
2024-04-03;2.25;G;
2024-04-04;2.35;G;
2024-04-05;4.07;G;
2024-04-06;6.93;G;
2024-04-07;4.65;G;
2024-04-08;3.18;G;
2024-04-09;2.64;G;
2024-04-10;2.26;G;
2024-04-11;1.99;G;
2024-04-12;2.04;G;
2024-04-13;2.03;G;
2024-04-14;1.84;G;
2024-04-15;1.55;G;
2024-04-16;1.39;G;
2024-04-17;1.23;G;
2024-04-18;1.20;G;
2024-04-19;1.23;G;
2024-04-20;1.18;G;
2024-04-21;1.06;G;
2024-04-22;0.983;G;
2024-04-23;0.954;G;
2024-04-24;0.941;G;
2024-04-25;0.915;G;
2024-04-26;0.971;G;
2024-04-27;1.67;G;
2024-04-28;1.44;G;
2024-04-29;1.14;G;
2024-04-30;0.951;G;
2024-05-01;0.826;G;
2024-05-02;0.715;G;
2024-05-03;0.605;G;
2024-05-04;0.527;G;
2024-05-05;0.521;G;
2024-05-06;0.58;G;
2024-05-07;0.617;G;
2024-05-08;0.501;G;
2024-05-09;0.435;G;
2024-05-10;0.416;G;
2024-05-11;0.403;G;
2024-05-12;0.373;G;
2024-05-13;0.331;G;
2024-05-14;0.290;G;
2024-05-15;0.260;G;
2024-05-16;0.231;G;
2024-05-17;0.206;G;
2024-05-18;0.187;G;
2024-05-19;0.170;G;
2024-05-20;0.161;G;
2024-05-21;0.147;G;
2024-05-22;0.132;G;
2024-05-23;0.127;G;
2024-05-24;0.129;G;
2024-05-25;0.123;G;
2024-05-26;0.196;G;
2024-05-27;0.152;G;
2024-05-28;0.136;G;
2024-05-29;0.126;G;
2024-05-30;0.240;G;
2024-05-31;0.163;G;
2024-06-01;0.133;G;
2024-06-02;0.184;G;
2024-06-03;0.182;G;
2024-06-04;0.148;G;
2024-06-05;0.118;G;
2024-06-06;0.1;G;
2024-06-07;0.086;G;
2024-06-08;0.088;G;
2024-06-09;0.194;G;
2024-06-10;0.129;G;
2024-06-11;0.164;G;
2024-06-12;0.143;G;
2024-06-13;0.121;G;
2024-06-14;0.099;G;
2024-06-15;0.209;G;
2024-06-16;0.168;G;
2024-06-17;0.130;G;
2024-06-18;0.094;G;
2024-06-19;0.072;G;
2024-06-20;0.061;G;
2024-06-21;0.053;G;
2024-06-22;0.093;G;
2024-06-23;0.087;G;
2024-06-24;0.082;G;
2024-06-25;0.065;G;
2024-06-26;0.057;G;
2024-06-27;0.047;G;
2024-06-28;0.058;G;
2024-06-29;0.041;G;
2024-06-30;0.200;G;
2024-07-01;0.091;G;
2024-07-02;0.082;G;
2024-07-03;0.072;G;
2024-07-04;0.152;G;
2024-07-05;0.195;G;
2024-07-06;0.163;G;
2024-07-07;0.138;G;
2024-07-08;0.093;G;
2024-07-09;0.075;G;
2024-07-10;0.090;G;
2024-07-11;0.080;G;
2024-07-12;0.072;G;
2024-07-13;0.239;G;
2024-07-14;0.223;G;
2024-07-15;0.173;G;
2024-07-16;0.118;G;
2024-07-17;0.101;G;
2024-07-18;0.084;G;
2024-07-19;0.073;G;
2024-07-20;0.060;G;
2024-07-21;0.050;G;
2024-07-22;0.165;G;
2024-07-23;0.080;G;
2024-07-24;0.069;G;
2024-07-25;0.06;G;
2024-07-26;0.067;G;
2024-07-27;0.076;G;
2024-07-28;0.053;G;
2024-07-29;0.046;G;
2024-07-30;0.040;G;
2024-07-31;0.037;G;
2024-08-01;0.035;G;
2024-08-02;0.033;G;
2024-08-03;0.032;G;
2024-08-04;0.235;G;
2024-08-05;0.072;G;
2024-08-06;0.056;G;
2024-08-07;0.045;G;
2024-08-08;0.040;G;
2024-08-09;0.220;G;
2024-08-10;0.110;G;
2024-08-11;0.078;G;
2024-08-12;0.056;G;
2024-08-13;0.045;G;
2024-08-14;0.038;G;
2024-08-15;0.035;G;
2024-08-16;0.042;G;
2024-08-17;0.038;G;
2024-08-18;0.036;G;
2024-08-19;0.034;G;
2024-08-20;0.034;G;
2024-08-21;0.129;G;
2024-08-22;0.061;G;
2024-08-23;0.065;G;
2024-08-24;0.050;G;
2024-08-25;0.051;G;
2024-08-26;0.040;G;
2024-08-27;0.035;G;
2024-08-28;0.032;G;
2024-08-29;0.030;G;
2024-08-30;0.029;G;
2024-08-31;0.030;G;
2024-09-01;0.029;G;
2024-09-02;0.028;G;
2024-09-03;0.028;G;
2024-09-04;0.028;G;
2024-09-05;0.026;G;
2024-09-06;0.025;G;
2024-09-07;0.025;G;
2024-09-08;0.027;G;
2024-09-09;0.372;G;
2024-09-10;0.138;G;
2024-09-11;0.398;G;
2024-09-12;0.253;G;
2024-09-13;0.170;G;
2024-09-14;0.115;G;
2024-09-15;0.082;G;
2024-09-16;0.068;G;
2024-09-17;0.062;G;
2024-09-18;0.058;G;
2024-09-19;0.055;G;
2024-09-20;0.051;G;
2024-09-21;0.047;G;
2024-09-22;0.043;G;
2024-09-23;0.041;G;
2024-09-24;0.049;G;
2024-09-25;0.150;G;
2024-09-26;0.395;G;
2024-09-27;0.798;G;
2024-09-28;0.718;G;
2024-09-29;0.462;G;
2024-09-30;0.318;G;
2024-10-01;0.225;G;
2024-10-02;0.186;G;
2024-10-03;0.161;G;
2024-10-04;0.142;G;
2024-10-05;0.129;G;
2024-10-06;0.121;G;
2024-10-07;0.117;G;
2024-10-08;0.120;G;
2024-10-09;0.322;G;
2024-10-10;2.37;G;
2024-10-11;2.86;G;
2024-10-12;2.03;G;
2024-10-13;1.51;G;
2024-10-14;1.20;G;
2024-10-15;1.02;G;
2024-10-16;0.754;G;
2024-10-17;0.627;G;
2024-10-18;0.540;G;
2024-10-19;0.470;G;
2024-10-20;0.407;G;
2024-10-21;0.369;G;
2024-10-22;0.545;G;
2024-10-23;0.706;G;
2024-10-24;0.643;G;
2024-10-25;0.570;G;
2024-10-26;0.511;G;
2024-10-27;0.474;G;
2024-10-28;0.452;G;
2024-10-29;0.471;G;
2024-10-30;0.487;G;
2024-10-31;0.458;G;
2024-11-01;0.424;G;
2024-11-02;0.363;G;
2024-11-03;0.321;G;
2024-11-04;0.308;G;
2024-11-05;0.299;G;
2024-11-06;0.291;G;
2024-11-07;0.278;G;
2024-11-08;0.269;G;
2024-11-09;0.265;G;
2024-11-10;0.259;G;
2024-11-11;0.269;G;
2024-11-12;0.273;G;
2024-11-13;0.281;G;
2024-11-14;0.284;G;
2024-11-15;0.277;G;
2024-11-16;0.312;G;
2024-11-17;0.356;G;
2024-11-18;0.388;G;
2024-11-19;0.481;G;
2024-11-20;0.590;G;
2024-11-21;0.584;G;
2024-11-22;0.487;G;
2024-11-23;0.405;G;
2024-11-24;0.978;G;
2024-11-25;2.61;G;
2024-11-26;2.33;G;
2024-11-27;1.81;G;
2024-11-28;2.65;G;
2024-11-29;3.86;G;
2024-11-30;3.05;G;
2024-12-01;2.23;G;
2024-12-02;1.87;G;
2024-12-03;1.89;G;
2024-12-04;1.82;G;
2024-12-05;1.79;G;
2024-12-06;1.69;G;
2024-12-07;1.50;G;
2024-12-08;1.46;G;
2024-12-09;1.62;G;
2024-12-10;1.48;G;
2024-12-11;1.31;G;
2024-12-12;1.14;G;
2024-12-13;1.00;G;
2024-12-14;1.05;G;
2024-12-15;1.27;G;
2024-12-16;1.83;G;
2024-12-17;3.13;G;
2024-12-18;3.48;G;
2024-12-19;6.35;G;
2024-12-20;7.19;G;
2024-12-21;5.78;G;
2024-12-22;5.77;G;
2024-12-23;4.88;G;
2024-12-24;3.70;G;
2024-12-25;3.01;G;
2024-12-26;2.75;G;
2024-12-27;2.56;G;
2024-12-28;2.39;G;
2024-12-29;2.24;G;
2024-12-30;2.39;G;
2024-12-31;4.83;G;
2025-01-01;8.75;G;
2025-01-02;12.3;G;
2025-01-03;8.86;G;
2025-01-04;5.52;G;
2025-01-05;3.74;G;
2025-01-06;3.95;G;
2025-01-07;10.8;G;
2025-01-08;9.16;G;
2025-01-09;6.65;G;
2025-01-10;4.67;G;
2025-01-11;3.50;G;
2025-01-12;2.63;G;
2025-01-13;2.06;G;
2025-01-14;2.08;G;
2025-01-15;2.86;G;
2025-01-16;2.72;G;
2025-01-17;2.62;G;
2025-01-18;2.43;G;
2025-01-19;2.28;G;
2025-01-20;2.10;G;
2025-01-21;2.05;G;
2025-01-22;1.99;G;
2025-01-23;2.07;G;
2025-01-24;2.68;G;
2025-01-25;3.21;G;
2025-01-26;3.46;G;
2025-01-27;3.26;G;
2025-01-28;3.30;G;
2025-01-29;2.94;G;
2025-01-30;2.68;G;
2025-01-31;2.50;G;
2025-02-01;2.19;G;
2025-02-02;1.92;G;
2025-02-03;1.83;G;
2025-02-04;1.88;G;
2025-02-05;1.77;G;
2025-02-06;1.58;G;
2025-02-07;1.48;G;
2025-02-08;1.59;G;
2025-02-09;1.49;G;
2025-02-10;1.37;G;
2025-02-11;1.26;G;
2025-02-12;1.17;G;
2025-02-13;1.10;G;
2025-02-14;1.00;G;
2025-02-15;0.907;G;
2025-02-16;0.812;G;
2025-02-17;0.721;G;
2025-02-18;0.636;G;
2025-02-19;0.559;G;
2025-02-20;0.488;G;
2025-02-21;0.497;G;
2025-02-22;0.614;G;
2025-02-23;0.746;G;
2025-02-24;0.954;G;
2025-02-25;1.50;G;
2025-02-26;1.61;G;
2025-02-27;1.51;G;
2025-02-28;1.38;G;
2025-03-01;1.25;G;
2025-03-02;1.15;G;
2025-03-03;1.07;G;
2025-03-04;1.00;G;
2025-03-05;0.939;G;
2025-03-06;0.845;G;
2025-03-07;0.754;G;
2025-03-08;0.719;G;
2025-03-09;0.677;G;
2025-03-10;0.657;G;
2025-03-11;0.625;G;
2025-03-12;0.683;G;
2025-03-13;0.758;G;
2025-03-14;0.821;G;
2025-03-15;0.805;G;
2025-03-16;0.775;G;
2025-03-17;0.740;G;
2025-03-18;0.658;G;
2025-03-19;0.645;G;
2025-03-20;0.585;G;
2025-03-21;0.541;G;
2025-03-22;0.492;G;
2025-03-23;0.475;G;
2025-03-24;0.455;G;
2025-03-25;0.461;G;
2025-03-26;0.463;G;
2025-03-27;0.445;G;
2025-03-28;0.426;G;
2025-03-29;0.405;G;
2025-03-30;0.550;G;
2025-03-31;0.962;G;
2025-04-01;0.913;G;
2025-04-02;0.712;G;
2025-04-03;0.590;G;
2025-04-04;0.521;G;
2025-04-05;0.460;G;
2025-04-06;0.394;G;
2025-04-07;0.369;G;
2025-04-08;0.349;G;
2025-04-09;0.358;G;
2025-04-10;0.317;G;
2025-04-11;0.311;G;
2025-04-12;0.295;G;
2025-04-13;0.296;G;
2025-04-14;0.299;G;
2025-04-15;0.285;G;
2025-04-16;0.266;G;
2025-04-17;0.259;G;
2025-04-18;0.263;G;
2025-04-19;0.266;G;
2025-04-20;0.257;G;
2025-04-21;0.249;G;
2025-04-22;0.239;G;
2025-04-23;0.238;G;
2025-04-24;0.225;G;
2025-04-25;0.213;G;
2025-04-26;0.206;G;
2025-04-27;0.198;G;
2025-04-28;0.183;G;
2025-04-29;0.173;G;
2025-04-30;0.161;G;
2025-05-01;0.154;G;
2025-05-02;0.193;G;
2025-05-03;0.207;G;
2025-05-04;0.559;G;
2025-05-05;0.833;G;
2025-05-06;0.552;G;
2025-05-07;0.385;G;
2025-05-08;0.299;G;
2025-05-09;0.254;G;
2025-05-10;0.226;G;
2025-05-11;0.205;G;
2025-05-12;0.189;G;
2025-05-13;0.176;G;
2025-05-14;0.163;G;
2025-05-15;0.148;G;
2025-05-16;0.135;G;
2025-05-17;0.124;G;
2025-05-18;0.165;G;
2025-05-19;0.205;G;
2025-05-20;0.19;G;
2025-05-21;0.145;G;
2025-05-22;0.149;G;
2025-05-23;0.163;G;
2025-05-24;0.178;G;
2025-05-25;0.217;G;
2025-05-26;0.212;G;
2025-05-27;0.194;G;
2025-05-28;0.297;G;
2025-05-29;0.302;G;
2025-05-30;0.247;G;
2025-05-31;0.200;G;
2025-06-01;0.178;G;
2025-06-02;0.259;G;
2025-06-03;0.248;G;
2025-06-04;0.189;G;
2025-06-05;0.143;G;
2025-06-06;0.168;G;
2025-06-07;0.138;G;
2025-06-08;0.169;G;
2025-06-09;0.183;G;
2025-06-10;0.245;G;
2025-06-11;0.314;G;
2025-06-12;0.261;G;
2025-06-13;0.164;G;
2025-06-14;0.115;G;
2025-06-15;0.092;G;
2025-06-16;0.089;G;
2025-06-17;0.075;G;
2025-06-18;0.063;G;
2025-06-19;0.056;G;
2025-06-20;0.053;G;
2025-06-21;0.048;G;
2025-06-22;0.044;G;
2025-06-23;0.068;G;
2025-06-24;0.074;G;
2025-06-25;0.108;G;
2025-06-26;0.078;G;
2025-06-27;0.090;G;
2025-06-28;0.062;G;
2025-06-29;0.054;G;
2025-06-30;0.044;G;
2025-07-01;0.040;G;
2025-07-02;0.035;G;
2025-07-03;0.034;G;
2025-07-04;0.086;G;
2025-07-05;0.058;G;
2025-07-06;0.053;G;
2025-07-07;0.115;G;
2025-07-08;0.070;G;
2025-07-09;0.064;G;
2025-07-10;0.059;G;
2025-07-11;0.09;G;
2025-07-12;0.069;G;
2025-07-13;0.086;G;
2025-07-14;0.072;G;
2025-07-15;0.177;G;
2025-07-16;0.255;G;
2025-07-17;0.221;G;
2025-07-18;0.134;G;
2025-07-19;0.088;G;
2025-07-20;0.061;G;
2025-07-21;0.047;G;
2025-07-22;0.043;G;
2025-07-23;0.041;G;
2025-07-24;0.037;G;
2025-07-25;0.030;G;
2025-07-26;0.052;G;
2025-07-27;0.030;G;
2025-07-28;0.026;G;
2025-07-29;0.022;G;
2025-07-30;0.021;G;
2025-07-31;0.020;G;
2025-08-01;0.033;G;
2025-08-02;0.103;G;
2025-08-03;0.048;G;
2025-08-04;0.035;G;
2025-08-05;0.065;G;
2025-08-06;0.029;G;
2025-08-07;0.026;G;
2025-08-08;0.024;G;
2025-08-09;0.020;G;
2025-08-10;0.019;G;
2025-08-11;0.018;G;
2025-08-12;0.018;G;
2025-08-13;0.016;G;
2025-08-14;0.015;G;
2025-08-15;0.014;G;
2025-08-16;0.014;G;
2025-08-17;0.014;G;
2025-08-18;0.013;G;
2025-08-19;0.013;G;
2025-08-20;0.012;G;
2025-08-21;0.012;G;
2025-08-22;0.013;G;
2025-08-23;0.014;G;
2025-08-24;0.014;G;
2025-08-25;0.013;G;
2025-08-26;0.013;G;
2025-08-27;0.012;G;
2025-08-28;0.013;G;
2025-08-29;0.013;G;
2025-08-30;0.014;G;
2025-08-31;0.014;G;
2025-09-01;0.013;G;
2025-09-02;0.135;G;
2025-09-03;0.023;G;
2025-09-04;0.018;G;
2025-09-05;0.088;G;
2025-09-06;0.024;G;
2025-09-07;0.021;G;
2025-09-08;0.018;G;
2025-09-09;0.017;G;
2025-09-10;0.017;G;
2025-09-11;0.260;G;
2025-09-12;0.059;G;
2025-09-13;0.06;G;
2025-09-14;0.136;G;
2025-09-15;0.054;G;
2025-09-16;0.104;G;
2025-09-17;0.054;G;
2025-09-18;0.079;G;
2025-09-19;0.059;G;
2025-09-20;0.053;G;
2025-09-21;0.068;G;
2025-09-22;0.043;G;
2025-09-23;0.038;G;
2025-09-24;0.035;G;
2025-09-25;0.033;G;
2025-09-26;0.032;G;
2025-09-27;0.032;G;
2025-09-28;0.031;G;
2025-09-29;0.033;G;
2025-09-30;0.039;G;
2025-10-01;0.060;G;
2025-10-02;0.047;G;
2025-10-03;0.050;G;
2025-10-04;0.307;G;
2025-10-05;0.226;G;
2025-10-06;0.258;G;
2025-10-07;0.234;G;
2025-10-08;0.185;G;
2025-10-09;0.162;G;
2025-10-10;0.147;G;
2025-10-11;0.133;G;
2025-10-12;0.123;G;
2025-10-13;0.109;G;
2025-10-14;0.098;G;
2025-10-15;0.096;G;
2025-10-16;0.094;G;
2025-10-17;0.089;G;
2025-10-18;0.084;G;
2025-10-19;0.084;G;
2025-10-20;0.084;G;
2025-10-21;0.110;G;
2025-10-22;0.107;G;
2025-10-23;0.134;G;
2025-10-24;0.144;G;
2025-10-25;0.149;G;
2025-10-26;0.249;G;
2025-10-27;0.266;G;
2025-10-28;0.431;G;
2025-10-29;0.571;G;
2025-10-30;0.910;G;
2025-10-31;1.30;G;
2025-11-01;1.16;G;
2025-11-02;0.943;G;
2025-11-03;0.774;G;
2025-11-04;1.04;G;
2025-11-05;1.21;G;
2025-11-06;1.04;G;
2025-11-07;0.822;G;
2025-11-08;0.666;G;
2025-11-09;0.558;G;
2025-11-10;0.485;G;
2025-11-11;0.435;G;
2025-11-12;0.403;G;
2025-11-13;0.392;G;
2025-11-14;0.369;G;
2025-11-15;0.325;G;
2025-11-16;0.301;G;
2025-11-17;0.293;G;
2025-11-18;0.283;G;
2025-11-19;0.283;G;
2025-11-20;0.360;G;
2025-11-21;0.388;G;
2025-11-22;0.518;G;
2025-11-23;0.685;G;
2025-11-24;0.809;G;
2025-11-25;0.765;G;
2025-11-26;0.967;G;
2025-11-27;1.12;G;
2025-11-28;1.48;G;
2025-11-29;2.16;G;
2025-11-30;2.05;G;
2025-12-01;1.71;G;
2025-12-02;1.42;G;
2025-12-03;1.17;G;
2025-12-04;1.01;G;
2025-12-05;0.941;G;
2025-12-06;1.02;G;
2025-12-07;1.12;G;
2025-12-08;1.12;G;
2025-12-09;1.19;G;
2025-12-10;1.71;G;
2025-12-11;2.14;G;
2025-12-12;1.86;G;
2025-12-13;1.56;G;
2025-12-14;1.42;G;
2025-12-15;1.28;G;
2025-12-16;1.11;G;
2025-12-17;0.974;G;
2025-12-18;0.872;G;
2025-12-19;0.829;G;
2025-12-20;0.862;G;
2025-12-21;0.858;G;
2025-12-22;0.777;G;
2025-12-23;0.699;G;
2025-12-24;0.624;G;
2025-12-25;0.540;G;
2025-12-26;0.509;G;
2025-12-27;0.541;G;
2025-12-28;0.545;G;
2025-12-29;0.504;G;
2025-12-30;0.468;G;
2025-12-31;0.457;G;
2026-01-01;0.446;G;
2026-01-02;0.435;G;
2026-01-03;0.424;G;
2026-01-04;0.413;G;
2026-01-05;0.402;G;
2026-01-06;0.392;G;
2026-01-07;0.382;G;
2026-01-08;0.372;G;
2026-01-09;0.362;G;
2026-01-10;0.352;G;
2026-01-11;0.343;G;
2026-01-12;0.334;G;
2026-01-13;0.324;G;
2026-01-14;1.45;O;
2026-01-15;1.96;O;
2026-01-16;2.01;O;
2026-01-17;1.97;O;
2026-01-18;1.76;O;
2026-01-19;1.58;O;
2026-01-20;1.23;O;
2026-01-21;1.05;O;
2026-01-22;0.83;O;
2026-01-23;0.636;O;
2026-01-24;0.568;O;
2026-01-25;0.512;O;
2026-01-26;0.450;O;
2026-01-27;0.422;O;
2026-01-28;0.433;O;
2026-01-29;0.538;O;
2026-01-30;0.378;O;
2026-01-31;0.341;O;
2026-02-01;0.453;O;
2026-02-02;0.713;O;
2026-02-03;0.628;O;
2026-02-04;0.318;O;
2026-02-05;0.292;O;
2026-02-06;0.267;O;
2026-02-07;0.253;O;
2026-02-08;0.276;O;
2026-02-09;0.305;O;
2026-02-10;0.339;O;
2026-02-11;0.369;O;
2026-02-12;0.382;O;
2026-02-13;0.378;O;
2026-02-14;0.525;O;
2026-02-15;0.504;O;
2026-02-16;0.489;O;
2026-02-17;0.366;O;
2026-02-18;0.300;O;
2026-02-19;0.289;O;
2026-02-20;0.574;O;
2026-02-21;0.349;O;
2026-02-22;0.330;O;
2026-02-23;1.17;O;
2026-02-24;2.33;O;
2026-02-25;2.03;O;
2026-02-26;2.00;O;
2026-02-27;4.28;O;
2026-02-28;6.44;O;
2026-03-01;6.01;O;
2026-03-02;4.47;O;
2026-03-03;3.44;O;
2026-03-04;2.78;O;
2026-03-05;2.27;O;
2026-03-06;1.91;O;
2026-03-07;1.66;O;
2026-03-08;1.53;O;
2026-03-09;1.40;O;
2026-03-10;1.28;O;
2026-03-11;1.18;O;
2026-03-12;1.19;O;
2026-03-13;1.18;O;
2026-03-14;2.23;O;
2026-03-15;3.23;O;
2026-03-16;2.47;O;
2026-03-17;2.03;O;
2026-03-18;1.65;O;
2026-03-19;1.40;O;
2026-03-20;1.27;O;
2026-03-21;1.11;O;
2026-03-22;0.969;O;
2026-03-23;0.875;O;
2026-03-24;0.809;O;
2026-03-25;1.09;O;
2026-03-26;1.40;O;
2026-03-27;1.17;O;
2026-03-28;1.02;O;
2026-03-29;0.988;O;
2026-03-30;1.09;O;
2026-03-31;1.23;O;
2026-04-01;1.22;O;
2026-04-02;1.06;O;
2026-04-03;0.953;O;
2026-04-04;0.978;O;
2026-04-05;0.936;O;
2026-04-06;0.75;O;
2026-04-07;0.596;O;
2026-04-08;0.512;O;
2026-04-09;0.465;O;
2026-04-10;0.419;O;
2026-04-11;0.386;O;
2026-04-12;0.360;O;
2026-04-13;0.341;O;
2026-04-14;0.323;O;
2026-04-15;0.312;O;
2026-04-16;0.299;O;
2026-04-17;0.279;O;
2026-04-18;0.263;O;
2026-04-19;0.261;O;
2026-04-20;0.246;O;
2026-04-21;0.223;O;
2026-04-22;0.209;O;
2026-04-23;0.198;O;
2026-04-24;0.193;O;
2026-04-25;0.194;O;
2026-04-26;0.183;O;
2026-04-27;0.172;O;
2026-04-28;0.164;O;
2026-04-29;0.157;O;
2026-04-30;0.151;O;
2026-05-01;0.149;O;
2026-05-02;0.142;O;
2026-05-03;0.139;O;
2026-05-04;0.141;O;
2026-05-05;0.138;O;
2026-05-06;0.132;O;
2026-05-07;0.121;O;
2026-05-08;0.118;O;
2026-05-09;0.112;O;
2026-05-10;0.108;O;
2026-05-11;0.409;O;
2026-05-12;0.525;O;
2026-05-13;0.561;O;
2026-05-14;0.471;O;
2026-05-15;0.379;O;
2026-05-16;0.320;O;
2026-05-17;0.263;O;
2026-05-18;0.221;O;
2026-05-19;0.189;O;
2026-05-20;0.168;O;
2026-05-21;0.177;O;
2026-05-22;0.156;O;
2026-05-23;0.144;O;
2026-05-24;0.125;O;
2026-05-25;0.109;O;
2026-05-26;0.092;O;
2026-05-27;0.081;O;
2026-05-28;0.073;O;
2026-05-29;0.067;O;
2026-05-30;0.066;O;
2026-05-31;0.063;O;
2026-06-01;0.061;O;
2026-06-02;0.055;O;
2026-06-03;0.051;O;
2026-06-04;0.046;O;
2026-06-05;0.051;O;
2026-06-06;0.049;O;
2026-06-07;0.063;O;
2026-06-08;0.047;O;
2026-06-09;0.076;O;
2026-06-10;0.06;O;
2026-06-11;0.054;O;
2026-06-12;0.043;O;
2026-06-13;0.091;O;
2026-06-14;0.267;O;
2026-06-15;0.235;O;
2026-06-16;0.198;O;
2026-06-17;0.141;O;
2026-06-18;0.095;O;
2026-06-19;0.070;O;
2026-06-20;0.054;O;
2026-06-21;0.041;O;
2026-06-22;0.032;O;
2026-06-23;0.026;O;
2026-06-24;0.022;O;
2026-06-25;0.018;O;
2026-06-26;0.015;O;
2026-06-27;0.012;O;
2026-06-28;0.028;O;
2026-06-29;0.012;O;
2026-06-30;0.011;O;
2026-07-01;0.014;O;
2026-07-02;0.048;O;
2026-07-03;0.109;O;
2026-07-04;0.048;O;
2026-07-05;0.067;O;
2026-07-06;0.047;O;
2026-07-07;0.096;O;
2026-07-08;0.070;O;
2026-07-09;0.050;O;
2026-07-10;0.038;O;
2026-07-11;0.032;O;
2026-07-12;0.027;O;
2026-07-13;0.025;O;
2026-07-14;0.025;O;
2026-07-15;0.022;O;
2026-07-16;0.021;O;
2026-07-17;0.020;O;
2026-07-18;0.020;O;
2026-07-19;0.021;O;
2026-07-20;0.023;O;
2026-07-21;0.021;O;
2026-07-22;0.103;O;
2026-07-23;0.031;O;
2026-07-24;0.018;O;
2026-07-25;0.016;O;
2026-07-26;0.018;O;
2026-07-27;0.124;O;
2026-07-28;0.022;O;
2026-07-29;0.017;O;
2026-07-30;0.017;O;
2026-07-31;0.038;O;
2026-08-01;0.013;O;
2026-08-02;0.011;O;
2026-08-03;0.010;O;
2026-08-04;0.009;O;
2026-08-05;0.014;O;
2026-08-06;0.011;O;
2026-08-07;0.014;O;
2026-08-08;0.010;O;
2026-08-09;0.009;O;
2026-08-10;0.015;O;
2026-08-11;0.010;O;
2026-08-12;0.009;O;
2026-08-13;0.008;O;
2026-08-14;0.006;O;
2026-08-15;0.005;O;
2026-08-16;0.005;O;
2026-08-17;0.008;O;
2026-08-18;0.009;O;
2026-08-19;0.031;O;
2026-08-20;0.013;O;
2026-08-21;0.042;O;
2026-08-22;0.011;O;
2026-08-23;0.010;O;
2026-08-24;0.008;O;
2026-08-25;0.007;O;
2026-08-26;0.006;O;
2026-08-27;0.006;O;
2026-08-28;0.005;O;
2026-08-29;0.008;O;
2026-08-30;0.042;O;
2026-08-31;0.017;O;
2026-09-01;0.026;O;
2026-09-02;0.056;O;
2026-09-03;0.045;O;
2026-09-04;0.300;O;
2026-09-05;0.096;O;
2026-09-06;0.044;O;
2026-09-07;0.039;O;
2026-09-08;0.03;O;
2026-09-09;0.086;O;
2026-09-10;0.029;O;
2026-09-11;0.022;O;
2026-09-12;0.021;O;
2026-09-13;0.021;O;
2026-09-14;0.019;O;
2026-09-15;0.018;O;
2026-09-16;0.115;O;
