{"type": "FeatureCollection", "metadata": {"source": "OpenStreetMap contributors", "license": "ODbL 1.0", "source_url": "https://www.openstreetmap.org/copyright", "retrieved_at": "2026-09-16T10:50:41.992988+00:00", "query": "[out:json][timeout:45];(way[\"highway\"](55.84,13.64,55.865,13.685);way[\"waterway\"](55.84,13.64,55.865,13.685););out geom;", "warning": "Current reference geometry, not the road network at the event date; not an observed flood footprint."}, "features": [{"type": "Feature", "id": "23525826", "properties": {"osm_id": 23525826, "highway": "primary", "junction": "roundabout", "maxspeed": "60", "maxspeed:type": "sign", "surface": "asphalt"}, "geometry": {"type": "LineString", "coordinates": [[13.6459307, 55.8492495], [13.6459902, 55.8492931], [13.6460385, 55.8493408], [13.6460749, 55.8493918]]}}, {"type": "Feature", "id": "23525827", "properties": {"osm_id": 23525827, "highway": "primary", "maxspeed": "60", "oneway": "yes", "ref": "13"}, "geometry": {"type": "LineString", "coordinates": [[13.6449299, 55.8503997], [13.6449639, 55.8502105], [13.6449634, 55.8500873], [13.64494, 55.8499516], [13.6448912, 55.8498018]]}}, {"type": "Feature", "id": "23804380", "properties": {"osm_id": 23804380, "highway": "secondary", "lanes": "1", "maxspeed": "60", "name": "Ringsjövägen", "oneway": "yes", "ref": "M 1134", "surface": "asphalt"}, "geometry": {"type": "LineString", "coordinates": [[13.6460749, 55.8493918], [13.6462601, 55.8494852], [13.6464062, 55.8495583], [13.6465631, 55.8496117], [13.6467281, 55.8496569], [13.6468796, 55.8496892], [13.6470935, 55.8497211]]}}, {"type": "Feature", "id": "23804382", "properties": {"osm_id": 23804382, "highway": "secondary", "maxspeed": "40", "name": "Gamla torg", "ref": "M 1134", "surface": "asphalt"}, "geometry": {"type": "LineString", "coordinates": [[13.6606309, 55.8508027], [13.6606879, 55.8508416], [13.6607206, 55.8508722], [13.6607568, 55.8509132], [13.6608024, 55.8510003], [13.6608417, 55.8510798]]}}, {"type": "Feature", "id": "23804383", "properties": {"osm_id": 23804383, "highway": "secondary", "maxspeed": "40", "name": "Storgatan", "ref": "M 1134", "surface": "asphalt"}, "geometry": {"type": "LineString", "coordinates": [[13.6608417, 55.8510798], [13.6609275, 55.8512596]]}}, {"type": "Feature", "id": "23805125", "properties": {"osm_id": 23805125, "highway": "residential", "maxspeed": "40", "name": "Kungsgatan", "oneway": "no", "surface": "asphalt"}, "geometry": {"type": "LineString", "coordinates": [[13.6645707, 55.8543873], [13.6645991, 55.8543703], [13.6646229, 55.8543454], [13.6646371, 55.8543168], [13.6649652, 55.8537442]]}}, {"type": "Feature", "id": "23805139", "properties": {"osm_id": 23805139, "highway": "tertiary", "lanes": "2", "maxspeed": "40", "name": "Nygatan", "surface": "asphalt"}, "geometry": {"type": "LineString", "coordinates": [[13.6581464, 55.8458872], [13.6581734, 55.8459154], [13.6581964, 55.8459434], [13.6582092, 55.8459726], [13.6588458, 55.8477814], [13.658865, 55.8478359]]}}, {"type": "Feature", "id": "23805140", "properties": {"osm_id": 23805140, "highway": "secondary", "junction": "roundabout", "maxspeed": "40", "ref": "M 1134"}, "geometry": {"type": "LineString", "coordinates": [[13.674864, 55.8569293], [13.6749708, 55.8568973], [13.6750912, 55.8568905], [13.6752072, 55.8569098], [13.6752966, 55.8569493], [13.675355, 55.8570041], [13.6753746, 55.857067], [13.6753527, 55.8571296], [13.6752878, 55.8571865], [13.6751894, 55.8572254], [13.6750721, 55.8572406], [13.6749532, 55.8572297], [13.6748611, 55.8571997], [13.6747923, 55.8571541], [13.6747548, 55.8570981], [13.6747529, 55.8570383], [13.6747869, 55.8569817], [13.674864, 55.8569293]]}}, {"type": "Feature", "id": "23805143", "properties": {"osm_id": 23805143, "highway": "unclassified", "name": "Kraftgatan"}, "geometry": {"type": "LineString", "coordinates": [[13.6729849, 55.8581922], [13.6730204, 55.8592212], [13.6730475, 55.8602595], [13.6729867, 55.8604096], [13.6728581, 55.8605325], [13.6726673, 55.8607036], [13.6725508, 55.8607863], [13.6712622, 55.8616133], [13.6686682, 55.8633012], [13.6672186, 55.8642692], [13.6669095, 55.8644096], [13.6666769, 55.8644882], [13.6663519, 55.8645632], [13.6662996, 55.8645674], [13.6660522, 55.8645872], [13.665716, 55.8646082], [13.6653916, 55.864602], [13.6648127, 55.8645977], [13.664281, 55.8645767], [13.6635385, 55.8644855]]}}, {"type": "Feature", "id": "23852456", "properties": {"osm_id": 23852456, "highway": "unclassified", "name": "Verkstadsgatan"}, "geometry": {"type": "LineString", "coordinates": [[13.6744955, 55.8574447], [13.6738724, 55.8571362], [13.6732796, 55.8568077], [13.6727635, 55.8565378], [13.6722662, 55.8562825], [13.6721541, 55.856225], [13.6720791, 55.8561878], [13.6719021, 55.8560975]]}}, {"type": "Feature", "id": "23852457", "properties": {"osm_id": 23852457, "access": "no", "highway": "service", "psv": "yes"}, "geometry": {"type": "LineString", "coordinates": [[13.6719021, 55.8560975], [13.6720436, 55.8559897], [13.6720539, 55.8559681], [13.6720561, 55.8559447], [13.6720501, 55.855924], [13.6720377, 55.8559038], [13.6720222, 55.8558859], [13.6719999, 55.8558712], [13.6717737, 55.855757]]}}, {"type": "Feature", "id": "25688442", "properties": {"osm_id": 25688442, "highway": "tertiary", "lanes": "2", "maxspeed": "40", "name": "Lybyvägen", "surface": "asphalt"}, "geometry": {"type": "LineString", "coordinates": [[13.6476217, 55.8452898], [13.6477159, 55.8452987], [13.6478621, 55.8453071], [13.6481768, 55.8452839], [13.648512, 55.8452318], [13.6491568, 55.8452028], [13.6498377, 55.8451912], [13.6503381, 55.8451796], [13.6511379, 55.8451671], [13.6520521, 55.8451822], [13.6524208, 55.8452057], [13.6537699, 55.8452917], [13.6553972, 55.8454335], [13.6558171, 55.8454763], [13.6561762, 55.8455203]]}}, {"type": "Feature", "id": "26118359", "properties": {"osm_id": 26118359, "agricultural": "destination", "goods": "delivery", "hgv": "delivery", "highway": "living_street", "name": "Råbygatan"}, "geometry": {"type": "LineString", "coordinates": [[13.6613195, 55.8504159], [13.6614658, 55.8503784], [13.6617514, 55.8503187], [13.6620448, 55.8502745], [13.6625364, 55.8502202], [13.6627516, 55.8501818], [13.6628853, 55.8501547], [13.6630138, 55.8500994]]}}, {"type": "Feature", "id": "26118360", "properties": {"osm_id": 26118360, "highway": "living_street", "name": "Ystadsvägen"}, "geometry": {"type": "LineString", "coordinates": [[13.6613195, 55.8504159], [13.6610526, 55.8499802]]}}, {"type": "Feature", "id": "26118361", "properties": {"osm_id": 26118361, "highway": "service"}, "geometry": {"type": "LineString", "coordinates": [[13.6526198, 55.8484911], [13.653136, 55.8484503]]}}, {"type": "Feature", "id": "26118362", "properties": {"osm_id": 26118362, "highway": "tertiary", "maxspeed": "40", "name": "Råbyvägen", "ref": "M 1082"}, "geometry": {"type": "LineString", "coordinates": [[13.6686422, 55.8477316], [13.6687547, 55.847541], [13.6687984, 55.8474597], [13.6690104, 55.8471559], [13.6690669, 55.8470827], [13.6691341, 55.8470259], [13.6695905, 55.8466862], [13.6696623, 55.8466328], [13.6698232, 55.8465208]]}}, {"type": "Feature", "id": "26188839", "properties": {"osm_id": 26188839, "access": "yes", "foot": "yes", "highway": "residential", "lit": "yes", "maxspeed": "40", "name": "Smedjegatan"}, "geometry": {"type": "LineString", "coordinates": [[13.6627649, 55.8511114], [13.6644474, 55.8516331], [13.6660862, 55.8519634]]}}, {"type": "Feature", "id": "26188841", "properties": {"osm_id": 26188841, "highway": "secondary", "maxspeed": "60", "name": "Kristianstadsvägen", "ref": "M 1134", "surface": "asphalt", "width": "8"}, "geometry": {"type": "LineString", "coordinates": [[13.6753527, 55.8571296], [13.6755142, 55.8572302], [13.6755298, 55.85724], [13.6757714, 55.857392], [13.6765402, 55.8578164], [13.6774336, 55.8582743], [13.6793865, 55.8592734], [13.6810648, 55.860123], [13.6817638, 55.8604768], [13.6828861, 55.8610313], [13.68419, 55.8616303], [13.6847293, 55.8618511], [13.6855569, 55.8621919], [13.6864383, 55.8625402], [13.6875931, 55.8629488], [13.688341, 55.8632076], [13.6898291, 55.8637258], [13.6901541, 55.863835], [13.6908936, 55.8641131], [13.6915416, 55.8643936], [13.6916542, 55.8644439], [13.691764, 55.8644917], [13.6918439, 55.8645247], [13.6918856, 55.8645394], [13.692009, 55.8645746], [13.692117, 55.864598], [13.6922704, 55.8646234], [13.6924062, 55.8646404], [13.6925495, 55.8646475], [13.6927215, 55.8646443], [13.6928788, 55.8646387], [13.6931693, 55.8646259], [13.6934128, 55.8646225], [13.6935857, 55.8646223], [13.693674, 55.8646247], [13.6937983, 55.8646326], [13.6939011, 55.8646431], [13.694064, 55.864667]]}}, {"type": "Feature", "id": "26314200", "properties": {"osm_id": 26314200, "destination": "Ystad; Hörby V; Höör", "highway": "trunk_link", "lanes": "1", "maxspeed": "100", "motorroad": "yes", "oneway": "yes"}, "geometry": {"type": "LineString", "coordinates": [[13.6427687, 55.8605361], [13.6424756, 55.8604631], [13.6423384, 55.8604314], [13.6421747, 55.8604048], [13.6420344, 55.8603925], [13.6418912, 55.8603949], [13.6416747, 55.8604133], [13.6414514, 55.8604558], [13.6411137, 55.8605272], [13.6409771, 55.8605472], [13.6408454, 55.8605591], [13.6407344, 55.8605626], [13.6405986, 55.8605591], [13.6404595, 55.8605455], [13.6400737, 55.8604929], [13.6397729, 55.8604544], [13.639676, 55.860442]]}}, {"type": "Feature", "id": "26379710", "properties": {"osm_id": 26379710, "destination": "Kalmar; Kristianstad", "highway": "trunk_link", "lanes": "1", "maxspeed": "100", "motorroad": "yes", "oneway": "yes"}, "geometry": {"type": "LineString", "coordinates": [[13.6411432, 55.8578877], [13.6407434, 55.8578105], [13.6405597, 55.857779], [13.6403827, 55.8577583], [13.6402218, 55.8577551], [13.6400666, 55.8577608], [13.6399262, 55.8577834], [13.6397916, 55.8578134], [13.6396576, 55.8578596], [13.6395582, 55.8579054], [13.6394679, 55.8579661], [13.6393819, 55.8580363], [13.6393247, 55.8581054], [13.6392837, 55.8581841], [13.639262, 55.858259], [13.6392581, 55.8583388], [13.6392709, 55.8584141], [13.6392996, 55.8584821], [13.6393485, 55.8585504], [13.6394154, 55.8586149], [13.6395404, 55.8587141], [13.6398637, 55.8589311]]}}, {"type": "Feature", "id": "26380112", "properties": {"osm_id": 26380112, "highway": "primary", "lanes": "2", "maxspeed": "60", "ref": "13", "surface": "asphalt"}, "geometry": {"type": "LineString", "coordinates": [[13.6401748, 55.8593825], [13.6400977, 55.8595362], [13.6398699, 55.8599895]]}}, {"type": "Feature", "id": "26380113", "properties": {"osm_id": 26380113, "bridge": "yes", "highway": "primary", "lanes": "2", "layer": "1", "maxspeed": "60", "ref": "13"}, "geometry": {"type": "LineString", "coordinates": [[13.6404141, 55.8590065], [13.6401748, 55.8593825]]}}, {"type": "Feature", "id": "27777989", "properties": {"osm_id": 27777989, "highway": "trunk", "int_ref": "E 22", "lanes": "1", "maxspeed": "100", "motorroad": "yes", "oneway": "yes", "ref": "E 22"}, "geometry": {"type": "LineString", "coordinates": [[13.6427687, 55.8605361], [13.6425652, 55.8604292], [13.6412558, 55.8597379], [13.6407939, 55.8595148]]}}, {"type": "Feature", "id": "27777994", "properties": {"osm_id": 27777994, "cutting": "yes", "destination": "Höör; Ystad; Hörby V C", "highway": "trunk_link", "lanes": "1", "maxspeed": "100", "motorroad": "yes", "oneway": "yes"}, "geometry": {"type": "LineString", "coordinates": [[13.6371604, 55.8575398], [13.6376734, 55.8576827], [13.6378177, 55.8577145], [13.6379482, 55.8577347], [13.6380918, 55.8577557], [13.6382513, 55.8577642], [13.6384361, 55.8577656], [13.6385997, 55.8577587], [13.6387935, 55.8577414], [13.6391687, 55.8576892], [13.6393832, 55.8576593], [13.6395747, 55.857638], [13.6397432, 55.8576304], [13.6399078, 55.8576276], [13.6400806, 55.8576335], [13.640279, 55.8576545], [13.6408269, 55.8577437], [13.641098, 55.8577855], [13.6411908, 55.8577998]]}}, {"type": "Feature", "id": "27778065", "properties": {"osm_id": 27778065, "highway": "trunk", "int_ref": "E 22", "lanes": "1", "maxspeed": "100", "motorroad": "yes", "oneway": "yes", "ref": "E 22"}, "geometry": {"type": "LineString", "coordinates": [[13.647816, 55.862986], [13.6486512, 55.8633863], [13.6493757, 55.8637165], [13.6497435, 55.8638781], [13.6501947, 55.8640581], [13.6508355, 55.864298], [13.651261, 55.864446], [13.6518298, 55.8646315], [13.6525303, 55.8648357], [13.6531685, 55.8650085], [13.6537739, 55.8651538], [13.654389, 55.8652865], [13.6552758, 55.8654609]]}}, {"type": "Feature", "id": "32786517", "properties": {"osm_id": 32786517, "highway": "tertiary", "lanes": "2", "maxspeed": "40", "name": "Ystadsvägen", "surface": "asphalt"}, "geometry": {"type": "LineString", "coordinates": [[13.6561762, 55.8455203], [13.6563472, 55.8455415], [13.6566214, 55.8455777], [13.6569191, 55.8456361], [13.6579315, 55.845815], [13.6580071, 55.8458348], [13.6580789, 55.8458583], [13.6581464, 55.8458872]]}}, {"type": "Feature", "id": "35584637", "properties": {"osm_id": 35584637, "highway": "service", "service": "parking_aisle"}, "geometry": {"type": "LineString", "coordinates": [[13.6749605, 55.8508209], [13.6753311, 55.850341]]}}, {"type": "Feature", "id": "35584639", "properties": {"osm_id": 35584639, "access": "yes", "foot": "yes", "highway": "residential", "lit": "yes", "maxspeed": "40", "name": "Violgatan"}, "geometry": {"type": "LineString", "coordinates": [[13.6686582, 55.8503267], [13.671692, 55.8508994], [13.6717795, 55.8509436], [13.671802, 55.8510145], [13.6718113, 55.851505]]}}, {"type": "Feature", "id": "39391480", "properties": {"osm_id": 39391480, "highway": "living_street", "name": "Postmästaregatan", "oneway": "yes"}, "geometry": {"type": "LineString", "coordinates": [[13.661207, 55.8519354], [13.6615787, 55.8515365], [13.6616173, 55.8514955]]}}, {"type": "Feature", "id": "39391481", "properties": {"osm_id": 39391481, "access": "yes", "foot": "yes", "highway": "residential", "lit": "yes", "maxspeed": "40", "name": "Lundegårdsgatan"}, "geometry": {"type": "LineString", "coordinates": [[13.6632943, 55.8505924], [13.6627649, 55.8511114], [13.6622093, 55.851643], [13.6621677, 55.8516838]]}}, {"type": "Feature", "id": "39391482", "properties": {"osm_id": 39391482, "highway": "living_street", "lit": "yes", "name": "Nya Torg", "oneway": "yes", "surface": "sett"}, "geometry": {"type": "LineString", "coordinates": [[13.6603673, 55.8520496], [13.6604108, 55.8520439], [13.6604507, 55.8520387], [13.6610197, 55.8519638], [13.6611427, 55.8519451], [13.661207, 55.8519354]]}}, {"type": "Feature", "id": "39391483", "properties": {"osm_id": 39391483, "access": "yes", "foot": "yes", "highway": "residential", "lit": "yes", "maxspeed": "40", "name": "Magistergatan", "surface": "asphalt"}, "geometry": {"type": "LineString", "coordinates": [[13.6513699, 55.8503319], [13.6513506, 55.8503806], [13.6513615, 55.8511723], [13.651388, 55.8531021], [13.6513889, 55.8531655], [13.651405, 55.8543406], [13.6514101, 55.8547074], [13.6514163, 55.8551597]]}}, {"type": "Feature", "id": "39391484", "properties": {"osm_id": 39391484, "highway": "living_street", "lit": "yes", "name": "Gamla torg", "oneway": "yes", "surface": "sett"}, "geometry": {"type": "LineString", "coordinates": [[13.6609275, 55.8512596], [13.6608905, 55.8513042], [13.6604006, 55.8513898], [13.6601442, 55.851442]]}}, {"type": "Feature", "id": "39432369", "properties": {"osm_id": 39432369, "access": "yes", "foot": "yes", "highway": "residential", "lit": "yes", "maxspeed": "40", "name": "Skomakarevägen"}, "geometry": {"type": "LineString", "coordinates": [[13.6566214, 55.8455777], [13.6566252, 55.8452893], [13.6566681, 55.8450333], [13.656713, 55.8448866], [13.6567432, 55.8447382], [13.6568666, 55.8445153], [13.6570007, 55.8443527], [13.6571956, 55.8441897], [13.6576445, 55.843931], [13.6580522, 55.8437834], [13.6585671, 55.8436931], [13.6594791, 55.8435756], [13.6604421, 55.8434422], [13.6613935, 55.8433111], [13.6624463, 55.8431657], [13.6634075, 55.843033], [13.6643768, 55.8428991], [13.6653358, 55.8427667], [13.6656119, 55.8427277]]}}, {"type": "Feature", "id": "39432370", "properties": {"osm_id": 39432370, "access": "yes", "foot": "yes", "highway": "residential", "lit": "yes", "maxspeed": "40", "name": "Urmakarevägen"}, "geometry": {"type": "LineString", "coordinates": [[13.6649015, 55.8417908], [13.6653358, 55.8427667], [13.6655263, 55.8431947]]}}, {"type": "Feature", "id": "39432371", "properties": {"osm_id": 39432371, "highway": "tertiary", "maxspeed": "40", "name": "Ystadsvägen"}, "geometry": {"type": "LineString", "coordinates": [[13.6561762, 55.8455203], [13.6559607, 55.8451608], [13.655358, 55.8447592], [13.6550646, 55.8444566], [13.6549261, 55.8442557], [13.6548048, 55.8440376], [13.6547235, 55.8436674], [13.6547155, 55.8435595], [13.6547155, 55.8434157], [13.6547745, 55.8431389], [13.6548099, 55.8430229], [13.65488, 55.8428816], [13.6549458, 55.8427603], [13.6550506, 55.842612], [13.6553578, 55.8423249], [13.655724, 55.8420422], [13.656057, 55.8417594], [13.6565693, 55.8413549], [13.6567248, 55.8412276], [13.6568327, 55.8411386], [13.657463, 55.8406229], [13.6578062, 55.8403376], [13.6581962, 55.839968], [13.6583723, 55.8397755], [13.6587671, 55.8392527]]}}, {"type": "Feature", "id": "39432372", "properties": {"osm_id": 39432372, "highway": "unclassified", "name": "Fabriksgatan"}, "geometry": {"type": "LineString", "coordinates": [[13.6738724, 55.8571362], [13.6736365, 55.8572632], [13.6734348, 55.8573251], [13.6732247, 55.857357], [13.6714141, 55.8572925], [13.6682025, 55.8571592]]}}, {"type": "Feature", "id": "39482728", "properties": {"osm_id": 39482728, "access": "yes", "foot": "yes", "highway": "residential", "lit": "yes", "maxspeed": "40", "name": "Frostagatan"}, "geometry": {"type": "LineString", "coordinates": [[13.6702318, 55.8477484], [13.6692783, 55.8493107], [13.6692343, 55.8493827], [13.6690426, 55.8496968], [13.6686582, 55.8503267], [13.6683516, 55.850829], [13.6679736, 55.8514483], [13.6676328, 55.8520409], [13.6674682, 55.8523159], [13.6673141, 55.8525774], [13.666934, 55.8531469], [13.6668406, 55.8533013], [13.6668112, 55.8533406]]}}, {"type": "Feature", "id": "39482730", "properties": {"osm_id": 39482730, "access": "yes", "foot": "yes", "highway": "residential", "lit": "yes", "maxspeed": "40", "name": "Lyckhöjdsgatan"}, "geometry": {"type": "LineString", "coordinates": [[13.6673141, 55.8525774], [13.6675841, 55.8526529], [13.6676449, 55.852675], [13.6677302, 55.8527061], [13.6678849, 55.8527625], [13.6681433, 55.8528567], [13.6684354, 55.8529631], [13.6685659, 55.8530107], [13.6693875, 55.8533101], [13.6703367, 55.853656], [13.6704969, 55.8536899]]}}, {"type": "Feature", "id": "39482733", "properties": {"osm_id": 39482733, "access": "yes", "foot": "yes", "highway": "residential", "lit": "yes", "maxspeed": "40", "name": "Näckrosgatan"}, "geometry": {"type": "LineString", "coordinates": [[13.6687984, 55.8474597], [13.6702318, 55.8477484], [13.6710499, 55.8479093], [13.6718568, 55.8480561], [13.672647, 55.8482018], [13.6728995, 55.848217], [13.6738632, 55.8482269], [13.6749741, 55.8482379], [13.6755278, 55.8482487], [13.6759669, 55.8482267], [13.6773745, 55.8479644], [13.678155, 55.847834], [13.6787945, 55.8477272]]}}, {"type": "Feature", "id": "39482734", "properties": {"osm_id": 39482734, "access": "yes", "foot": "yes", "highway": "residential", "lit": "yes", "maxspeed": "40", "name": "Slångatan"}, "geometry": {"type": "LineString", "coordinates": [[13.6709939, 55.8520468], [13.6707143, 55.8530005], [13.670629, 55.8532709], [13.6704969, 55.8536899], [13.6704761, 55.8537765], [13.6704506, 55.8538828], [13.670388, 55.8541431], [13.6703118, 55.8544104], [13.6702283, 55.8545472], [13.6701585, 55.8546151], [13.6700806, 55.854682], [13.6700317, 55.8547208]]}}, {"type": "Feature", "id": "39484261", "properties": {"osm_id": 39484261, "access": "yes", "foot": "yes", "highway": "residential", "lit": "yes", "maxspeed": "40", "name": "Anemongatan"}, "geometry": {"type": "LineString", "coordinates": [[13.6718568, 55.8480561], [13.6716219, 55.8496366], [13.671587, 55.8497567]]}}, {"type": "Feature", "id": "39484262", "properties": {"osm_id": 39484262, "access": "yes", "foot": "yes", "highway": "residential", "lit": "yes", "maxspeed": "40", "name": "Liljegatan"}, "geometry": {"type": "LineString", "coordinates": [[13.6728438, 55.8524202], [13.6709939, 55.8520468], [13.6700607, 55.8518619], [13.6679736, 55.8514483], [13.6667101, 55.8512028], [13.6665641, 55.8511744], [13.664924, 55.8508556], [13.6645565, 55.8507956], [13.6643915, 55.850767], [13.6636949, 55.8506491], [13.6632943, 55.8505924], [13.6630138, 55.8500994]]}}, {"type": "Feature", "id": "39485039", "properties": {"osm_id": 39485039, "access": "yes", "foot": "yes", "highway": "residential", "lit": "yes", "maxspeed": "40", "name": "Sädebäcksgatan"}, "geometry": {"type": "LineString", "coordinates": [[13.6678472, 55.8490342], [13.6671162, 55.8488934], [13.6668586, 55.8488437], [13.6664945, 55.8487736], [13.6663959, 55.8487306], [13.666337, 55.8487049]]}}, {"type": "Feature", "id": "39487584", "properties": {"osm_id": 39487584, "access": "yes", "foot": "yes", "highway": "residential", "lit": "yes", "maxspeed": "40", "name": "Byggmästaregatan", "surface": "asphalt"}, "geometry": {"type": "LineString", "coordinates": [[13.6424608, 55.8552963], [13.6428727, 55.8553844], [13.6432324, 55.8554346], [13.643621, 55.8554583], [13.6440205, 55.8554653], [13.6442404, 55.8554642], [13.6454269, 55.8554144], [13.6462558, 55.8553753], [13.6473048, 55.8553258], [13.647909, 55.8552991], [13.6488523, 55.8552301], [13.6491117, 55.8552095], [13.6495557, 55.8551762], [13.6501163, 55.855143], [13.650896, 55.855153], [13.6514163, 55.8551597], [13.6525845, 55.8551665], [13.6527219, 55.8551685], [13.6537775, 55.855175], [13.6539015, 55.855176], [13.6545816, 55.8551777], [13.6552103, 55.8551793]]}}, {"type": "Feature", "id": "39487585", "properties": {"osm_id": 39487585, "access": "yes", "foot": "yes", "highway": "residential", "lit": "yes", "maxspeed": "40", "name": "Kvarngatan"}, "geometry": {"type": "LineString", "coordinates": [[13.6552103, 55.8551793], [13.6553563, 55.8551748], [13.6572778, 55.8548041], [13.6589099, 55.8545], [13.661071, 55.854082]]}}, {"type": "Feature", "id": "39487710", "properties": {"osm_id": 39487710, "access": "yes", "foot": "yes", "highway": "residential", "lit": "yes", "maxspeed": "40", "name": "Piongatan"}, "geometry": {"type": "LineString", "coordinates": [[13.6683516, 55.850829], [13.6718113, 55.851505], [13.6726639, 55.8516667], [13.6727759, 55.8517027], [13.6728223, 55.8517939], [13.6728438, 55.8524202], [13.6728675, 55.852713], [13.6729186, 55.8531303], [13.6728871, 55.853219]]}}, {"type": "Feature", "id": "39487712", "properties": {"osm_id": 39487712, "highway": "living_street", "lit": "yes", "name": "Nygatan", "surface": "sett"}, "geometry": {"type": "LineString", "coordinates": [[13.6600484, 55.8511743], [13.6601442, 55.851442]]}}, {"type": "Feature", "id": "39487713", "properties": {"osm_id": 39487713, "access": "yes", "foot": "yes", "highway": "residential", "lit": "yes", "maxspeed": "40", "name": "Ernst Ahlgrens gata"}, "geometry": {"type": "LineString", "coordinates": [[13.6552828, 55.8532093], [13.6554567, 55.8531763], [13.6578295, 55.8527328], [13.6604345, 55.8522339]]}}, {"type": "Feature", "id": "39487714", "properties": {"osm_id": 39487714, "access": "yes", "foot": "yes", "highway": "residential", "lit": "yes", "maxspeed": "40", "name": "Skolgatan"}, "geometry": {"type": "LineString", "coordinates": [[13.6513889, 55.8531655], [13.6526829, 55.8531885], [13.6528266, 55.8531907], [13.6529625, 55.8531927], [13.6538366, 55.8532058], [13.6539797, 55.853208], [13.6551512, 55.8532092], [13.6552828, 55.8532093]]}}, {"type": "Feature", "id": "39487715", "properties": {"osm_id": 39487715, "foot": "yes", "highway": "cycleway", "name": "Komministergatan"}, "geometry": {"type": "LineString", "coordinates": [[13.6526805, 55.8513284], [13.6526939, 55.8512724], [13.6526939, 55.8507046], [13.6526914, 55.8506191], [13.6526913, 55.8505684]]}}, {"type": "Feature", "id": "39487716", "properties": {"osm_id": 39487716, "access": "yes", "foot": "yes", "highway": "residential", "lit": "yes", "maxspeed": "40", "name": "Komministergatan"}, "geometry": {"type": "LineString", "coordinates": [[13.6526805, 55.8513284], [13.6526732, 55.8513878], [13.6526829, 55.8531885], [13.6527174, 55.8549625], [13.6527219, 55.8551685]]}}, {"type": "Feature", "id": "39487717", "properties": {"osm_id": 39487717, "access": "yes", "foot": "yes", "highway": "residential", "lit": "yes", "maxspeed": "40", "name": "Elevgatan"}, "geometry": {"type": "LineString", "coordinates": [[13.6513615, 55.8511723], [13.6525421, 55.851315], [13.6526805, 55.8513284]]}}, {"type": "Feature", "id": "39487718", "properties": {"osm_id": 39487718, "access": "yes", "cycleway:left": "track", "cycleway:left:segregated": "no", "cycleway:right": "no", "foot": "yes", "highway": "residential", "lit": "yes", "maxspeed": "40", "name": "Norregatan", "sidewalk:left": "yes"}, "geometry": {"type": "LineString", "coordinates": [[13.6554274, 55.850864], [13.6553561, 55.8515607], [13.6553543, 55.8516335], [13.6553339, 55.8523989], [13.6552863, 55.853117], [13.6552828, 55.8532093], [13.6552804, 55.8532745], [13.6552618, 55.8538086], [13.6552354, 55.8545158], [13.6552269, 55.8548444], [13.6552103, 55.8551793], [13.6552087, 55.8552536], [13.6551993, 55.8556998], [13.6551995, 55.8560138], [13.6552032, 55.8560652], [13.6552105, 55.8561675], [13.6552322, 55.8562237], [13.6552763, 55.8563377], [13.6554128, 55.8565756], [13.6554969, 55.8567217]]}}, {"type": "Feature", "id": "39487777", "properties": {"osm_id": 39487777, "access": "no", "bicycle": "yes", "bridge": "yes", "foot": "yes", "highway": "living_street", "layer": "1", "lit": "yes", "name": "Ystadsvägen"}, "geometry": {"type": "LineString", "coordinates": [[13.6609116, 55.8497559], [13.6606712, 55.849391]]}}, {"type": "Feature", "id": "39487778", "properties": {"osm_id": 39487778, "access": "yes", "foot": "yes", "highway": "residential", "lit": "yes", "maxspeed": "40", "name": "Råbygatan"}, "geometry": {"type": "LineString", "coordinates": [[13.6630138, 55.8500994], [13.6631981, 55.8500399], [13.6641535, 55.8498642], [13.6643624, 55.8497903], [13.6650126, 55.8494327], [13.6652554, 55.8492994], [13.6653888, 55.8492261], [13.666337, 55.8487049], [13.6667372, 55.8485], [13.6676744, 55.8479538], [13.667791, 55.8478535], [13.6678311, 55.8477549], [13.6678757, 55.8476454]]}}, {"type": "Feature", "id": "39491333", "properties": {"osm_id": 39491333, "access": "yes", "foot": "yes", "highway": "residential", "lit": "yes", "maxspeed": "40", "name": "Torggatan"}, "geometry": {"type": "LineString", "coordinates": [[13.6552618, 55.8538086], [13.6554738, 55.8538002], [13.6565331, 55.8535985]]}}, {"type": "Feature", "id": "39491334", "properties": {"osm_id": 39491334, "access": "yes", "foot": "yes", "highway": "residential", "lit": "yes", "maxspeed": "40", "name": "Vallgatan"}, "geometry": {"type": "LineString", "coordinates": [[13.6641223, 55.854853], [13.6640407, 55.8548624], [13.6637357, 55.854899], [13.6626185, 55.8551241], [13.6615623, 55.8553368], [13.6609773, 55.8554547], [13.6604792, 55.855555], [13.6596816, 55.8557157], [13.6595155, 55.8557492], [13.6580825, 55.8560378], [13.6554128, 55.8565756]]}}, {"type": "Feature", "id": "39491336", "properties": {"osm_id": 39491336, "access": "yes", "foot": "yes", "highway": "residential", "lit": "yes", "maxspeed": "40", "name": "Tingsgatan"}, "geometry": {"type": "LineString", "coordinates": [[13.6626185, 55.8551241], [13.6625785, 55.854983], [13.6625729, 55.8532509], [13.6625524, 55.8520789], [13.6626383, 55.8518943], [13.6626684, 55.851855]]}}, {"type": "Feature", "id": "39491337", "properties": {"osm_id": 39491337, "highway": "residential", "lit": "yes", "maxspeed": "40", "name": "Möllegatan", "oneway": "yes", "surface": "asphalt"}, "geometry": {"type": "LineString", "coordinates": [[13.6640396, 55.8533625], [13.6650878, 55.8535374]]}}, {"type": "Feature", "id": "39491840", "properties": {"osm_id": 39491840, "access": "yes", "foot": "yes", "highway": "residential", "lit": "yes", "maxspeed": "40", "name": "Prostgatan"}, "geometry": {"type": "LineString", "coordinates": [[13.6552354, 55.8545158], [13.6554209, 55.8545049], [13.6569221, 55.8542118]]}}, {"type": "Feature", "id": "39498419", "properties": {"osm_id": 39498419, "cycleway:left": "lane", "cycleway:right": "no", "highway": "unclassified", "lane_markings": "no", "lit": "yes", "maxspeed": "40", "name": "Parkgatan", "sidewalk": "left", "surface": "asphalt"}, "geometry": {"type": "LineString", "coordinates": [[13.6560701, 55.8582377], [13.6574379, 55.8581634], [13.6583881, 55.8581186], [13.6594466, 55.858077], [13.6597731, 55.8581236], [13.6599957, 55.8581593], [13.6602439, 55.8582036], [13.6630127, 55.8582089], [13.6633812, 55.8582052], [13.6641295, 55.8581976], [13.6642331, 55.8581966], [13.6658225, 55.858196], [13.6681315, 55.8581772], [13.6729849, 55.8581922], [13.6732384, 55.858152], [13.673492, 55.8580596], [13.6743088, 55.8575385], [13.6744955, 55.8574447]]}}, {"type": "Feature", "id": "39530470", "properties": {"osm_id": 39530470, "access": "yes", "foot": "yes", "highway": "residential", "lit": "yes", "maxspeed": "40", "name": "Mejerigatan", "surface": "asphalt"}, "geometry": {"type": "LineString", "coordinates": [[13.6641486, 55.8549933], [13.6648728, 55.8549481], [13.6654469, 55.8549341]]}}, {"type": "Feature", "id": "39530471", "properties": {"osm_id": 39530471, "access": "no", "foot": "no", "highway": "residential", "lit": "yes", "maxspeed": "40", "motor_vehicle": "no", "name": "Industrigatan", "surface": "asphalt"}, "geometry": {"type": "LineString", "coordinates": [[13.6650042, 55.8556882], [13.6650339, 55.8556369], [13.6652285, 55.8553012]]}}, {"type": "Feature", "id": "39530924", "properties": {"osm_id": 39530924, "access": "yes", "foot": "yes", "highway": "residential", "lit": "yes", "maxspeed": "40", "name": "Bollhusgatan"}, "geometry": {"type": "LineString", "coordinates": [[13.6596816, 55.8557157], [13.6595202, 55.8554684], [13.6592794, 55.8550996], [13.6589099, 55.8545], [13.6585394, 55.8538961]]}}, {"type": "Feature", "id": "39530927", "properties": {"osm_id": 39530927, "access": "yes", "cycleway:both": "no", "foot": "yes", "highway": "residential", "lit": "yes", "maxspeed": "40", "name": "Västergatan", "sidewalk": "both", "surface": "asphalt"}, "geometry": {"type": "LineString", "coordinates": [[13.6553339, 55.8523989], [13.6555248, 55.8524019], [13.657392, 55.8520618], [13.6584332, 55.8518676], [13.660172, 55.8515434]]}}, {"type": "Feature", "id": "39531087", "properties": {"osm_id": 39531087, "access": "yes", "foot": "yes", "highway": "residential", "lit": "yes", "maxspeed": "40", "name": "Gelbgjutarevägen"}, "geometry": {"type": "LineString", "coordinates": [[13.6640206, 55.8523312], [13.6640495, 55.8522805], [13.664305, 55.8518799], [13.6644474, 55.8516331], [13.6646545, 55.8512952], [13.664924, 55.8508556], [13.6650915, 55.850597], [13.6653569, 55.8501494]]}}, {"type": "Feature", "id": "39531088", "properties": {"osm_id": 39531088, "cycleway:left": "separate", "cycleway:right": "no", "highway": "secondary", "lane_markings": "no", "maxspeed": "40", "name": "Slagtoftavägen", "ref": "M 1335", "sidewalk:right": "yes", "surface": "asphalt"}, "geometry": {"type": "LineString", "coordinates": [[13.6640206, 55.8523312], [13.664018, 55.8523804], [13.6640358, 55.8532291], [13.6640396, 55.8533625], [13.6640929, 55.8543988], [13.6641066, 55.8547303], [13.6641223, 55.854853], [13.6641486, 55.8549933], [13.6641958, 55.8555952], [13.6641986, 55.8564749], [13.6642331, 55.8581966], [13.6642671, 55.8590418], [13.6642991, 55.8598608], [13.6643519, 55.8611538], [13.664342, 55.8615498], [13.6642866, 55.8618898]]}}, {"type": "Feature", "id": "39531667", "properties": {"osm_id": 39531667, "access": "yes", "foot": "yes", "highway": "residential", "lit": "yes", "maxspeed": "40", "name": "Rosengatan"}, "geometry": {"type": "LineString", "coordinates": [[13.6728871, 55.853219], [13.6727189, 55.853213], [13.6723585, 55.8531748], [13.6720696, 55.8531441], [13.6707143, 55.8530005], [13.6701615, 55.8529504], [13.669973, 55.8529132], [13.6681871, 55.8521887], [13.6679803, 55.852119], [13.6676328, 55.8520409]]}}, {"type": "Feature", "id": "39531742", "properties": {"osm_id": 39531742, "access": "yes", "foot": "yes", "highway": "residential", "lit": "yes", "maxspeed": "40", "name": "Tulpangatan"}, "geometry": {"type": "LineString", "coordinates": [[13.6704098, 55.8495293], [13.6710499, 55.8479093]]}}, {"type": "Feature", "id": "39531978", "properties": {"osm_id": 39531978, "access": "yes", "foot": "yes", "highway": "residential", "lit": "yes", "maxspeed": "40", "name": "Solrosgatan"}, "geometry": {"type": "LineString", "coordinates": [[13.6738632, 55.8482269], [13.6739058, 55.8486794], [13.6739255, 55.8496184], [13.6746957, 55.8495845], [13.6749306, 55.8495513], [13.6750191, 55.849515], [13.6750925, 55.849433], [13.6751835, 55.8491449], [13.6752008, 55.8488152], [13.6751864, 55.8487642], [13.6751458, 55.8487347], [13.6750981, 55.848716], [13.6750559, 55.8487013], [13.6749741, 55.8486911], [13.6739058, 55.8486794]]}}, {"type": "Feature", "id": "39532225", "properties": {"osm_id": 39532225, "access": "yes", "foot": "yes", "highway": "residential", "lit": "yes", "maxspeed": "40", "name": "Floragatan"}, "geometry": {"type": "LineString", "coordinates": [[13.672647, 55.8482018], [13.6726972, 55.8498169], [13.6726313, 55.8499585]]}}, {"type": "Feature", "id": "39532337", "properties": {"osm_id": 39532337, "access": "yes", "foot": "yes", "highway": "residential", "lit": "yes", "maxspeed": "40", "name": "Filaregatan"}, "geometry": {"type": "LineString", "coordinates": [[13.6686682, 55.8633012], [13.6679792, 55.8630094], [13.6674938, 55.8628175], [13.6673073, 55.86274], [13.6660269, 55.8622122], [13.6659135, 55.8621273], [13.6658263, 55.8620529], [13.6657823, 55.8619144], [13.6658009, 55.8613743], [13.6658262, 55.8602889], [13.6658357, 55.8598823], [13.6658507, 55.8592409], [13.6658225, 55.858196]]}}, {"type": "Feature", "id": "39532585", "properties": {"osm_id": 39532585, "access": "yes", "foot": "yes", "highway": "residential", "lit": "yes", "maxspeed": "40", "name": "Christian Kruses Väg"}, "geometry": {"type": "LineString", "coordinates": [[13.6440205, 55.8554653], [13.6440087, 55.8553601], [13.6439985, 55.8552783], [13.6439636, 55.8549891], [13.6438918, 55.8543902], [13.6438632, 55.8541645], [13.6438393, 55.8539543], [13.6438441, 55.8538633], [13.6438536, 55.8538191], [13.6438751, 55.8537428], [13.6439037, 55.8536692], [13.6439705, 55.8535179], [13.6440433, 55.8533548], [13.644538, 55.8523729], [13.6448249, 55.8518084], [13.6451063, 55.8512542], [13.645318, 55.8508692], [13.6453467, 55.8508237], [13.6453872, 55.8507822], [13.6454254, 55.850746], [13.6454612, 55.8507219], [13.6455017, 55.8506992], [13.6455566, 55.8506711], [13.645609, 55.8506483], [13.6456544, 55.8506282], [13.6457116, 55.8506095], [13.6457617, 55.8505947], [13.6458309, 55.8505787], [13.6458953, 55.850568], [13.6459501, 55.8505586], [13.6460169, 55.8505519], [13.6460885, 55.8505479], [13.6461529, 55.8505465], [13.6462173, 55.8505479], [13.6462936, 55.8505492], [13.6463485, 55.8505546], [13.6486062, 55.8508502], [13.648718, 55.8508648], [13.6489341, 55.8508931], [13.6500061, 55.8510224], [13.6513615, 55.8511723]]}}, {"type": "Feature", "id": "39532624", "properties": {"osm_id": 39532624, "access": "yes", "foot": "yes", "highway": "residential", "lit": "yes", "maxspeed": "40", "name": "Rektorsgatan"}, "geometry": {"type": "LineString", "coordinates": [[13.6539797, 55.853208], [13.6539072, 55.8549668], [13.6539015, 55.855176]]}}, {"type": "Feature", "id": "39595897", "properties": {"osm_id": 39595897, "access": "yes", "foot": "yes", "highway": "residential", "lit": "yes", "maxspeed": "40", "name": "Grönegatan"}, "geometry": {"type": "LineString", "coordinates": [[13.6569191, 55.8456361], [13.6569147, 55.8456926], [13.6569952, 55.8460178], [13.6577013, 55.8479633], [13.6583496, 55.8497697]]}}, {"type": "Feature", "id": "39595898", "properties": {"osm_id": 39595898, "access": "yes", "foot": "yes", "highway": "residential", "lit": "yes", "maxspeed": "40", "name": "Humlegatan"}, "geometry": {"type": "LineString", "coordinates": [[13.6569952, 55.8460178], [13.6556005, 55.8461694], [13.6544751, 55.8461037], [13.6541653, 55.846079], [13.6533316, 55.8460126], [13.6527679, 55.845984], [13.6516643, 55.845928], [13.6504067, 55.8457859], [13.6498659, 55.8457092]]}}, {"type": "Feature", "id": "39595899", "properties": {"osm_id": 39595899, "access": "yes", "foot": "yes", "highway": "residential", "lit": "yes", "maxspeed": "40", "name": "Villagatan"}, "geometry": {"type": "LineString", "coordinates": [[13.6544751, 55.8461037], [13.6545591, 55.8463382], [13.6548099, 55.8470378], [13.6550891, 55.8478169], [13.6552349, 55.8482237]]}}, {"type": "Feature", "id": "39595901", "properties": {"osm_id": 39595901, "access": "yes", "foot": "yes", "highway": "residential", "lit": "yes", "maxspeed": "40", "name": "Dalgatan"}, "geometry": {"type": "LineString", "coordinates": [[13.6533316, 55.8460126], [13.6537317, 55.8471671], [13.6540005, 55.8479423], [13.6541401, 55.8483452]]}}, {"type": "Feature", "id": "39595902", "properties": {"osm_id": 39595902, "access": "yes", "foot": "yes", "highway": "residential", "lit": "yes", "maxspeed": "40", "name": "Strömgatan"}, "geometry": {"type": "LineString", "coordinates": [[13.6595158, 55.8496432], [13.6583496, 55.8497697], [13.6570205, 55.8496532], [13.6568898, 55.8496229]]}}, {"type": "Feature", "id": "39595903", "properties": {"osm_id": 39595903, "access": "yes", "foot": "yes", "highway": "residential", "lit": "yes", "maxspeed": "40", "name": "Ängsgatan"}, "geometry": {"type": "LineString", "coordinates": [[13.6568898, 55.8496229], [13.6568291, 55.8495287], [13.6563452, 55.8481859], [13.6563168, 55.8481069], [13.6562891, 55.848032], [13.6556005, 55.8461694], [13.6554089, 55.8455832], [13.655408, 55.8454922], [13.6554007, 55.845478], [13.6553972, 55.8454335]]}}, {"type": "Feature", "id": "39596442", "properties": {"osm_id": 39596442, "access": "yes", "foot": "yes", "highway": "residential", "lit": "yes", "maxspeed": "40", "name": "Gurkanvägen"}, "geometry": {"type": "LineString", "coordinates": [[13.6740816, 55.8434176], [13.6741487, 55.8434354], [13.6751452, 55.8438334], [13.6757036, 55.8440524], [13.6761611, 55.8442288], [13.6771613, 55.8446532], [13.6774035, 55.8447505], [13.6775122, 55.8447757], [13.677569, 55.8447798], [13.6776665, 55.8447773]]}}, {"type": "Feature", "id": "39596443", "properties": {"osm_id": 39596443, "highway": "unclassified", "surface": "gravel"}, "geometry": {"type": "LineString", "coordinates": [[13.6776665, 55.8447773], [13.677778, 55.8447453], [13.6779223, 55.8446805], [13.6780432, 55.8446313], [13.6781419, 55.8446008], [13.678238, 55.8445817], [13.6783597, 55.8445734], [13.6784465, 55.8445737], [13.6786088, 55.8445745], [13.6791551, 55.8446144], [13.6798562, 55.8446656], [13.6803733, 55.8446987], [13.6807609, 55.8447173], [13.6809895, 55.8447071], [13.6814291, 55.8446812], [13.6816925, 55.8446544], [13.683872, 55.8444967], [13.6840067, 55.8445102], [13.6840729, 55.8445204], [13.6842637, 55.8445378], [13.6847026, 55.8445726], [13.6853323, 55.8446409], [13.6858522, 55.8446985], [13.686513, 55.8447601], [13.6867109, 55.8447802], [13.6869518, 55.8448136], [13.68777, 55.8448913], [13.6885452, 55.8449837], [13.6891272, 55.8450587], [13.6898451, 55.8451498], [13.6903866, 55.8452234], [13.6912477, 55.8453306], [13.6918869, 55.8454069], [13.6929221, 55.8455462], [13.6932012, 55.8455877], [13.6936138, 55.8456332], [13.6944313, 55.8457305], [13.6946156, 55.8457524], [13.6948613, 55.8457885], [13.6950068, 55.8458006], [13.6951261, 55.84581], [13.6952024, 55.8458126], [13.6952525, 55.8458086], [13.695305, 55.8458019], [13.6953455, 55.8457885], [13.6953884, 55.8457658], [13.6954195, 55.845743], [13.6954505, 55.8457109], [13.6954791, 55.8456747], [13.6954934, 55.8456506], [13.6955149, 55.8456037], [13.6955435, 55.845506], [13.6956508, 55.8452435], [13.6956883, 55.8451552], [13.6957367, 55.8450413], [13.6958297, 55.8448404], [13.6959165, 55.8446562], [13.6959514, 55.844582], [13.6960253, 55.8444467], [13.6961207, 55.8442432], [13.6962948, 55.8439084], [13.6964713, 55.8435736], [13.6966145, 55.8432749], [13.6967266, 55.8429897], [13.6968097, 55.8428005], [13.6968983, 55.8425986], [13.6970176, 55.8423495], [13.6972155, 55.8419156], [13.6974088, 55.8414776], [13.6975542, 55.8411843], [13.6975736, 55.8411221]]}}, {"type": "Feature", "id": "44498313", "properties": {"osm_id": 44498313, "highway": "service"}, "geometry": {"type": "LineString", "coordinates": [[13.6583723, 55.8397755], [13.658446, 55.8398018], [13.6588876, 55.8399592], [13.6593083, 55.8400902], [13.6594625, 55.840155], [13.6595539, 55.8402243], [13.6597184, 55.8407035]]}}, {"type": "Feature", "id": "44498314", "properties": {"osm_id": 44498314, "bicycle": "designated", "foot": "designated", "highway": "path", "segregated": "no", "surface": "asphalt"}, "geometry": {"type": "LineString", "coordinates": [[13.6597184, 55.8407035], [13.6603358, 55.8407164], [13.6607519, 55.8406962], [13.6609109, 55.8406717], [13.66124, 55.8407614], [13.6617429, 55.8409603], [13.6623397, 55.841008], [13.6633452, 55.8411489], [13.6639193, 55.8412003], [13.6644249, 55.8412], [13.6644774, 55.8412157], [13.6646165, 55.8412572], [13.6647648, 55.8414195], [13.6649015, 55.8417908]]}}, {"type": "Feature", "id": "44499440", "properties": {"osm_id": 44499440, "access": "yes", "foot": "yes", "highway": "residential", "lit": "yes", "maxspeed": "40", "name": "Lärkvägen"}, "geometry": {"type": "LineString", "coordinates": [[13.647909, 55.8552991], [13.6478762, 55.8551003], [13.6478454, 55.8540035]]}}, {"type": "Feature", "id": "44499441", "properties": {"osm_id": 44499441, "access": "yes", "foot": "yes", "highway": "residential", "lit": "yes", "maxspeed": "40", "name": "Domängatan"}, "geometry": {"type": "LineString", "coordinates": [[13.6501163, 55.855143], [13.6500878, 55.8533574]]}}, {"type": "Feature", "id": "44499442", "properties": {"osm_id": 44499442, "bicycle": "designated", "foot": "designated", "highway": "path"}, "geometry": {"type": "LineString", "coordinates": [[13.6697047, 55.8426967], [13.6692572, 55.8425781], [13.6690759, 55.8426205], [13.6684837, 55.8428193], [13.6680264, 55.843058], [13.6677432, 55.8432008], [13.6674943, 55.8433745], [13.6673948, 55.843471], [13.6673548, 55.8435237], [13.667304, 55.8435891], [13.6672775, 55.8436449], [13.6672418, 55.8437484], [13.6672003, 55.843852], [13.6671481, 55.8439148], [13.6671302, 55.8439276], [13.667078, 55.843965], [13.6670368, 55.8439852]]}}, {"type": "Feature", "id": "44499443", "properties": {"osm_id": 44499443, "access": "yes", "foot": "yes", "highway": "residential", "lit": "yes", "maxspeed": "40", "name": "Ekerödsgatan"}, "geometry": {"type": "LineString", "coordinates": [[13.6498377, 55.8451912], [13.649847, 55.8452343], [13.6498659, 55.8457092], [13.6497262, 55.8459998], [13.6494959, 55.8464789], [13.6493692, 55.8467426], [13.649214, 55.8470191], [13.6490302, 55.8473268], [13.6494912, 55.8474091], [13.649548, 55.8474298], [13.6495616, 55.8474554], [13.6495005, 55.8475403], [13.6494616, 55.8475654], [13.6494054, 55.8475751], [13.648917, 55.8474962], [13.6490302, 55.8473268]]}}, {"type": "Feature", "id": "44499446", "properties": {"osm_id": 44499446, "highway": "service", "service": "parking_aisle"}, "geometry": {"type": "LineString", "coordinates": [[13.6553561, 55.8515607], [13.6547043, 55.8515587], [13.6547027, 55.8516196], [13.6541953, 55.8516158], [13.6541972, 55.8515057], [13.6547055, 55.8515088], [13.6547043, 55.8515587]]}}, {"type": "Feature", "id": "44499447", "properties": {"osm_id": 44499447, "highway": "service", "name": "Komministergatan"}, "geometry": {"type": "LineString", "coordinates": [[13.6527219, 55.8551685], [13.6527559, 55.8557448], [13.652694, 55.8558493], [13.652468, 55.8560679], [13.6523363, 55.8561681], [13.6521564, 55.8562291], [13.6519932, 55.8562614], [13.6517593, 55.8563], [13.6516305, 55.856355], [13.6514767, 55.8564662]]}}, {"type": "Feature", "id": "44499448", "properties": {"osm_id": 44499448, "highway": "service"}, "geometry": {"type": "LineString", "coordinates": [[13.6545943, 55.8583159], [13.6545962, 55.858552]]}}, {"type": "Feature", "id": "44499449", "properties": {"osm_id": 44499449, "access": "yes", "cycleway:left": "track", "cycleway:left:segregated": "no", "cycleway:right": "no", "foot": "yes", "highway": "residential", "lane_markings": "no", "lit": "yes", "maxspeed": "40", "name": "Bangatan", "sidewalk:left": "yes", "surface": "asphalt"}, "geometry": {"type": "LineString", "coordinates": [[13.6559056, 55.8573367], [13.654998, 55.8575309]]}}, {"type": "Feature", "id": "44499450", "properties": {"osm_id": 44499450, "access": "yes", "foot": "yes", "highway": "residential", "lit": "yes", "maxspeed": "40", "name": "Syregatan"}, "geometry": {"type": "LineString", "coordinates": [[13.6546303, 55.8576254], [13.6546042, 55.8576745], [13.6545943, 55.8583159]]}}, {"type": "Feature", "id": "44499451", "properties": {"osm_id": 44499451, "access": "yes", "foot": "yes", "highway": "residential", "lit": "yes", "maxspeed": "40", "name": "Ryttersgatan"}, "geometry": {"type": "LineString", "coordinates": [[13.6569221, 55.8542118], [13.6572778, 55.8548041], [13.6576818, 55.8554073], [13.6580825, 55.8560378], [13.6583235, 55.8563568], [13.6586536, 55.8567963]]}}, {"type": "Feature", "id": "44499452", "properties": {"osm_id": 44499452, "access": "yes", "cycleway:both": "no", "foot": "yes", "highway": "residential", "lit": "yes", "maxspeed": "40", "name": "Idrottsgatan"}, "geometry": {"type": "LineString", "coordinates": [[13.6599957, 55.8581593], [13.6600771, 55.8583312], [13.6606123, 55.8590582], [13.6611682, 55.8598419], [13.6611972, 55.8598828], [13.6614226, 55.8602006]]}}, {"type": "Feature", "id": "44499453", "properties": {"osm_id": 44499453, "highway": "service", "oneway": "yes", "service": "parking_aisle"}, "geometry": {"type": "LineString", "coordinates": [[13.6600771, 55.8583312], [13.6589136, 55.8585358], [13.6588302, 55.8584439], [13.6588544, 55.8583957], [13.6596966, 55.8582302], [13.6597136, 55.8582111], [13.6597731, 55.8581236]]}}, {"type": "Feature", "id": "44499519", "properties": {"osm_id": 44499519, "access": "yes", "foot": "yes", "highway": "residential", "lit": "yes", "maxspeed": "40", "name": "Videgatan"}, "geometry": {"type": "LineString", "coordinates": [[13.6745116, 55.8548626], [13.6748689, 55.8537537]]}}, {"type": "Feature", "id": "44499520", "properties": {"osm_id": 44499520, "highway": "footway"}, "geometry": {"type": "LineString", "coordinates": [[13.6747251, 55.8529637], [13.675061, 55.852982]]}}, {"type": "Feature", "id": "44499521", "properties": {"osm_id": 44499521, "bicycle": "designated", "foot": "designated", "highway": "path", "segregated": "no", "source": "NVDB"}, "geometry": {"type": "LineString", "coordinates": [[13.6748689, 55.8537537], [13.6747998, 55.8536132], [13.6747148, 55.8534404], [13.6746649, 55.853049], [13.6747251, 55.8529637], [13.6748779, 55.8528902], [13.6749392, 55.8527318]]}}, {"type": "Feature", "id": "44860022", "properties": {"osm_id": 44860022, "highway": "primary", "lanes": "2", "maxspeed": "60", "ref": "13", "surface": "asphalt"}, "geometry": {"type": "LineString", "coordinates": [[13.6411908, 55.8577998], [13.6411432, 55.8578877], [13.6408355, 55.8583854], [13.6404141, 55.8590065]]}}, {"type": "Feature", "id": "45267335", "properties": {"osm_id": 45267335, "highway": "secondary", "maxspeed": "70", "name": "Osbyholm Banvallsvägen", "oneway": "yes", "ref": "M 1134", "surface": "asphalt"}, "geometry": {"type": "LineString", "coordinates": [[13.6436684, 55.849266], [13.6440099, 55.8492882], [13.6442433, 55.8492861], [13.6444731, 55.8492698], [13.6446628, 55.8492452], [13.6449812, 55.8491866]]}}, {"type": "Feature", "id": "45267337", "properties": {"osm_id": 45267337, "highway": "secondary", "maxspeed": "70", "name": "Hörbyvägen", "ref": "M 1119", "surface": "paved"}, "geometry": {"type": "LineString", "coordinates": [[13.625817, 55.8392277], [13.6259841, 55.8392942], [13.6262265, 55.8394189], [13.6272235, 55.8400275], [13.6286738, 55.8405455], [13.6290422, 55.8406365], [13.6298332, 55.8408319], [13.6318592, 55.8413325], [13.6320652, 55.8413834], [13.6326115, 55.8415389], [13.6332008, 55.8417149], [13.6338096, 55.8420474], [13.6342828, 55.8424266], [13.6347611, 55.8427394], [13.6353423, 55.8430202], [13.6375556, 55.8434295], [13.642065, 55.8442635], [13.6424696, 55.8443387], [13.6443024, 55.8446792], [13.6468616, 55.8451681], [13.6475195, 55.845277], [13.6476217, 55.8452898]]}}, {"type": "Feature", "id": "54420255", "properties": {"osm_id": 54420255, "destination": "Malmö; Lund; E22", "highway": "trunk_link", "lanes": "1", "maxspeed": "100", "motorroad": "yes", "oneway": "yes"}, "geometry": {"type": "LineString", "coordinates": [[13.6397093, 55.8603628], [13.6403387, 55.8604509]]}}, {"type": "Feature", "id": "69353432", "properties": {"osm_id": 69353432, "highway": "secondary", "maxspeed": "70", "name": "Osbyholm Banvallsvägen", "oneway": "yes", "ref": "M 1134", "surface": "asphalt"}, "geometry": {"type": "LineString", "coordinates": [[13.6447259, 55.8496607], [13.6444986, 55.8495339], [13.6443126, 55.8494479], [13.6439916, 55.8493435], [13.6436684, 55.849266]]}}, {"type": "Feature", "id": "69353433", "properties": {"osm_id": 69353433, "highway": "primary", "maxspeed": "60", "oneway": "yes", "ref": "13", "surface": "asphalt"}, "geometry": {"type": "LineString", "coordinates": [[13.6451206, 55.8491436], [13.6453047, 55.8490322], [13.6454871, 55.8489278], [13.6456695, 55.8487783], [13.6458555, 55.8485838]]}}, {"type": "Feature", "id": "69353434", "properties": {"osm_id": 69353434, "highway": "secondary", "lanes": "1", "maxspeed": "60", "name": "Ringsjövägen", "oneway": "yes", "ref": "M 1134", "surface": "asphalt"}, "geometry": {"type": "LineString", "coordinates": [[13.6470902, 55.8497728], [13.6469011, 55.8497517], [13.6467415, 55.8497404], [13.6464974, 55.8497407], [13.6462531, 55.8497571], [13.6458878, 55.8498061]]}}, {"type": "Feature", "id": "69353435", "properties": {"osm_id": 69353435, "highway": "primary", "maxspeed": "60", "oneway": "yes", "ref": "13"}, "geometry": {"type": "LineString", "coordinates": [[13.6456088, 55.8498986], [13.6453303, 55.850056], [13.6452062, 55.8501502], [13.6450949, 55.8502321], [13.6449299, 55.8503997]]}}, {"type": "Feature", "id": "69353436", "properties": {"osm_id": 69353436, "highway": "service", "service": "parking_aisle"}, "geometry": {"type": "LineString", "coordinates": [[13.6494415, 55.8500341], [13.6495525, 55.8497645]]}}, {"type": "Feature", "id": "72502898", "properties": {"osm_id": 72502898, "highway": "unclassified", "maxspeed": "40", "name": "Verkstadsgatan"}, "geometry": {"type": "LineString", "coordinates": [[13.6700317, 55.8547208], [13.6697929, 55.8549629], [13.669781, 55.8550338]]}}, {"type": "Feature", "id": "73097733", "properties": {"osm_id": 73097733, "attribution": "Region Skåne", "highway": "path"}, "geometry": {"type": "LineString", "coordinates": [[13.6371736, 55.8696282], [13.6370771, 55.8694988], [13.6371039, 55.8692339], [13.6377421, 55.8686522], [13.637954, 55.868478], [13.6396789, 55.8670703], [13.6409658, 55.8659068], [13.6418742, 55.8652584], [13.6437494, 55.8641832], [13.645356, 55.863393]]}}, {"type": "Feature", "id": "73097765", "properties": {"osm_id": 73097765, "highway": "path"}, "geometry": {"type": "LineString", "coordinates": [[13.6507826, 55.8680793], [13.649739, 55.86791], [13.649438, 55.867851], [13.648815, 55.867694], [13.648178, 55.867476], [13.6474188, 55.8671774], [13.6472746, 55.8670996], [13.6472162, 55.8670266], [13.6470435, 55.866985], [13.6467206, 55.8668007], [13.6463209, 55.8665934], [13.6462248, 55.8664311], [13.6465167, 55.8662386], [13.6466113, 55.8660127], [13.6467042, 55.865939], [13.6471298, 55.8658462], [13.6471994, 55.8657588], [13.6471692, 55.8653459], [13.6469647, 55.8650309], [13.646937, 55.864516], [13.646941, 55.864436], [13.6469532, 55.8643141], [13.6472747, 55.8640007], [13.6472257, 55.8638204], [13.6470336, 55.8636654], [13.6467404, 55.8634852], [13.646476, 55.8633782], [13.6461702, 55.8632773], [13.6461031, 55.8632397], [13.6459771, 55.8631163], [13.6459838, 55.8630726]]}}, {"type": "Feature", "id": "73097768", "properties": {"osm_id": 73097768, "attribution": "Region Skåne", "highway": "path"}, "geometry": {"type": "LineString", "coordinates": [[13.6459838, 55.8630726], [13.6460299, 55.8630576], [13.6462181, 55.8629964], [13.6469358, 55.8629871], [13.6471733, 55.862909]]}}, {"type": "Feature", "id": "77214376", "properties": {"osm_id": 77214376, "highway": "service", "service": "parking_aisle"}, "geometry": {"type": "LineString", "coordinates": [[13.6588876, 55.8399592], [13.6587166, 55.8400634], [13.6584056, 55.8402179], [13.658002, 55.840602]]}}, {"type": "Feature", "id": "77214388", "properties": {"osm_id": 77214388, "access": "yes", "foot": "yes", "highway": "residential", "lit": "yes", "maxspeed": "40", "name": "Kroksgatan"}, "geometry": {"type": "LineString", "coordinates": [[13.6567248, 55.8412276], [13.6559743, 55.8410132], [13.6550436, 55.8407326], [13.6549056, 55.8407244], [13.6547773, 55.8407547], [13.6539897, 55.8414486], [13.6539376, 55.8415606]]}}, {"type": "Feature", "id": "77214390", "properties": {"osm_id": 77214390, "access": "yes", "foot": "yes", "highway": "residential", "lit": "yes", "maxspeed": "40", "name": "Hillsgatan"}, "geometry": {"type": "LineString", "coordinates": [[13.6559743, 55.8410132], [13.6543453, 55.8424281]]}}, {"type": "Feature", "id": "77214580", "properties": {"osm_id": 77214580, "access": "yes", "foot": "yes", "highway": "residential", "lit": "yes", "maxspeed": "40", "name": "Målarevägen", "surface": "asphalt"}, "geometry": {"type": "LineString", "coordinates": [[13.6649766, 55.8442716], [13.6643768, 55.8428991], [13.664031, 55.8421077]]}}, {"type": "Feature", "id": "77214581", "properties": {"osm_id": 77214581, "access": "yes", "foot": "yes", "highway": "residential", "lit": "yes", "maxspeed": "40", "name": "Bagarevägen", "surface": "asphalt"}, "geometry": {"type": "LineString", "coordinates": [[13.6640192, 55.8444236], [13.6634075, 55.843033], [13.6631385, 55.8424215]]}}, {"type": "Feature", "id": "77214583", "properties": {"osm_id": 77214583, "access": "yes", "foot": "yes", "highway": "residential", "lit": "yes", "maxspeed": "40", "name": "Snickarevägen", "surface": "asphalt"}, "geometry": {"type": "LineString", "coordinates": [[13.661818, 55.8442924], [13.6613935, 55.8433111], [13.6612194, 55.8429087]]}}, {"type": "Feature", "id": "77214633", "properties": {"osm_id": 77214633, "access": "yes", "foot": "yes", "highway": "residential", "lit": "yes", "maxspeed": "40", "name": "Åkarevägen", "surface": "asphalt"}, "geometry": {"type": "LineString", "coordinates": [[13.6630518, 55.8445665], [13.6624463, 55.8431657], [13.6622665, 55.8427498]]}}, {"type": "Feature", "id": "77214678", "properties": {"osm_id": 77214678, "access": "yes", "foot": "yes", "highway": "residential", "lit": "yes", "maxspeed": "40", "name": "Boktryckarevägen", "surface": "asphalt"}, "geometry": {"type": "LineString", "coordinates": [[13.6607621, 55.8442207], [13.6604421, 55.8434422], [13.6602777, 55.8430423]]}}, {"type": "Feature", "id": "77214728", "properties": {"osm_id": 77214728, "access": "yes", "foot": "yes", "highway": "residential", "lit": "yes", "maxspeed": "40", "name": "Timmermansvägen", "surface": "asphalt"}, "geometry": {"type": "LineString", "coordinates": [[13.6596454, 55.8439732], [13.6594791, 55.8435756]]}}, {"type": "Feature", "id": "77215093", "properties": {"osm_id": 77215093, "access": "yes", "foot": "yes", "highway": "residential", "lit": "yes", "maxspeed": "40", "name": "Löjtnantsgatan"}, "geometry": {"type": "LineString", "coordinates": [[13.6600814, 55.8465888], [13.660207, 55.8464148], [13.6602477, 55.8460132], [13.660269, 55.8458038], [13.6602726, 55.8457679]]}}, {"type": "Feature", "id": "77215136", "properties": {"osm_id": 77215136, "access": "yes", "foot": "yes", "highway": "residential", "lit": "yes", "maxspeed": "40", "name": "Korpralsgatan"}, "geometry": {"type": "LineString", "coordinates": [[13.6581464, 55.8458872], [13.6581922, 55.8458196], [13.6582339, 55.8457165], [13.6582874, 55.8455452], [13.658365, 55.8450975]]}}, {"type": "Feature", "id": "77215159", "properties": {"osm_id": 77215159, "access": "yes", "foot": "yes", "highway": "residential", "lit": "yes", "maxspeed": "40", "name": "Fänriksgatan"}, "geometry": {"type": "LineString", "coordinates": [[13.6582874, 55.8455452], [13.6591939, 55.845594]]}}, {"type": "Feature", "id": "77215229", "properties": {"osm_id": 77215229, "access": "yes", "foot": "yes", "highway": "residential", "lit": "yes", "maxspeed": "40", "name": "Trädgårdsgatan"}, "geometry": {"type": "LineString", "coordinates": [[13.657171, 55.8449703], [13.6576992, 55.8450267], [13.6583559, 55.8450958], [13.658365, 55.8450975], [13.659156, 55.8451393], [13.6599316, 55.8451803], [13.6603699, 55.8452034], [13.661202, 55.8452474]]}}, {"type": "Feature", "id": "77215790", "properties": {"osm_id": 77215790, "access": "yes", "foot": "yes", "highway": "residential", "lit": "yes", "maxspeed": "40", "name": "Repslagarevägen"}, "geometry": {"type": "LineString", "coordinates": [[13.6634487, 55.8473987], [13.6634596, 55.8473318], [13.6635098, 55.847024], [13.6635972, 55.8464879], [13.6636869, 55.8459378], [13.6637732, 55.8454083], [13.6638091, 55.8451882]]}}, {"type": "Feature", "id": "77215887", "properties": {"osm_id": 77215887, "access": "yes", "foot": "yes", "highway": "residential", "lit": "yes", "maxspeed": "40", "name": "Tunnbindarevägen"}, "geometry": {"type": "LineString", "coordinates": [[13.6619007, 55.8453086], [13.6637732, 55.8454083], [13.6659811, 55.8455259]]}}, {"type": "Feature", "id": "77215954", "properties": {"osm_id": 77215954, "access": "yes", "foot": "yes", "highway": "residential", "lit": "yes", "maxspeed": "40", "name": "Garvarevägen"}, "geometry": {"type": "LineString", "coordinates": [[13.6618448, 55.8458448], [13.6636869, 55.8459378], [13.6658982, 55.8460494]]}}, {"type": "Feature", "id": "77216103", "properties": {"osm_id": 77216103, "access": "yes", "foot": "yes", "highway": "residential", "lit": "yes", "maxspeed": "40", "name": "Murarevägen"}, "geometry": {"type": "LineString", "coordinates": [[13.6621237, 55.846411], [13.6635972, 55.8464879], [13.6657694, 55.8466013]]}}, {"type": "Feature", "id": "77216191", "properties": {"osm_id": 77216191, "access": "yes", "foot": "yes", "highway": "residential", "lit": "yes", "maxspeed": "40", "name": "Skräddarevägen"}, "geometry": {"type": "LineString", "coordinates": [[13.6623963, 55.8469687], [13.6635098, 55.847024], [13.6656964, 55.8471325]]}}, {"type": "Feature", "id": "77216415", "properties": {"osm_id": 77216415, "access": "yes", "foot": "yes", "highway": "residential", "lit": "yes", "maxspeed": "40", "name": "Skarpskyttegatan"}, "geometry": {"type": "LineString", "coordinates": [[13.660759, 55.8484212], [13.6616262, 55.8483282], [13.6626028, 55.8482234], [13.6626903, 55.8481965], [13.6627322, 55.8481368], [13.6626914, 55.8477526], [13.6625903, 55.8477355], [13.6624874, 55.8477311], [13.6618761, 55.84779]]}}, {"type": "Feature", "id": "77217182", "properties": {"osm_id": 77217182, "highway": "service", "service": "parking_aisle"}, "geometry": {"type": "LineString", "coordinates": [[13.6633294, 55.8553502], [13.6633355, 55.8555808], [13.6633432, 55.855874], [13.6636349, 55.8558716], [13.6638916, 55.8558683], [13.6638803, 55.8555776], [13.663866, 55.8552508]]}}, {"type": "Feature", "id": "77217667", "properties": {"osm_id": 77217667, "access": "yes", "foot": "yes", "highway": "residential", "lit": "yes", "maxspeed": "40", "name": "Viktoriagatan", "surface": "asphalt"}, "geometry": {"type": "LineString", "coordinates": [[13.6654607, 55.8545591], [13.6646654, 55.8544221], [13.6646133, 55.854406], [13.6645707, 55.8543873], [13.6645214, 55.8543978], [13.6644626, 55.854401], [13.6643961, 55.8544006], [13.6640929, 55.8543988]]}}, {"type": "Feature", "id": "77217716", "properties": {"osm_id": 77217716, "highway": "residential", "lit": "yes", "maxspeed": "40", "name": "Marknadstorget", "surface": "asphalt"}, "geometry": {"type": "LineString", "coordinates": [[13.6662615, 55.8535689], [13.6657782, 55.8534598], [13.6654565, 55.8533871], [13.6652178, 55.8533332]]}}, {"type": "Feature", "id": "77218159", "properties": {"osm_id": 77218159, "access": "yes", "foot": "yes", "highway": "residential", "lane_markings": "no", "lit": "yes", "maxspeed": "40", "name": "Bangatan", "surface": "asphalt"}, "geometry": {"type": "LineString", "coordinates": [[13.6559056, 55.8573367], [13.6563918, 55.8572367], [13.6568045, 55.8571629], [13.6572312, 55.8570753], [13.6580553, 55.8569033], [13.6586536, 55.8567963], [13.6591941, 55.856689], [13.6613259, 55.85625], [13.6613694, 55.8562438], [13.6614561, 55.8562439], [13.6629676, 55.8563699], [13.6641147, 55.8564678], [13.6641986, 55.8564749]]}}, {"type": "Feature", "id": "77218177", "properties": {"osm_id": 77218177, "access": "yes", "foot": "yes", "highway": "residential", "lit": "yes", "maxspeed": "40", "name": "Semaforgränd"}, "geometry": {"type": "LineString", "coordinates": [[13.6563918, 55.8572367], [13.6561043, 55.8567999]]}}, {"type": "Feature", "id": "77218180", "properties": {"osm_id": 77218180, "access": "yes", "foot": "yes", "highway": "residential", "lit": "yes", "maxspeed": "40", "name": "Järnvägsgränd"}, "geometry": {"type": "LineString", "coordinates": [[13.6572312, 55.8570753], [13.6569534, 55.856638]]}}, {"type": "Feature", "id": "77218182", "properties": {"osm_id": 77218182, "access": "yes", "foot": "yes", "highway": "residential", "lit": "yes", "maxspeed": "40", "name": "Lokförargränd"}, "geometry": {"type": "LineString", "coordinates": [[13.6580553, 55.8569033], [13.6577914, 55.85648]]}}, {"type": "Feature", "id": "77218185", "properties": {"osm_id": 77218185, "access": "yes", "foot": "yes", "highway": "residential", "lit": "yes", "maxspeed": "40", "name": "Banmästargränd"}, "geometry": {"type": "LineString", "coordinates": [[13.6591941, 55.856689], [13.658866, 55.8562089]]}}, {"type": "Feature", "id": "77218205", "properties": {"osm_id": 77218205, "access": "yes", "foot": "yes", "highway": "residential", "lit": "yes", "maxspeed": "40", "name": "Utgårdagatan"}, "geometry": {"type": "LineString", "coordinates": [[13.6562238, 55.8593456], [13.655911, 55.8593531], [13.6556687, 55.8593589], [13.6554394, 55.8593644], [13.655249, 55.8593689], [13.6548109, 55.8593794]]}}, {"type": "Feature", "id": "77218212", "properties": {"osm_id": 77218212, "access": "yes", "foot": "yes", "highway": "residential", "lit": "yes", "maxspeed": "40", "name": "Utgårdagatan"}, "geometry": {"type": "LineString", "coordinates": [[13.6538563, 55.8595476], [13.6541545, 55.8595763], [13.6543642, 55.8595881], [13.6545057, 55.8595961], [13.6545492, 55.8595985], [13.654666, 55.8595667], [13.6547625, 55.8595045], [13.6548109, 55.8593794], [13.6548096, 55.8592613], [13.6547431, 55.859174], [13.6546261, 55.8591404], [13.6544035, 55.859126], [13.6539418, 55.8591019]]}}, {"type": "Feature", "id": "77218229", "properties": {"osm_id": 77218229, "highway": "service"}, "geometry": {"type": "LineString", "coordinates": [[13.6539015, 55.855176], [13.653917, 55.855348], [13.6540963, 55.8555241], [13.6541309, 55.8556972], [13.6541381, 55.8558648], [13.6541302, 55.8560756], [13.6541226, 55.8562505], [13.6541389, 55.8564255], [13.6541648, 55.8565931], [13.6542161, 55.8568564]]}}, {"type": "Feature", "id": "77218453", "properties": {"osm_id": 77218453, "access": "yes", "foot": "yes", "highway": "residential", "lit": "yes", "maxspeed": "40", "name": "Hagagatan"}, "geometry": {"type": "LineString", "coordinates": [[13.6568045, 55.8571629], [13.6572316, 55.8578258], [13.6574379, 55.8581634]]}}, {"type": "Feature", "id": "77218464", "properties": {"osm_id": 77218464, "access": "yes", "foot": "yes", "highway": "residential", "lit": "yes", "maxspeed": "40", "name": "Bruksgatan"}, "geometry": {"type": "LineString", "coordinates": [[13.6572316, 55.8578258], [13.6590832, 55.857456], [13.6610207, 55.8570685], [13.6611125, 55.857036], [13.6612375, 55.8569967], [13.6613414, 55.8569915], [13.6629878, 55.8572082]]}}, {"type": "Feature", "id": "77218506", "properties": {"osm_id": 77218506, "access": "yes", "foot": "yes", "highway": "residential", "lit": "yes", "maxspeed": "40", "name": "Fridagaran"}, "geometry": {"type": "LineString", "coordinates": [[13.6629676, 55.8563699], [13.6629878, 55.8572082], [13.6629985, 55.8576373], [13.6630016, 55.8577645], [13.6630127, 55.8582089]]}}, {"type": "Feature", "id": "77218943", "properties": {"osm_id": 77218943, "access": "yes", "foot": "yes", "highway": "residential", "lit": "yes", "maxspeed": "40", "name": "Bäckasinvägen"}, "geometry": {"type": "LineString", "coordinates": [[13.6478762, 55.8551003], [13.6468852, 55.8551043], [13.6468292, 55.8550692], [13.6467973, 55.8550112], [13.6467922, 55.8539923]]}}, {"type": "Feature", "id": "77219067", "properties": {"osm_id": 77219067, "access": "yes", "foot": "yes", "highway": "residential", "lit": "yes", "maxspeed": "40", "name": "Trastvägen"}, "geometry": {"type": "LineString", "coordinates": [[13.6478762, 55.8551003], [13.6488602, 55.8550907], [13.6489058, 55.8550695], [13.6489257, 55.855037], [13.6489157, 55.8539943]]}}, {"type": "Feature", "id": "77220215", "properties": {"osm_id": 77220215, "access": "yes", "foot": "yes", "highway": "residential", "lit": "yes", "maxspeed": "40", "name": "Domängatan"}, "geometry": {"type": "LineString", "coordinates": [[13.6500061, 55.8510224], [13.6500817, 55.8529658]]}}, {"type": "Feature", "id": "77220298", "properties": {"osm_id": 77220298, "access": "yes", "foot": "yes", "highway": "residential", "lit": "yes", "maxspeed": "40", "name": "Janne Nilssons väg"}, "geometry": {"type": "LineString", "coordinates": [[13.6489341, 55.8508931], [13.6489169, 55.8514386], [13.6489546, 55.8520081], [13.6489251, 55.8525081], [13.648907, 55.8525679], [13.648792, 55.8525987], [13.6480255, 55.8526036], [13.6479343, 55.8525555], [13.6481212, 55.8520612], [13.6482242, 55.8520174], [13.6489546, 55.8520081]]}}, {"type": "Feature", "id": "77220407", "properties": {"osm_id": 77220407, "access": "yes", "foot": "yes", "highway": "residential", "lit": "yes", "maxspeed": "40", "name": "Fäladsvägen"}, "geometry": {"type": "LineString", "coordinates": [[13.6448249, 55.8518084], [13.646509, 55.8520925]]}}, {"type": "Feature", "id": "77220476", "properties": {"osm_id": 77220476, "access": "yes", "foot": "yes", "highway": "residential", "lit": "yes", "maxspeed": "40", "name": "Måsvägen"}, "geometry": {"type": "LineString", "coordinates": [[13.644538, 55.8523729], [13.6451957, 55.8524738], [13.6458116, 55.8525683], [13.6455594, 55.8530339], [13.6454992, 55.853056], [13.6450832, 55.8530009], [13.6450166, 55.8529506], [13.6450402, 55.852793], [13.6451957, 55.8524738]]}}, {"type": "Feature", "id": "77220537", "properties": {"osm_id": 77220537, "access": "yes", "foot": "yes", "highway": "residential", "lit": "yes", "maxspeed": "40", "name": "Svanvägen"}, "geometry": {"type": "LineString", "coordinates": [[13.6438918, 55.8543902], [13.6445745, 55.854372], [13.6455693, 55.8543348], [13.6455181, 55.8538744], [13.6454997, 55.8538316], [13.6454287, 55.8538148], [13.6446493, 55.8538109], [13.6445535, 55.8538254], [13.6445163, 55.8538757], [13.6445745, 55.854372]]}}, {"type": "Feature", "id": "77220665", "properties": {"osm_id": 77220665, "highway": "service"}, "geometry": {"type": "LineString", "coordinates": [[13.6454575, 55.8555613], [13.6447751, 55.8555992], [13.644702, 55.8556559], [13.6446831, 55.8557754], [13.6447545, 55.8558367], [13.6457719, 55.8560922]]}}, {"type": "Feature", "id": "77220718", "properties": {"osm_id": 77220718, "highway": "service", "service": "alley"}, "geometry": {"type": "LineString", "coordinates": [[13.6458439, 55.8557428], [13.6461531, 55.8557303], [13.6472158, 55.8556866], [13.6472907, 55.8556435], [13.6473332, 55.8554867]]}}, {"type": "Feature", "id": "77220725", "properties": {"osm_id": 77220725, "highway": "service", "name": "Byggmästaregatan", "service": "alley"}, "geometry": {"type": "LineString", "coordinates": [[13.6458439, 55.8557428], [13.6461764, 55.8559346]]}}, {"type": "Feature", "id": "77220763", "properties": {"osm_id": 77220763, "highway": "service", "service": "alley"}, "geometry": {"type": "LineString", "coordinates": [[13.6461531, 55.8557303], [13.6461764, 55.8559346], [13.6462279, 55.8562007], [13.6463603, 55.8562275], [13.6470819, 55.8562933], [13.6471518, 55.8562667], [13.6472008, 55.856178], [13.6472575, 55.8560327], [13.6472158, 55.8556866]]}}, {"type": "Feature", "id": "77220797", "properties": {"osm_id": 77220797, "highway": "service", "service": "alley"}, "geometry": {"type": "LineString", "coordinates": [[13.6462279, 55.8562007], [13.6472008, 55.856178]]}}, {"type": "Feature", "id": "77220821", "properties": {"osm_id": 77220821, "highway": "service", "service": "alley"}, "geometry": {"type": "LineString", "coordinates": [[13.6472907, 55.8556435], [13.6476342, 55.8556367]]}}, {"type": "Feature", "id": "77220829", "properties": {"osm_id": 77220829, "highway": "service", "service": "parking_aisle"}, "geometry": {"type": "LineString", "coordinates": [[13.6488523, 55.8552301], [13.6488823, 55.8554008], [13.6476127, 55.8554712], [13.6473332, 55.8554867], [13.6473048, 55.8553258]]}}, {"type": "Feature", "id": "77220928", "properties": {"osm_id": 77220928, "bicycle": "designated", "foot": "designated", "highway": "footway", "segregated": "no", "surface": "asphalt"}, "geometry": {"type": "LineString", "coordinates": [[13.6476127, 55.8554712], [13.6476342, 55.8556367], [13.6476645, 55.8557898], [13.6477806, 55.8559332], [13.6477871, 55.8560054], [13.6477952, 55.8560964], [13.6478479, 55.8561294], [13.6479252, 55.8561514], [13.648116, 55.8561696], [13.6484935, 55.8561846], [13.6487058, 55.8561868], [13.6488062, 55.8561848], [13.6489173, 55.8561599], [13.6490236, 55.8560908], [13.6496013, 55.8560588], [13.6500306, 55.8560466], [13.6501368, 55.8560151], [13.6501951, 55.8559598], [13.6501497, 55.8555552], [13.6501078, 55.8555002], [13.6500389, 55.8554541], [13.6499178, 55.855433], [13.649015, 55.8554274], [13.6488823, 55.8554008]]}}, {"type": "Feature", "id": "77220944", "properties": {"osm_id": 77220944, "bicycle": "designated", "foot": "designated", "highway": "footway", "segregated": "no", "surface": "asphalt"}, "geometry": {"type": "LineString", "coordinates": [[13.6484935, 55.8561846], [13.6484507, 55.8565531], [13.6484482, 55.8566068]]}}, {"type": "Feature", "id": "77220993", "properties": {"osm_id": 77220993, "access": "yes", "foot": "yes", "highway": "residential", "lit": "yes", "maxspeed": "40", "name": "Valhallagatan"}, "geometry": {"type": "LineString", "coordinates": [[13.6508905, 55.8605749], [13.6512764, 55.860745], [13.6518296, 55.8609333], [13.6523724, 55.8610548], [13.6529936, 55.861194], [13.6535215, 55.8613067], [13.6544875, 55.8615162], [13.6553555, 55.8618593], [13.6560684, 55.8621366], [13.6562434, 55.8622091], [13.656807, 55.8623659], [13.6577529, 55.8625394]]}}, {"type": "Feature", "id": "77221005", "properties": {"osm_id": 77221005, "access": "yes", "foot": "yes", "highway": "residential", "lit": "yes", "maxspeed": "40", "name": "Sleipnergatan"}, "geometry": {"type": "LineString", "coordinates": [[13.6577529, 55.8625394], [13.6577172, 55.8628417], [13.6576488, 55.8630545], [13.6575878, 55.8631191], [13.6573954, 55.8631213], [13.656462, 55.8629719], [13.6563907, 55.8628916], [13.6565207, 55.8626806], [13.656807, 55.8623659]]}}, {"type": "Feature", "id": "77221098", "properties": {"osm_id": 77221098, "access": "yes", "foot": "yes", "highway": "residential", "lit": "yes", "maxspeed": "40", "name": "Munins gata"}, "geometry": {"type": "LineString", "coordinates": [[13.656807, 55.8623659], [13.6577374, 55.86144], [13.6574049, 55.8613414], [13.6573855, 55.8613117], [13.6574401, 55.8612453], [13.657505, 55.8612452], [13.6577952, 55.8613238], [13.657817, 55.8613608], [13.6577374, 55.86144]]}}, {"type": "Feature", "id": "77221124", "properties": {"osm_id": 77221124, "access": "yes", "foot": "yes", "highway": "residential", "lit": "yes", "maxspeed": "40", "name": "Hugins gata"}, "geometry": {"type": "LineString", "coordinates": [[13.6565397, 55.8608238], [13.6565977, 55.8607608], [13.6565711, 55.8607353], [13.6562993, 55.8606584], [13.6562359, 55.860656], [13.6561994, 55.8606971], [13.65622, 55.8607301], [13.6565397, 55.8608238], [13.6562892, 55.8610959], [13.6561577, 55.8612388], [13.6559222, 55.8614384], [13.6557581, 55.8615602], [13.6553555, 55.8618593]]}}, {"type": "Feature", "id": "77221130", "properties": {"osm_id": 77221130, "access": "yes", "foot": "yes", "highway": "residential", "lit": "yes", "maxspeed": "40", "name": "Ymers gata"}, "geometry": {"type": "LineString", "coordinates": [[13.6532933, 55.8620026], [13.6537212, 55.8621054], [13.6537293, 55.8621372], [13.653686, 55.8621908], [13.6536332, 55.8621969], [13.6533131, 55.8621082], [13.6532933, 55.8620026], [13.6532712, 55.8617618], [13.6533224, 55.8616433], [13.6535215, 55.8613067]]}}, {"type": "Feature", "id": "77221132", "properties": {"osm_id": 77221132, "access": "yes", "foot": "yes", "highway": "residential", "lit": "yes", "maxspeed": "40", "name": "Frejagatan"}, "geometry": {"type": "LineString", "coordinates": [[13.6523724, 55.8610548], [13.6521698, 55.8614426], [13.6520743, 55.8615393], [13.651942, 55.8615361], [13.6512547, 55.8613249], [13.6508149, 55.8611319], [13.6504998, 55.8609426], [13.6504523, 55.860881], [13.6505246, 55.860803], [13.6508905, 55.8605749]]}}, {"type": "Feature", "id": "77221161", "properties": {"osm_id": 77221161, "access": "yes", "cycleway:left": "track", "cycleway:left:segregated": "no", "cycleway:right": "no", "foot": "yes", "highway": "residential", "lane_markings": "no", "lit": "yes", "maxspeed": "40", "name": "Nils Anderssons allé", "sidewalk:left": "yes", "surface": "asphalt"}, "geometry": {"type": "LineString", "coordinates": [[13.6635385, 55.8644855], [13.6633619, 55.8644498], [13.6632613, 55.8644253], [13.6632491, 55.864381], [13.6633257, 55.864213], [13.6634582, 55.8640185], [13.6635479, 55.8638234]]}}, {"type": "Feature", "id": "77221226", "properties": {"osm_id": 77221226, "access": "yes", "foot": "yes", "highway": "residential", "lit": "yes", "maxspeed": "40", "name": "Gullregnsvägen"}, "geometry": {"type": "LineString", "coordinates": [[13.6642866, 55.8618898], [13.6642053, 55.8618869], [13.6637756, 55.8618728], [13.6628824, 55.8618344], [13.6623319, 55.8618071], [13.6619139, 55.8617953], [13.6611585, 55.8618677], [13.6609149, 55.8618767], [13.6605159, 55.8618723]]}}, {"type": "Feature", "id": "77221393", "properties": {"osm_id": 77221393, "access": "yes", "foot": "yes", "highway": "residential", "lit": "yes", "maxspeed": "40", "name": "Lindgatan"}, "geometry": {"type": "LineString", "coordinates": [[13.6607968, 55.8610195], [13.6608312, 55.8614029], [13.6609149, 55.8618767], [13.660812, 55.8624658], [13.6606789, 55.8631194], [13.6606409, 55.8632155], [13.6605208, 55.8632806], [13.6602526, 55.8633047], [13.6600702, 55.8632866], [13.6597698, 55.8632144], [13.659684, 55.8631602], [13.6596729, 55.8630796], [13.6599446, 55.8625524], [13.6600343, 55.8624915], [13.6601637, 55.8624663], [13.660812, 55.8624658]]}}, {"type": "Feature", "id": "77221439", "properties": {"osm_id": 77221439, "access": "yes", "foot": "yes", "highway": "residential", "lit": "yes", "maxspeed": "40", "name": "Åkergränd"}, "geometry": {"type": "LineString", "coordinates": [[13.6619139, 55.8617953], [13.6618405, 55.8623654], [13.6621516, 55.8628772]]}}, {"type": "Feature", "id": "77221483", "properties": {"osm_id": 77221483, "access": "yes", "foot": "yes", "highway": "residential", "lit": "yes", "maxspeed": "40", "name": "Bokgränd"}, "geometry": {"type": "LineString", "coordinates": [[13.6628824, 55.8618344], [13.6627529, 55.862318]]}}, {"type": "Feature", "id": "77222024", "properties": {"osm_id": 77222024, "access": "yes", "foot": "yes", "highway": "residential", "lit": "yes", "maxspeed": "40", "name": "Algatan"}, "geometry": {"type": "LineString", "coordinates": [[13.6606123, 55.8590582], [13.6642085, 55.8590421], [13.6642671, 55.8590418]]}}, {"type": "Feature", "id": "77222398", "properties": {"osm_id": 77222398, "access": "yes", "foot": "yes", "highway": "residential", "lit": "yes", "maxspeed": "40", "name": "Lönngatan"}, "geometry": {"type": "LineString", "coordinates": [[13.6629536, 55.8598703], [13.6629688, 55.8613835]]}}, {"type": "Feature", "id": "77222467", "properties": {"osm_id": 77222467, "access": "yes", "foot": "yes", "highway": "residential", "lit": "yes", "maxspeed": "40", "name": "Poppelgatan"}, "geometry": {"type": "LineString", "coordinates": [[13.6639409, 55.861408], [13.6629688, 55.8613835], [13.6621713, 55.8612171], [13.6620382, 55.8611227], [13.6615499, 55.8603859]]}}, {"type": "Feature", "id": "77222485", "properties": {"osm_id": 77222485, "access": "yes", "foot": "yes", "highway": "residential", "lit": "yes", "maxspeed": "40", "name": "Björkgatan"}, "geometry": {"type": "LineString", "coordinates": [[13.6611972, 55.8598828], [13.6629536, 55.8598703], [13.6642297, 55.8598613], [13.6642991, 55.8598608]]}}, {"type": "Feature", "id": "77222669", "properties": {"osm_id": 77222669, "access": "yes", "foot": "yes", "highway": "residential", "lit": "yes", "maxspeed": "40", "name": "Lågedammsgatan", "oneway": "no"}, "geometry": {"type": "LineString", "coordinates": [[13.6551993, 55.8556998], [13.6557097, 55.8557549], [13.6559722, 55.8557365], [13.6576818, 55.8554073], [13.6592794, 55.8550996], [13.6599723, 55.8549616], [13.6606535, 55.854826], [13.6613121, 55.8546948]]}}, {"type": "Feature", "id": "77222888", "properties": {"osm_id": 77222888, "highway": "unclassified", "name": "Sliparegatan"}, "geometry": {"type": "LineString", "coordinates": [[13.6658009, 55.8613743], [13.6705767, 55.8613678], [13.6707383, 55.8613914], [13.6708459, 55.8614229], [13.6712622, 55.8616133]]}}, {"type": "Feature", "id": "77223032", "properties": {"osm_id": 77223032, "highway": "unclassified", "name": "Metallgatan"}, "geometry": {"type": "LineString", "coordinates": [[13.6658262, 55.8602889], [13.6730475, 55.8602595]]}}, {"type": "Feature", "id": "77223194", "properties": {"osm_id": 77223194, "highway": "unclassified", "maxspeed": "60", "name": "Bronsgatan", "surface": "asphalt"}, "geometry": {"type": "LineString", "coordinates": [[13.6826177, 55.8627538], [13.683394, 55.8622842], [13.68419, 55.8616303]]}}, {"type": "Feature", "id": "77223337", "properties": {"osm_id": 77223337, "highway": "unclassified", "name": "Svetsaregatan"}, "geometry": {"type": "LineString", "coordinates": [[13.6658507, 55.8592409], [13.6730204, 55.8592212]]}}, {"type": "Feature", "id": "77223587", "properties": {"osm_id": 77223587, "highway": "service"}, "geometry": {"type": "LineString", "coordinates": [[13.6714141, 55.8572925], [13.671475, 55.8562899]]}}, {"type": "Feature", "id": "77224093", "properties": {"osm_id": 77224093, "highway": "residential", "name": "Ekebodavägen"}, "geometry": {"type": "LineString", "coordinates": [[13.6790648, 55.8550832], [13.6790036, 55.8550111], [13.6789335, 55.8549644], [13.6788231, 55.8549423], [13.6784477, 55.8549131], [13.6773165, 55.8548728], [13.6756731, 55.8548276], [13.6747598, 55.8548361], [13.6745116, 55.8548626], [13.6741601, 55.8548176], [13.6734992, 55.8547404], [13.6726009, 55.854688], [13.6721292, 55.854689], [13.6718943, 55.8546883], [13.6718124, 55.8546938], [13.6715975, 55.8546944], [13.6713619, 55.8546747], [13.6712011, 55.8546457], [13.6708417, 55.8545494], [13.6705298, 55.8544676], [13.6703118, 55.8544104]]}}, {"type": "Feature", "id": "77224383", "properties": {"osm_id": 77224383, "access": "yes", "foot": "yes", "highway": "residential", "lit": "yes", "maxspeed": "40", "name": "Ronjas gata"}, "geometry": {"type": "LineString", "coordinates": [[13.6763486, 55.8563548], [13.6762285, 55.8562733], [13.6759424, 55.8560546], [13.6758943, 55.8560062], [13.6756837, 55.8558221], [13.6755199, 55.8556162], [13.6754237, 55.8555008], [13.675222, 55.8555258], [13.674977, 55.8555934], [13.6747448, 55.8556758], [13.6746517, 55.8557373], [13.6746067, 55.855828], [13.6746007, 55.8559138], [13.6745805, 55.8561164], [13.6744833, 55.8562486], [13.6743093, 55.8563996]]}}, {"type": "Feature", "id": "77224603", "properties": {"osm_id": 77224603, "access": "yes", "foot": "yes", "highway": "residential", "lit": "yes", "maxspeed": "40", "name": "Ronjas gata"}, "geometry": {"type": "LineString", "coordinates": [[13.6758943, 55.8560062], [13.6762953, 55.855906], [13.67646, 55.8558838], [13.6768693, 55.855853], [13.6771179, 55.8558249], [13.6772729, 55.8557915], [13.677395, 55.8557271], [13.6775523, 55.8556053]]}}, {"type": "Feature", "id": "77225309", "properties": {"osm_id": 77225309, "foot": "yes", "highway": "cycleway", "name": "Stattenavägen"}, "geometry": {"type": "LineString", "coordinates": [[13.6745116, 55.8548626], [13.6748416, 55.8550014], [13.6750066, 55.8551149], [13.6751255, 55.855198]]}}, {"type": "Feature", "id": "77225750", "properties": {"osm_id": 77225750, "access": "yes", "foot": "yes", "highway": "residential", "lit": "yes", "maxspeed": "40", "name": "Stattenavägen"}, "geometry": {"type": "LineString", "coordinates": [[13.6775222, 55.8560944], [13.67777, 55.8563293], [13.67808, 55.8565493], [13.6786423, 55.8567959], [13.6790799, 55.856992], [13.6792692, 55.8570957], [13.6794279, 55.8571872], [13.6796793, 55.8573612], [13.6798284, 55.8575223], [13.679932, 55.8576883], [13.6800446, 55.8579818], [13.6801738, 55.8581167], [13.6802407, 55.8581865], [13.6805067, 55.8583421], [13.6808112, 55.8584682]]}}, {"type": "Feature", "id": "77225829", "properties": {"osm_id": 77225829, "access": "yes", "foot": "yes", "highway": "residential", "lit": "yes", "maxspeed": "40", "name": "Madickens gata"}, "geometry": {"type": "LineString", "coordinates": [[13.67777, 55.8563293], [13.6774857, 55.8563774], [13.6774026, 55.8563752], [13.6772599, 55.8563577], [13.6772025, 55.8563662], [13.6771699, 55.8563962], [13.6767847, 55.8572691], [13.6766939, 55.8573652]]}}, {"type": "Feature", "id": "77225898", "properties": {"osm_id": 77225898, "access": "yes", "foot": "yes", "highway": "residential", "lit": "yes", "maxspeed": "40", "name": "Kajsa Kavats gata"}, "geometry": {"type": "LineString", "coordinates": [[13.6786423, 55.8567959], [13.6781063, 55.8572242], [13.6783842, 55.857354], [13.6786666, 55.8574859], [13.6786714, 55.8575453], [13.6785943, 55.8576081], [13.6779035, 55.858067], [13.6777748, 55.8580859], [13.677695, 55.858068], [13.6768233, 55.8576495]]}}, {"type": "Feature", "id": "77225927", "properties": {"osm_id": 77225927, "access": "yes", "foot": "yes", "highway": "residential", "lit": "yes", "maxspeed": "40", "name": "Kajsa Kavats gata"}, "geometry": {"type": "LineString", "coordinates": [[13.6781063, 55.8572242], [13.6779922, 55.8572265], [13.6774557, 55.8575948]]}}, {"type": "Feature", "id": "77226080", "properties": {"osm_id": 77226080, "access": "yes", "foot": "yes", "highway": "residential", "lit": "yes", "maxspeed": "40", "name": "Kajsa Kavats gata"}, "geometry": {"type": "LineString", "coordinates": [[13.6783842, 55.857354], [13.6777761, 55.8577443]]}}, {"type": "Feature", "id": "77226232", "properties": {"osm_id": 77226232, "access": "yes", "foot": "yes", "highway": "residential", "lit": "yes", "maxspeed": "40", "name": "Emils gata"}, "geometry": {"type": "LineString", "coordinates": [[13.6796793, 55.8573612], [13.6799921, 55.8572521], [13.6802041, 55.8572148], [13.6807935, 55.8571589], [13.6822534, 55.8570144], [13.6823161, 55.8569769], [13.6823268, 55.8569261], [13.6821771, 55.8564991], [13.6821432, 55.8564692], [13.6820394, 55.8564468], [13.6801408, 55.8562389], [13.68002, 55.8562556], [13.6798406, 55.8563808], [13.6798444, 55.8564468], [13.6806078, 55.8568525], [13.6806914, 55.8569113], [13.6807464, 55.856968], [13.6807935, 55.8571589]]}}, {"type": "Feature", "id": "77226509", "properties": {"osm_id": 77226509, "access": "yes", "foot": "yes", "highway": "residential", "lit": "yes", "maxspeed": "40", "name": "Sälggatan"}, "geometry": {"type": "LineString", "coordinates": [[13.6773165, 55.8548728], [13.6773272, 55.8546412], [13.6773376, 55.8544145], [13.67734, 55.8543626], [13.6773871, 55.8543137], [13.6774758, 55.8542873], [13.6777768, 55.854275]]}}, {"type": "Feature", "id": "77226962", "properties": {"osm_id": 77226962, "access": "yes", "foot": "yes", "highway": "residential", "lit": "yes", "maxspeed": "40", "name": "Ekstigen"}, "geometry": {"type": "LineString", "coordinates": [[13.6756731, 55.8548276], [13.6759176, 55.8539848]]}}, {"type": "Feature", "id": "77227279", "properties": {"osm_id": 77227279, "access": "yes", "foot": "yes", "highway": "residential", "lit": "yes", "maxspeed": "40", "name": "Martagatan"}, "geometry": {"type": "LineString", "coordinates": [[13.6751452, 55.8438334], [13.6742472, 55.8445069], [13.6735568, 55.8450322]]}}, {"type": "Feature", "id": "77227358", "properties": {"osm_id": 77227358, "access": "yes", "foot": "yes", "highway": "residential", "lit": "yes", "maxspeed": "40", "name": "Hildagatan"}, "geometry": {"type": "LineString", "coordinates": [[13.6737563, 55.8436466], [13.6727183, 55.8434135], [13.6724136, 55.8433451]]}}, {"type": "Feature", "id": "77227422", "properties": {"osm_id": 77227422, "access": "yes", "foot": "yes", "highway": "residential", "lit": "yes", "maxspeed": "40", "name": "Hildagatan"}, "geometry": {"type": "LineString", "coordinates": [[13.6727183, 55.8434135], [13.6724837, 55.8437248]]}}, {"type": "Feature", "id": "77227570", "properties": {"osm_id": 77227570, "highway": "service"}, "geometry": {"type": "LineString", "coordinates": [[13.6717088, 55.8451913], [13.6714421, 55.8450877], [13.6709781, 55.8448836], [13.6702572, 55.8445714], [13.6702157, 55.8445368], [13.6702106, 55.8445081], [13.6702268, 55.844475], [13.6704479, 55.8443066], [13.6705367, 55.8442382], [13.6705894, 55.8441823], [13.670604, 55.8441462], [13.6705967, 55.8440682], [13.6705572, 55.8440313], [13.670506, 55.8439853], [13.6704359, 55.8439525], [13.6701186, 55.8438885]]}}, {"type": "Feature", "id": "77227617", "properties": {"osm_id": 77227617, "access": "yes", "foot": "yes", "highway": "residential", "lit": "yes", "maxspeed": "40", "name": "Luciagatan"}, "geometry": {"type": "LineString", "coordinates": [[13.6723476, 55.8447327], [13.6735568, 55.8450322], [13.6744635, 55.8452338], [13.6745744, 55.8452533], [13.6746724, 55.8452584], [13.6747193, 55.8452588], [13.6747566, 55.8452542]]}}, {"type": "Feature", "id": "77227737", "properties": {"osm_id": 77227737, "access": "yes", "foot": "yes", "highway": "residential", "lit": "yes", "maxspeed": "40", "name": "Majvagatan"}, "geometry": {"type": "LineString", "coordinates": [[13.6771613, 55.8446532], [13.6762245, 55.8453504], [13.6761484, 55.8454071]]}}, {"type": "Feature", "id": "77228150", "properties": {"osm_id": 77228150, "access": "yes", "foot": "yes", "highway": "residential", "lit": "yes", "maxspeed": "40", "name": "Kristinagatan"}, "geometry": {"type": "LineString", "coordinates": [[13.673265, 55.842202], [13.6720114, 55.8418711], [13.6715709, 55.8420785], [13.6712896, 55.8422204], [13.6712209, 55.8422569], [13.671187, 55.8422691], [13.6711499, 55.8422825], [13.6710608, 55.8422803], [13.6709701, 55.8422712], [13.6707779, 55.8422376], [13.6704624, 55.8421847], [13.6704112, 55.842167], [13.670374, 55.842144], [13.6703678, 55.842122], [13.6703755, 55.8420947], [13.6707113, 55.8415499], [13.6707465, 55.8415076], [13.6707883, 55.8414856], [13.6708705, 55.8414704], [13.6709739, 55.8414751], [13.6714722, 55.8415], [13.6715683, 55.8415116], [13.6716066, 55.8415215], [13.671638, 55.8415434], [13.6717844, 55.8416596], [13.6720114, 55.8418711]]}}, {"type": "Feature", "id": "77228232", "properties": {"osm_id": 77228232, "access": "yes", "foot": "yes", "highway": "service", "lit": "yes"}, "geometry": {"type": "LineString", "coordinates": [[13.6714828, 55.843152], [13.6712818, 55.8434132]]}}, {"type": "Feature", "id": "77228243", "properties": {"osm_id": 77228243, "access": "yes", "foot": "yes", "highway": "service", "lit": "yes"}, "geometry": {"type": "LineString", "coordinates": [[13.6705796, 55.8429308], [13.6703772, 55.8431723]]}}, {"type": "Feature", "id": "77228249", "properties": {"osm_id": 77228249, "access": "yes", "foot": "yes", "highway": "residential", "lit": "yes", "maxspeed": "40", "name": "Johannagatan"}, "geometry": {"type": "LineString", "coordinates": [[13.673265, 55.842202], [13.6727281, 55.8427252], [13.6725949, 55.8428502], [13.6724205, 55.8430138], [13.6722615, 55.8432323], [13.6722243, 55.8432555], [13.6721872, 55.8432743], [13.6721213, 55.8432773], [13.6721137, 55.8432776], [13.6720279, 55.8432619], [13.6714828, 55.843152], [13.6705796, 55.8429308], [13.6701207, 55.842808], [13.6697047, 55.8426967]]}}, {"type": "Feature", "id": "77228256", "properties": {"osm_id": 77228256, "access": "yes", "foot": "yes", "highway": "service", "lit": "yes"}, "geometry": {"type": "LineString", "coordinates": [[13.6727281, 55.8427252], [13.6731916, 55.8428711]]}}, {"type": "Feature", "id": "77228374", "properties": {"osm_id": 77228374, "highway": "service"}, "geometry": {"type": "LineString", "coordinates": [[13.6778492, 55.8407494], [13.6779581, 55.8407862], [13.6783849, 55.8409305], [13.6788594, 55.8410909], [13.6790486, 55.8409145], [13.6785741, 55.8407541], [13.6783849, 55.8409305]]}}, {"type": "Feature", "id": "77228440", "properties": {"osm_id": 77228440, "access": "yes", "foot": "yes", "highway": "residential", "lit": "yes", "maxspeed": "40"}, "geometry": {"type": "LineString", "coordinates": [[13.6806618, 55.8388081], [13.6791568, 55.8402687], [13.67858, 55.8401778], [13.6784715, 55.8401607]]}}, {"type": "Feature", "id": "77234926", "properties": {"osm_id": 77234926, "access": "yes", "foot": "yes", "highway": "residential", "lit": "yes", "maxspeed": "40", "name": "Ugglevägen"}, "geometry": {"type": "LineString", "coordinates": [[13.6439636, 55.8549891], [13.6457043, 55.854935]]}}, {"type": "Feature", "id": "77235852", "properties": {"osm_id": 77235852, "access": "yes", "foot": "yes", "highway": "residential", "lit": "yes", "maxspeed": "40", "name": "Granlidsgatan"}, "geometry": {"type": "LineString", "coordinates": [[13.6516643, 55.845928], [13.6516611, 55.8462427], [13.6516559, 55.8467582], [13.6516532, 55.8470278], [13.6516508, 55.8472649], [13.65165, 55.8473396], [13.6510369, 55.8473347], [13.6509735, 55.8473489], [13.6509304, 55.8473691], [13.6509277, 55.8474948], [13.6509617, 55.8475202], [13.6510174, 55.8475388], [13.6516481, 55.8475305], [13.65165, 55.8473396]]}}, {"type": "Feature", "id": "77236896", "properties": {"osm_id": 77236896, "highway": "unclassified", "maxspeed": "50", "maxspeed:type": "sign", "name": "Kläppvägen", "surface": "asphalt"}, "geometry": {"type": "LineString", "coordinates": [[13.6388702, 55.8486642], [13.6390438, 55.8478456], [13.6391249, 55.8477732], [13.6393127, 55.8477649], [13.6408805, 55.8479334]]}}, {"type": "Feature", "id": "77387390", "properties": {"osm_id": 77387390, "boat": "no", "name": "Hörbyån", "waterway": "river"}, "geometry": {"type": "LineString", "coordinates": [[13.6892089, 55.8486752], [13.688836, 55.8486563], [13.6874627, 55.8485118], [13.6863362, 55.8482046], [13.6856542, 55.8481013], [13.6850058, 55.8482347], [13.684287, 55.8482377], [13.6835789, 55.848039], [13.6824309, 55.8475993], [13.6813258, 55.8474517], [13.6807952, 55.8472371], [13.6803765, 55.8470524], [13.6802167, 55.846837], [13.6801771, 55.8467759], [13.6796243, 55.8466], [13.6790217, 55.8464387], [13.678822, 55.846246], [13.6784926, 55.8460486], [13.6780181, 55.8459207], [13.6771426, 55.8459673], [13.6768579, 55.846026], [13.6765115, 55.8460206], [13.6762291, 55.8459407], [13.6757333, 55.8458208], [13.6753798, 55.8457902], [13.6748768, 55.8459127], [13.6744331, 55.8461139], [13.6739989, 55.8462697], [13.6739538, 55.8463656], [13.6737759, 55.8464868], [13.6733275, 55.8466627], [13.6730617, 55.8467039], [13.67246, 55.846733], [13.6712386, 55.8463461], [13.6703654, 55.8463695], [13.6697338, 55.8463181], [13.669285, 55.8462622], [13.6690025, 55.8462557], [13.6688069, 55.8462512], [13.6686592, 55.846281], [13.6685806, 55.8462968], [13.6685636, 55.8463093], [13.6683919, 55.8464357], [13.6682554, 55.8467965], [13.6680652, 55.8470873], [13.6677148, 55.8472532], [13.6671933, 55.8476837], [13.6667763, 55.847962], [13.666245, 55.8482545], [13.6659295, 55.8483084], [13.6654649, 55.8483894], [13.6652798, 55.8484309], [13.6647645, 55.8486657], [13.6641559, 55.8487207], [13.6634647, 55.8486918], [13.6633563, 55.8485896], [13.6630488, 55.8485306], [13.6628298, 55.8485341], [13.6621704, 55.8487184], [13.6617072, 55.848831], [13.6614555, 55.8489477], [13.6610324, 55.8493163], [13.6607286, 55.8495345], [13.660311, 55.8496582], [13.659851, 55.8498876], [13.6592873, 55.8501391], [13.6588726, 55.8502689], [13.6584623, 55.8503312], [13.6581197, 55.8503355], [13.6565123, 55.8501234], [13.6557526, 55.8499969], [13.6554989, 55.850007], [13.6552763, 55.8500401], [13.6546352, 55.8501816], [13.6540606, 55.8501237], [13.6531269, 55.8499927], [13.6523281, 55.8499271], [13.65154, 55.8499467], [13.651363, 55.8499121], [13.6511028, 55.8498052], [13.6500667, 55.8492781], [13.6480246, 55.8485806], [13.6465531, 55.8481188], [13.6454596, 55.8478987], [13.64482, 55.8477858], [13.6439482, 55.8476265], [13.6435923, 55.8474528], [13.6431383, 55.8470937], [13.6425349, 55.8466535], [13.6422998, 55.8465241], [13.6420423, 55.8464308], [13.641243, 55.8461718], [13.6410445, 55.8460603], [13.640846, 55.8458555], [13.6404705, 55.845455], [13.6403042, 55.8453134], [13.6400896, 55.8452141], [13.6397141, 55.8450785], [13.6385227, 55.8448678], [13.6372679, 55.8449457], [13.6357287, 55.8449579], [13.6345953, 55.8451784], [13.6340654, 55.8453074], [13.6336132, 55.8453675], [13.6322198, 55.8458098], [13.6315978, 55.8459007], [13.6309755, 55.8459369], [13.6300897, 55.8457361], [13.629207, 55.8457566], [13.6281565, 55.8458672], [13.6275583, 55.8457607], [13.6264422, 55.8453921], [13.6256325, 55.8453757], [13.6249995, 55.8455905], [13.6248654, 55.8458917], [13.6247474, 55.8460423], [13.6246401, 55.8461296], [13.6242753, 55.8461688], [13.6238233, 55.8460637], [13.6229698, 55.8461334], [13.6219121, 55.846248], [13.6213088, 55.8463555], [13.6207992, 55.8464729], [13.6201501, 55.8469518], [13.6190171, 55.847684], [13.6183304, 55.8481418], [13.6176073, 55.8486473], [13.6171717, 55.8490332], [13.6169565, 55.8495567], [13.6168481, 55.8497537], [13.6166123, 55.8499889], [13.6164165, 55.8500581], [13.6161518, 55.8500809], [13.6156081, 55.8500585], [13.6152336, 55.8500476], [13.614563, 55.8498782], [13.614171, 55.849855], [13.6139837, 55.8498684], [13.6138979, 55.8498985], [13.6137637, 55.8499603], [13.6134579, 55.85036], [13.6131019, 55.8505483], [13.6125397, 55.8506988], [13.6122949, 55.8506932], [13.6113352, 55.8506714], [13.6105795, 55.8505714], [13.6094034, 55.8501487], [13.6084631, 55.850084], [13.6082255, 55.8500937], [13.607738, 55.850161], [13.6070901, 55.85012], [13.6058463, 55.8500893], [13.6050642, 55.85002], [13.6046526, 55.8500123], [13.6036534, 55.8503582], [13.6028415, 55.8504475], [13.6025191, 55.8504244], [13.6019908, 55.8503897], [13.6012431, 55.8502819], [13.6004061, 55.8501895], [13.59948, 55.8501124], [13.5988626, 55.8501664], [13.5979502, 55.8502472], [13.5974219, 55.8504282], [13.5971544, 55.8504475], [13.5968251, 55.8504436], [13.5966604, 55.8503551], [13.5966261, 55.8500816], [13.5964683, 55.8499623], [13.5962008, 55.849916], [13.5956177, 55.8498929], [13.5952952, 55.8499314], [13.5950277, 55.8500123], [13.5945955, 55.8503782], [13.5943623, 55.8504937], [13.5940124, 55.8506092], [13.5937105, 55.8508056], [13.5937174, 55.8509866], [13.5938066, 55.8511715], [13.5937585, 55.8513448], [13.5936008, 55.8514025], [13.5932783, 55.8514295], [13.5929833, 55.8514372], [13.5928461, 55.8514911], [13.5926746, 55.8515835], [13.5926472, 55.8516721], [13.5927021, 55.8518146], [13.5927501, 55.8519417], [13.5927501, 55.8520495], [13.592558, 55.8521804], [13.5923934, 55.852242], [13.5921738, 55.852242], [13.5919406, 55.8521072], [13.5913208, 55.8518658], [13.5909485, 55.851774], [13.5903166, 55.8518854], [13.5898397, 55.8518803], [13.5892839, 55.8517523], [13.5873116, 55.8516055], [13.5867282, 55.8516934]]}}, {"type": "Feature", "id": "77387397", "properties": {"osm_id": 77387397, "boat": "no", "waterway": "river"}, "geometry": {"type": "LineString", "coordinates": [[13.6856534, 55.8317024], [13.6846885, 55.8318968], [13.681868, 55.8325264], [13.6795421, 55.8333611], [13.6787906, 55.833634], [13.6791573, 55.8340702], [13.6788658, 55.8345201], [13.6781965, 55.8348741], [13.6774053, 55.8350912], [13.6759326, 55.8355323], [13.6755131, 55.8357255], [13.6751815, 55.836356], [13.6744599, 55.8367674], [13.6734688, 55.8371107], [13.6723821, 55.8373152], [13.6714548, 55.8373427], [13.6707349, 55.8374867], [13.6704881, 55.8378127], [13.6706082, 55.8382282], [13.6691258, 55.8387368], [13.66746, 55.8393125], [13.6671659, 55.839548], [13.6675265, 55.8397861], [13.6681215, 55.8398961], [13.6686423, 55.8403676], [13.6687006, 55.8407495], [13.668968, 55.8410382], [13.6690368, 55.8414607], [13.6687888, 55.8418285], [13.6685189, 55.8420137], [13.6684446, 55.8421507], [13.6684083, 55.842419], [13.6681175, 55.8426098], [13.6678179, 55.842785], [13.6675392, 55.8428904], [13.6670982, 55.8430075], [13.6668113, 55.8431312], [13.666694, 55.8432694], [13.6666981, 55.8434219], [13.6668169, 55.8437917], [13.667143, 55.844179], [13.6673855, 55.8447254], [13.6676802, 55.8451093], [13.668048, 55.8454231], [13.668151, 55.8457977], [13.6681651, 55.845849], [13.6680429, 55.8461944], [13.66798, 55.8466917], [13.6677148, 55.8472532]]}}, {"type": "Feature", "id": "77394434", "properties": {"osm_id": 77394434, "foot": "yes", "highway": "cycleway"}, "geometry": {"type": "LineString", "coordinates": [[13.6494616, 55.8475654], [13.6495176, 55.8476018], [13.6500026, 55.8476815], [13.6502277, 55.8477719], [13.6503731, 55.8478833], [13.6507289, 55.8479796], [13.6523939, 55.8479896], [13.652625, 55.8480605]]}}, {"type": "Feature", "id": "77394436", "properties": {"osm_id": 77394436, "foot": "yes", "highway": "cycleway"}, "geometry": {"type": "LineString", "coordinates": [[13.6510174, 55.8475388], [13.6502544, 55.8475426]]}}, {"type": "Feature", "id": "77394445", "properties": {"osm_id": 77394445, "bicycle": "no", "highway": "footway", "surface": "asphalt", "width": "2.4"}, "geometry": {"type": "LineString", "coordinates": [[13.6495525, 55.8497645], [13.6501694, 55.8498579], [13.6508046, 55.8499649], [13.6510217, 55.8500155], [13.6513469, 55.8500913], [13.6515319, 55.8501169], [13.6517143, 55.8501274], [13.6519021, 55.8501048], [13.6522807, 55.8500684], [13.6526719, 55.8500852], [13.6532995, 55.8501289], [13.6534873, 55.8501455], [13.6540586, 55.8502569], [13.6542517, 55.8502975], [13.6545441, 55.8503352], [13.654764, 55.8503472], [13.6549839, 55.8503412], [13.6552752, 55.8503182], [13.6557631, 55.8502772], [13.6559672, 55.8502739], [13.6562097, 55.85029], [13.6565463, 55.8502832]]}}, {"type": "Feature", "id": "77394458", "properties": {"osm_id": 77394458, "bicycle": "designated", "foot": "designated", "highway": "path", "segregated": "no"}, "geometry": {"type": "LineString", "coordinates": [[13.6662494, 55.8480545], [13.6652154, 55.8482502], [13.6649238, 55.8482654], [13.6647049, 55.8481856], [13.6644496, 55.8480689], [13.664311, 55.8479931], [13.664176, 55.8479972], [13.6636508, 55.8480832], [13.6633454, 55.8481911], [13.6631584, 55.8482675], [13.6627973, 55.8484108], [13.6625626, 55.8484934], [13.6624749, 55.8485159], [13.6621345, 55.8486034], [13.6618181, 55.8486955], [13.6618426, 55.8487235]]}}, {"type": "Feature", "id": "77394463", "properties": {"osm_id": 77394463, "bicycle": "designated", "foot": "designated", "highway": "path", "segregated": "no", "surface": "asphalt"}, "geometry": {"type": "LineString", "coordinates": [[13.6636693, 55.8473488], [13.6636654, 55.8474136], [13.6636539, 55.8475043], [13.6636472, 55.8476675], [13.6635669, 55.8478068], [13.6634465, 55.8479931], [13.6633454, 55.8481911]]}}, {"type": "Feature", "id": "77394469", "properties": {"osm_id": 77394469, "bicycle": "designated", "foot": "designated", "highway": "path", "segregated": "no", "surface": "asphalt"}, "geometry": {"type": "LineString", "coordinates": [[13.6649766, 55.8442716], [13.6650865, 55.8445379]]}}, {"type": "Feature", "id": "77394472", "properties": {"osm_id": 77394472, "bicycle": "designated", "foot": "designated", "highway": "path", "segregated": "no"}, "geometry": {"type": "LineString", "coordinates": [[13.6655263, 55.8431947], [13.6657525, 55.8437302], [13.6659042, 55.8440607], [13.6659371, 55.8441294], [13.6659571, 55.8442053], [13.6659536, 55.844233], [13.6659292, 55.8442655], [13.6658706, 55.8443037], [13.6657883, 55.8443724], [13.6656517, 55.8444683]]}}, {"type": "Feature", "id": "77394474", "properties": {"osm_id": 77394474, "foot": "yes", "highway": "cycleway"}, "geometry": {"type": "LineString", "coordinates": [[13.6526198, 55.8484911], [13.6526104, 55.8483588], [13.652625, 55.8480605], [13.6526088, 55.8476177], [13.6525117, 55.8475408], [13.6516481, 55.8475305]]}}, {"type": "Feature", "id": "77394478", "properties": {"osm_id": 77394478, "foot": "yes", "highway": "cycleway"}, "geometry": {"type": "LineString", "coordinates": [[13.6516532, 55.8470278], [13.6507945, 55.8470245], [13.6505169, 55.8469733], [13.6499522, 55.8468337], [13.6493692, 55.8467426]]}}, {"type": "Feature", "id": "77394481", "properties": {"osm_id": 77394481, "foot": "yes", "highway": "cycleway"}, "geometry": {"type": "LineString", "coordinates": [[13.6505169, 55.8469733], [13.6502544, 55.8473859], [13.6502544, 55.8475426], [13.6502277, 55.8477719]]}}, {"type": "Feature", "id": "77394487", "properties": {"osm_id": 77394487, "bicycle": "designated", "foot": "designated", "highway": "path", "segregated": "no"}, "geometry": {"type": "LineString", "coordinates": [[13.6614658, 55.8449394], [13.6613563, 55.8448915], [13.6609969, 55.8447555], [13.6598666, 55.8444466], [13.6596454, 55.8439732]]}}, {"type": "Feature", "id": "77394489", "properties": {"osm_id": 77394489, "bicycle": "designated", "foot": "designated", "highway": "path", "segregated": "no"}, "geometry": {"type": "LineString", "coordinates": [[13.6607621, 55.8442207], [13.6609969, 55.8447555]]}}, {"type": "Feature", "id": "77394492", "properties": {"osm_id": 77394492, "bicycle": "designated", "foot": "designated", "highway": "path", "segregated": "no"}, "geometry": {"type": "LineString", "coordinates": [[13.661818, 55.8442924], [13.6619783, 55.8447087], [13.6614658, 55.8449394]]}}, {"type": "Feature", "id": "77394497", "properties": {"osm_id": 77394497, "bicycle": "designated", "foot": "designated", "highway": "path", "segregated": "no"}, "geometry": {"type": "LineString", "coordinates": [[13.6640192, 55.8444236], [13.6641195, 55.8446805], [13.6639619, 55.8450997], [13.6639352, 55.8451567]]}}, {"type": "Feature", "id": "77394500", "properties": {"osm_id": 77394500, "bicycle": "designated", "foot": "designated", "highway": "path", "segregated": "no"}, "geometry": {"type": "LineString", "coordinates": [[13.6623963, 55.8469687], [13.6622432, 55.8469518], [13.6617648, 55.8469275]]}}, {"type": "Feature", "id": "77394502", "properties": {"osm_id": 77394502, "bicycle": "designated", "foot": "designated", "highway": "path", "segregated": "no"}, "geometry": {"type": "LineString", "coordinates": [[13.6621237, 55.846411], [13.6619871, 55.8463878], [13.6613392, 55.846356]]}}, {"type": "Feature", "id": "77394504", "properties": {"osm_id": 77394504, "bicycle": "designated", "foot": "designated", "highway": "path", "segregated": "no"}, "geometry": {"type": "LineString", "coordinates": [[13.6618448, 55.8458448], [13.6612536, 55.8458037]]}}, {"type": "Feature", "id": "77394506", "properties": {"osm_id": 77394506, "bicycle": "designated", "foot": "designated", "highway": "path", "segregated": "no"}, "geometry": {"type": "LineString", "coordinates": [[13.6619007, 55.8453086], [13.6614677, 55.845274], [13.6613108, 55.8452483], [13.661202, 55.8452474]]}}, {"type": "Feature", "id": "77394509", "properties": {"osm_id": 77394509, "bicycle": "designated", "foot": "designated", "highway": "path", "segregated": "no"}, "geometry": {"type": "LineString", "coordinates": [[13.6602726, 55.8457679], [13.6603699, 55.8452034]]}}, {"type": "Feature", "id": "77394514", "properties": {"osm_id": 77394514, "bicycle": "designated", "foot": "designated", "highway": "path", "segregated": "no"}, "geometry": {"type": "LineString", "coordinates": [[13.6656964, 55.8471325], [13.666245, 55.847185]]}}, {"type": "Feature", "id": "77394515", "properties": {"osm_id": 77394515, "bicycle": "designated", "foot": "designated", "highway": "path", "segregated": "no"}, "geometry": {"type": "LineString", "coordinates": [[13.6657694, 55.8466013], [13.6663239, 55.846635]]}}, {"type": "Feature", "id": "77394517", "properties": {"osm_id": 77394517, "bicycle": "designated", "foot": "designated", "highway": "path", "segregated": "no"}, "geometry": {"type": "LineString", "coordinates": [[13.6658982, 55.8460494], [13.6660357, 55.8460785], [13.6664187, 55.8460973]]}}, {"type": "Feature", "id": "77394518", "properties": {"osm_id": 77394518, "bicycle": "designated", "foot": "designated", "highway": "path", "segregated": "no"}, "geometry": {"type": "LineString", "coordinates": [[13.6659811, 55.8455259], [13.6664925, 55.8455605]]}}, {"type": "Feature", "id": "77394521", "properties": {"osm_id": 77394521, "bicycle": "designated", "foot": "designated", "highway": "path", "segregated": "no"}, "geometry": {"type": "LineString", "coordinates": [[13.6666011, 55.8448137], [13.6656517, 55.8444683], [13.6656066, 55.8444696], [13.6654307, 55.8444929], [13.6650865, 55.8445379], [13.6641195, 55.8446805], [13.6632005, 55.844809], [13.6630123, 55.8449535], [13.6627141, 55.8450061], [13.6614658, 55.8449394], [13.6613485, 55.8449925], [13.6613108, 55.8452483], [13.6612536, 55.8458037], [13.6612316, 55.846095], [13.6613392, 55.846356], [13.6614834, 55.8466592], [13.6617217, 55.8466995], [13.6617659, 55.8467466], [13.6617648, 55.8469275], [13.6616828, 55.8474339], [13.6616664, 55.8475355]]}}, {"type": "Feature", "id": "77394527", "properties": {"osm_id": 77394527, "attribution": "Region Skåne", "highway": "service", "service": "driveway", "surface": "gravel"}, "geometry": {"type": "LineString", "coordinates": [[13.6482906, 55.8617526], [13.6490217, 55.8612845], [13.6494011, 55.8610531], [13.6496123, 55.8609134]]}}, {"type": "Feature", "id": "77394530", "properties": {"osm_id": 77394530, "bicycle": "designated", "foot": "designated", "highway": "path", "segregated": "no"}, "geometry": {"type": "LineString", "coordinates": [[13.6772025, 55.8563662], [13.6767648, 55.8563194], [13.6767087, 55.8563018], [13.6766685, 55.8562634], [13.6766336, 55.85623], [13.6765982, 55.8562069], [13.676549, 55.8562009], [13.6763012, 55.8562312], [13.6762285, 55.8562733]]}}, {"type": "Feature", "id": "77394535", "properties": {"osm_id": 77394535, "bicycle": "designated", "foot": "designated", "highway": "path", "segregated": "no", "surface": "asphalt"}, "geometry": {"type": "LineString", "coordinates": [[13.6786968, 55.8551474], [13.6775738, 55.8551709], [13.6758219, 55.8551229], [13.6750066, 55.8551149], [13.6716458, 55.8550471]]}}, {"type": "Feature", "id": "77394538", "properties": {"osm_id": 77394538, "foot": "yes", "highway": "cycleway"}, "geometry": {"type": "LineString", "coordinates": [[13.6727759, 55.8517027], [13.6730475, 55.8515387]]}}, {"type": "Feature", "id": "77394539", "properties": {"osm_id": 77394539, "bicycle": "yes", "highway": "footway"}, "geometry": {"type": "LineString", "coordinates": [[13.6728675, 55.852713], [13.674181, 55.8528332], [13.6747251, 55.8529637]]}}, {"type": "Feature", "id": "77394543", "properties": {"osm_id": 77394543, "foot": "yes", "highway": "cycleway"}, "geometry": {"type": "LineString", "coordinates": [[13.6574401, 55.8612453], [13.657401, 55.8612152], [13.6569944, 55.8610929]]}}, {"type": "Feature", "id": "77394545", "properties": {"osm_id": 77394545, "foot": "yes", "highway": "cycleway"}, "geometry": {"type": "LineString", "coordinates": [[13.6562359, 55.860656], [13.6562468, 55.8606064], [13.6564724, 55.8603335]]}}, {"type": "Feature", "id": "77394549", "properties": {"osm_id": 77394549, "foot": "yes", "highway": "cycleway"}, "geometry": {"type": "LineString", "coordinates": [[13.657407, 55.8606253], [13.6575444, 55.8608495], [13.6576919, 55.86092], [13.6585264, 55.8611974], [13.6586421, 55.8612805], [13.6588953, 55.8614979], [13.6586392, 55.8618292]]}}, {"type": "Feature", "id": "77394552", "properties": {"osm_id": 77394552, "foot": "yes", "highway": "cycleway"}, "geometry": {"type": "LineString", "coordinates": [[13.6614226, 55.8602006], [13.6615499, 55.8603859], [13.660602, 55.8605774], [13.6602903, 55.8607207], [13.6602668, 55.8607651], [13.6595219, 55.8611394], [13.6588953, 55.8614979]]}}, {"type": "Feature", "id": "77394554", "properties": {"osm_id": 77394554, "foot": "yes", "highway": "cycleway"}, "geometry": {"type": "LineString", "coordinates": [[13.6607968, 55.8610195], [13.6603759, 55.8607379], [13.6602903, 55.8607207], [13.6596563, 55.8603737], [13.6595688, 55.8602748], [13.6595898, 55.8601763], [13.6598034, 55.860097], [13.6611682, 55.8598419]]}}, {"type": "Feature", "id": "77394559", "properties": {"osm_id": 77394559, "foot": "yes", "highway": "cycleway"}, "geometry": {"type": "LineString", "coordinates": [[13.6457043, 55.854935], [13.6462082, 55.8549234]]}}, {"type": "Feature", "id": "77394562", "properties": {"osm_id": 77394562, "bicycle": "designated", "foot": "designated", "highway": "path", "segregated": "no", "source": "NVDB"}, "geometry": {"type": "LineString", "coordinates": [[13.6455693, 55.8543348], [13.6461453, 55.8543324]]}}, {"type": "Feature", "id": "77394564", "properties": {"osm_id": 77394564, "bicycle": "designated", "foot": "designated", "highway": "path", "segregated": "no"}, "geometry": {"type": "LineString", "coordinates": [[13.6577914, 55.85648], [13.6569534, 55.856638], [13.6561043, 55.8567999], [13.6556249, 55.8568885]]}}, {"type": "Feature", "id": "77394569", "properties": {"osm_id": 77394569, "foot": "yes", "highway": "cycleway"}, "geometry": {"type": "LineString", "coordinates": [[13.6519043, 55.8619715], [13.652064, 55.8616386], [13.6522746, 55.8616822], [13.6524167, 55.8616898]]}}, {"type": "Feature", "id": "77394574", "properties": {"osm_id": 77394574, "foot": "yes", "highway": "cycleway"}, "geometry": {"type": "LineString", "coordinates": [[13.6517232, 55.8599774], [13.6520256, 55.8599867], [13.6528772, 55.8601685], [13.6530078, 55.8601681], [13.6530617, 55.8601395], [13.653136, 55.8601305], [13.6532481, 55.8601371], [13.653484, 55.8601567], [13.6535917, 55.8601403], [13.6537595, 55.8600964], [13.6545779, 55.8601169], [13.6557781, 55.8601667], [13.6564724, 55.8603335], [13.657407, 55.8606253], [13.6569944, 55.8610929], [13.6565842, 55.8615449], [13.6565122, 55.8617516], [13.6565282, 55.8619328], [13.6562434, 55.8622091], [13.6559622, 55.8626014], [13.6557574, 55.8629408], [13.6556542, 55.8631655]]}}, {"type": "Feature", "id": "77394581", "properties": {"osm_id": 77394581, "foot": "yes", "highway": "cycleway"}, "geometry": {"type": "LineString", "coordinates": [[13.6494199, 55.8531475], [13.6492861, 55.8532425], [13.6491366, 55.8533583], [13.6490611, 55.8534168], [13.6489259, 55.853597], [13.6478434, 55.8536096], [13.6467863, 55.8536113], [13.6464519, 55.8536463], [13.6461658, 55.8536494]]}}, {"type": "Feature", "id": "77394582", "properties": {"osm_id": 77394582, "foot": "yes", "highway": "cycleway"}, "geometry": {"type": "LineString", "coordinates": [[13.6489259, 55.853597], [13.6489157, 55.8539943]]}}, {"type": "Feature", "id": "77394583", "properties": {"osm_id": 77394583, "foot": "yes", "highway": "cycleway"}, "geometry": {"type": "LineString", "coordinates": [[13.6478616, 55.8530525], [13.6478434, 55.8536096], [13.6478454, 55.8540035]]}}, {"type": "Feature", "id": "77394584", "properties": {"osm_id": 77394584, "foot": "yes", "highway": "cycleway"}, "geometry": {"type": "LineString", "coordinates": [[13.6467863, 55.8536113], [13.6467922, 55.8539923]]}}, {"type": "Feature", "id": "77394586", "properties": {"osm_id": 77394586, "foot": "yes", "highway": "cycleway"}, "geometry": {"type": "LineString", "coordinates": [[13.6461853, 55.8535356], [13.6440433, 55.8533548]]}}, {"type": "Feature", "id": "77394588", "properties": {"osm_id": 77394588, "bicycle": "designated", "foot": "designated", "highway": "path", "segregated": "no", "source": "NVDB"}, "geometry": {"type": "LineString", "coordinates": [[13.6462558, 55.8553753], [13.6462082, 55.8549234], [13.6461453, 55.8543324], [13.646142, 55.8538562], [13.6461658, 55.8536494], [13.6461853, 55.8535356], [13.6463981, 55.8528387], [13.6464866, 55.852658], [13.646997, 55.85243], [13.6471316, 55.8521649], [13.6473654, 55.8516126]]}}, {"type": "Feature", "id": "77394590", "properties": {"osm_id": 77394590, "foot": "yes", "highway": "cycleway"}, "geometry": {"type": "LineString", "coordinates": [[13.6467058, 55.8515081], [13.6472607, 55.8516077], [13.6473654, 55.8516126], [13.6474523, 55.8515862], [13.6475423, 55.8515753], [13.6485738, 55.8515659], [13.6489169, 55.8514386]]}}, {"type": "Feature", "id": "77394591", "properties": {"osm_id": 77394591, "foot": "yes", "highway": "cycleway"}, "geometry": {"type": "LineString", "coordinates": [[13.646509, 55.8520925], [13.6471316, 55.8521649]]}}, {"type": "Feature", "id": "77394593", "properties": {"osm_id": 77394593, "foot": "yes", "highway": "cycleway"}, "geometry": {"type": "LineString", "coordinates": [[13.6458116, 55.8525683], [13.6464866, 55.852658], [13.6471481, 55.8527793], [13.6472408, 55.8528159], [13.6475131, 55.8529712], [13.6477131, 55.8530291], [13.6478616, 55.8530525], [13.6489163, 55.8531398], [13.6494199, 55.8531475], [13.6500876, 55.8531378], [13.6513889, 55.8531655]]}}, {"type": "Feature", "id": "77394595", "properties": {"osm_id": 77394595, "foot": "yes", "highway": "cycleway"}, "geometry": {"type": "LineString", "coordinates": [[13.6500878, 55.8533574], [13.6500876, 55.8531378], [13.6500817, 55.8529658]]}}, {"type": "Feature", "id": "77394600", "properties": {"osm_id": 77394600, "bicycle": "designated", "foot": "designated", "highway": "path", "segregated": "no", "source": "NVDB"}, "geometry": {"type": "LineString", "coordinates": [[13.643946, 55.8559971], [13.6441678, 55.8557471], [13.6442328, 55.8556366], [13.6442404, 55.8554642], [13.6442189, 55.8553469], [13.6439985, 55.8552783]]}}, {"type": "Feature", "id": "77394604", "properties": {"osm_id": 77394604, "highway": "unclassified", "lit": "yes", "name": "Lågehusvägen"}, "geometry": {"type": "LineString", "coordinates": [[13.6635479, 55.8638234], [13.6615537, 55.8637135], [13.6600956, 55.8636374], [13.6598923, 55.8636377], [13.6596855, 55.8636491], [13.659339, 55.8636785], [13.6589931, 55.8636684], [13.6587332, 55.863636], [13.6581847, 55.8635407], [13.6571394, 55.8633873], [13.6559344, 55.8632176], [13.6556542, 55.8631655], [13.6555113, 55.863138], [13.6554232, 55.863121], [13.6545326, 55.8628754], [13.6533589, 55.862529], [13.6525328, 55.8622219], [13.6519043, 55.8619715], [13.6510943, 55.8616528], [13.6504024, 55.8613851], [13.6501982, 55.861273], [13.649859, 55.8610413], [13.6496123, 55.8609134]]}}, {"type": "Feature", "id": "77409945", "properties": {"osm_id": 77409945, "highway": "footway", "surface": "asphalt"}, "geometry": {"type": "LineString", "coordinates": [[13.6568898, 55.8496229], [13.6567248, 55.8497069], [13.6566093, 55.8500352]]}}, {"type": "Feature", "id": "77409947", "properties": {"osm_id": 77409947, "highway": "footway"}, "geometry": {"type": "LineString", "coordinates": [[13.6526644, 55.8498024], [13.6517527, 55.8497534], [13.6514761, 55.8497188], [13.6505276, 55.8492975], [13.6504648, 55.8492298], [13.6505039, 55.8480885]]}}, {"type": "Feature", "id": "77409953", "properties": {"osm_id": 77409953, "foot": "yes", "highway": "cycleway", "segregated": "no", "surface": "asphalt"}, "geometry": {"type": "LineString", "coordinates": [[13.657171, 55.8449703], [13.6570631, 55.8449362], [13.656713, 55.8448866], [13.6563986, 55.8448218], [13.6563024, 55.8447702], [13.6562589, 55.84474], [13.6561949, 55.8446431], [13.6566155, 55.843674], [13.6566166, 55.8433786], [13.6566485, 55.843181], [13.6568141, 55.8429949], [13.6573402, 55.8426828], [13.6579145, 55.8422267], [13.6583842, 55.8419824], [13.6588089, 55.8418636], [13.6592464, 55.841807], [13.6597151, 55.8417465], [13.6600238, 55.8416118], [13.6602303, 55.8412907], [13.6603623, 55.8409488], [13.6603358, 55.8407164]]}}, {"type": "Feature", "id": "77409981", "properties": {"osm_id": 77409981, "access": "yes", "foot": "yes", "highway": "residential", "lit": "yes", "maxspeed": "40", "name": "Ekerödsgatan"}, "geometry": {"type": "LineString", "coordinates": [[13.648917, 55.8474962], [13.6488309, 55.8475195], [13.6481033, 55.8473898]]}}, {"type": "Feature", "id": "77409987", "properties": {"osm_id": 77409987, "access": "no", "highway": "service"}, "geometry": {"type": "LineString", "coordinates": [[13.6583881, 55.8581186], [13.6584215, 55.8585676], [13.6584717, 55.8591263], [13.658502, 55.8592979], [13.6586888, 55.8596894]]}}, {"type": "Feature", "id": "86005492", "properties": {"osm_id": 86005492, "highway": "tertiary", "maxspeed": "40", "name": "Råbyvägen", "ref": "M 1082", "surface": "paved"}, "geometry": {"type": "LineString", "coordinates": [[13.6702073, 55.8462618], [13.6705374, 55.846055], [13.6706112, 55.8460002], [13.6707089, 55.8459277], [13.6708542, 55.84582], [13.6710173, 55.8456991], [13.671222, 55.8455483], [13.6717088, 55.8451913], [13.6723476, 55.8447327], [13.6729858, 55.844261], [13.6736777, 55.8437106], [13.6737563, 55.8436466], [13.6740816, 55.8434176]]}}, {"type": "Feature", "id": "86005510", "properties": {"osm_id": 86005510, "bridge": "yes", "highway": "tertiary", "layer": "1", "maxspeed": "40", "name": "Råbyvägen", "ref": "M 1082"}, "geometry": {"type": "LineString", "coordinates": [[13.6698232, 55.8465208], [13.6702073, 55.8462618]]}}, {"type": "Feature", "id": "86005855", "properties": {"osm_id": 86005855, "access": "yes", "foot": "yes", "highway": "service", "lit": "yes"}, "geometry": {"type": "LineString", "coordinates": [[13.6696623, 55.8466328], [13.6694199, 55.8465364], [13.6692591, 55.8464598], [13.6691205, 55.8463611]]}}, {"type": "Feature", "id": "86006032", "properties": {"osm_id": 86006032, "access": "yes", "bridge": "yes", "foot": "yes", "highway": "residential", "layer": "1", "lit": "yes", "maxspeed": "40", "name": "Tvärgatan"}, "geometry": {"type": "LineString", "coordinates": [[13.6670162, 55.8476026], [13.667456, 55.8476264]]}}, {"type": "Feature", "id": "86006068", "properties": {"osm_id": 86006068, "access": "yes", "foot": "yes", "highway": "residential", "lit": "yes", "maxspeed": "40", "name": "Tvärgatan"}, "geometry": {"type": "LineString", "coordinates": [[13.667456, 55.8476264], [13.6677875, 55.8476398], [13.6678757, 55.8476454], [13.6680571, 55.8476611], [13.6686422, 55.8477316]]}}, {"type": "Feature", "id": "118039316", "properties": {"osm_id": 118039316, "highway": "primary", "lit": "yes", "maxspeed": "80", "ref": "13", "surface": "asphalt"}, "geometry": {"type": "LineString", "coordinates": [[13.6449299, 55.8503997], [13.6445237, 55.8511911], [13.6441089, 55.8520563], [13.6424608, 55.8552963], [13.6422447, 55.8557449], [13.642008, 55.8561954], [13.6413664, 55.8574639]]}}, {"type": "Feature", "id": "118039318", "properties": {"osm_id": 118039318, "highway": "secondary", "maxspeed": "70", "name": "Osbyholm Banvallsvägen", "ref": "M 1134", "surface": "asphalt"}, "geometry": {"type": "LineString", "coordinates": [[13.6436684, 55.849266], [13.6430262, 55.8491804], [13.6427445, 55.8491418], [13.6399922, 55.8487761], [13.6392449, 55.8486943], [13.6388702, 55.8486642], [13.6377793, 55.8486052], [13.637119, 55.8485966], [13.6364159, 55.8485975], [13.6356169, 55.8486474], [13.6350641, 55.8486977], [13.6348844, 55.848714], [13.6334969, 55.8489051], [13.6325477, 55.8490528], [13.6318012, 55.8491751], [13.6314696, 55.8492294], [13.6310282, 55.8493194], [13.6308606, 55.8493536], [13.6301594, 55.8495277], [13.6299784, 55.849577], [13.6292742, 55.8497688], [13.6291854, 55.849793], [13.6285608, 55.8499647], [13.6283868, 55.8500125], [13.6277918, 55.8501358], [13.6272295, 55.8502227], [13.6266879, 55.8502864], [13.6262507, 55.8503169], [13.6258161, 55.8503472], [13.6254303, 55.8503681], [13.6248, 55.8504022], [13.6240933, 55.8504456], [13.6235001, 55.8504659], [13.6228914, 55.8504572], [13.6224529, 55.8504341], [13.6219629, 55.8503964], [13.6211943, 55.8503269], [13.6206372, 55.850298], [13.620427, 55.850295], [13.6202349, 55.8502922], [13.6197345, 55.8503182], [13.6191516, 55.850379], [13.6183108, 55.8504659], [13.6174968, 55.8505309]]}}, {"type": "Feature", "id": "118039319", "properties": {"osm_id": 118039319, "highway": "secondary", "maxspeed": "40", "name": "Ringsjövägen", "ref": "M 1134", "surface": "asphalt"}, "geometry": {"type": "LineString", "coordinates": [[13.6526277, 55.8505065], [13.6527858, 55.8505278], [13.6544411, 55.8507265], [13.6554338, 55.8508188], [13.6556841, 55.8508384], [13.6560719, 55.8508689], [13.6564511, 55.8509072], [13.6567377, 55.8509285], [13.6578184, 55.8510161], [13.658001, 55.8510218], [13.6581562, 55.8510169], [13.6583085, 55.8510068], [13.6591546, 55.8509151], [13.6597191, 55.8508483]]}}, {"type": "Feature", "id": "118039320", "properties": {"osm_id": 118039320, "highway": "primary", "maxspeed": "60", "oneway": "yes", "ref": "13", "surface": "asphalt"}, "geometry": {"type": "LineString", "coordinates": [[13.6458555, 55.8485838], [13.6458117, 55.8487886], [13.645819, 55.8489237], [13.6458628, 55.8490752], [13.6459307, 55.8492495]]}}, {"type": "Feature", "id": "152728009", "properties": {"osm_id": 152728009, "bicycle": "designated", "foot": "designated", "highway": "path", "horse": "designated", "mofa": "no", "moped": "no", "note": "Skyltad som GC-bana från ena hållet, cykelväg från andra", "segregated": "no", "source": "GPS", "surface": "unpaved"}, "geometry": {"type": "LineString", "coordinates": [[13.6792672, 55.8551358], [13.6793964, 55.8551172], [13.680805, 55.8549948], [13.6816432, 55.8549329], [13.6824229, 55.8548921], [13.6831287, 55.8548769], [13.6839216, 55.8549207], [13.6851373, 55.8550597], [13.6883805, 55.8553751], [13.6922847, 55.8557736], [13.6937577, 55.8560425], [13.6952129, 55.8564808], [13.697307, 55.8572079], [13.7017661, 55.8587113], [13.7021517, 55.8588413], [13.7052219, 55.8598473], [13.7074913, 55.8606139], [13.7083195, 55.8609942], [13.7091195, 55.8614748], [13.7101892, 55.8621825], [13.7111683, 55.8628442]]}}, {"type": "Feature", "id": "161390414", "properties": {"osm_id": 161390414, "highway": "unclassified", "name": "Parkgatan"}, "geometry": {"type": "LineString", "coordinates": [[13.6744955, 55.8574447], [13.6749532, 55.8572297]]}}, {"type": "Feature", "id": "161390415", "properties": {"osm_id": 161390415, "highway": "living_street", "name": "Nygatan", "surface": "sett"}, "geometry": {"type": "LineString", "coordinates": [[13.6601442, 55.851442], [13.660172, 55.8515434], [13.6603673, 55.8520496]]}}, {"type": "Feature", "id": "163989517", "properties": {"osm_id": 163989517, "bridge": "yes", "highway": "tertiary", "layer": "1", "maxspeed": "40", "name": "Nygatan"}, "geometry": {"type": "LineString", "coordinates": [[13.6595939, 55.8498935], [13.6596663, 55.8500871]]}}, {"type": "Feature", "id": "163989518", "properties": {"osm_id": 163989518, "highway": "tertiary", "maxspeed": "40", "name": "Nygatan", "surface": "asphalt"}, "geometry": {"type": "LineString", "coordinates": [[13.6596663, 55.8500871], [13.659689, 55.8501548], [13.6598802, 55.8506761], [13.6599275, 55.8508202]]}}, {"type": "Feature", "id": "163989521", "properties": {"osm_id": 163989521, "cycleway:left": "lane", "cycleway:left:oneway": "no", "highway": "residential", "lit": "yes", "maxspeed": "40", "name": "Ystadsvägen", "oneway": "yes", "oneway:bicycle": "no", "oneway:foot": "no"}, "geometry": {"type": "LineString", "coordinates": [[13.6609203, 55.8476159], [13.6609272, 55.8475568], [13.6609273, 55.8474652], [13.660921, 55.8474009], [13.6609014, 55.8472977], [13.6608524, 55.8472177], [13.6607802, 55.8471193], [13.6606887, 55.8470184], [13.6605513, 55.8469066], [13.6603766, 55.8467783], [13.6602447, 55.8466887], [13.6600814, 55.8465888], [13.6596162, 55.8463632], [13.659403, 55.8462727], [13.6590785, 55.8461489], [13.658511, 55.8459534]]}}, {"type": "Feature", "id": "163989527", "properties": {"osm_id": 163989527, "bicycle": "designated", "foot": "designated", "highway": "path", "segregated": "no", "surface": "paved"}, "geometry": {"type": "LineString", "coordinates": [[13.67858, 55.8401778], [13.6779581, 55.8407862], [13.677589, 55.8411253], [13.6773414, 55.8413148], [13.6769921, 55.8415482], [13.6763293, 55.8419673], [13.6757817, 55.8422886], [13.6755775, 55.8424146], [13.6750831, 55.8427601], [13.6749297, 55.8428291], [13.6745272, 55.8431608], [13.6741487, 55.8434354]]}}, {"type": "Feature", "id": "163989533", "properties": {"osm_id": 163989533, "bicycle": "designated", "bridge": "yes", "foot": "designated", "highway": "path", "layer": "1", "segregated": "no"}, "geometry": {"type": "LineString", "coordinates": [[13.6663034, 55.8481163], [13.6664708, 55.8482536]]}}, {"type": "Feature", "id": "163989537", "properties": {"osm_id": 163989537, "bridge": "yes", "foot": "yes", "highway": "cycleway", "layer": "1"}, "geometry": {"type": "LineString", "coordinates": [[13.6618426, 55.8487235], [13.6619272, 55.8488405]]}}, {"type": "Feature", "id": "163989539", "properties": {"osm_id": 163989539, "attribution": "Region Skåne", "highway": "path", "layer": "-1", "odbl": "clean", "tunnel": "yes"}, "geometry": {"type": "LineString", "coordinates": [[13.6471733, 55.862909], [13.6474948, 55.8627257]]}}, {"type": "Feature", "id": "163989540", "properties": {"osm_id": 163989540, "access": "yes", "bridge": "yes", "foot": "yes", "highway": "service", "layer": "1", "lit": "yes"}, "geometry": {"type": "LineString", "coordinates": [[13.6691205, 55.8463611], [13.6690396, 55.8462307], [13.6689732, 55.8460811]]}}, {"type": "Feature", "id": "163989542", "properties": {"osm_id": 163989542, "bridge": "yes", "highway": "footway", "layer": "1", "surface": "asphalt"}, "geometry": {"type": "LineString", "coordinates": [[13.6566093, 55.8500352], [13.6565916, 55.8501029], [13.6565731, 55.8501741], [13.6565655, 55.8501978]]}}, {"type": "Feature", "id": "163989544", "properties": {"osm_id": 163989544, "bicycle": "designated", "foot": "designated", "highway": "path", "segregated": "no"}, "geometry": {"type": "LineString", "coordinates": [[13.6664708, 55.8482536], [13.6666381, 55.8484083], [13.6667372, 55.8485]]}}, {"type": "Feature", "id": "163989546", "properties": {"osm_id": 163989546, "bridge": "yes", "highway": "service", "layer": "1", "name": "Ågatan"}, "geometry": {"type": "LineString", "coordinates": [[13.6526764, 55.8500484], [13.6526711, 55.8498963]]}}, {"type": "Feature", "id": "163989564", "properties": {"osm_id": 163989564, "highway": "service"}, "geometry": {"type": "LineString", "coordinates": [[13.6774705, 55.8410947], [13.677589, 55.8411253], [13.6791898, 55.8416344]]}}, {"type": "Feature", "id": "163989565", "properties": {"osm_id": 163989565, "highway": "footway", "surface": "compacted", "width": "2.4"}, "geometry": {"type": "LineString", "coordinates": [[13.6565655, 55.8501978], [13.6565463, 55.8502832], [13.6565326, 55.8503847], [13.6564707, 55.8508441], [13.6564665, 55.8508692], [13.6564511, 55.8509072]]}}, {"type": "Feature", "id": "163989578", "properties": {"osm_id": 163989578, "bicycle": "designated", "foot": "designated", "highway": "path", "segregated": "no"}, "geometry": {"type": "LineString", "coordinates": [[13.6619272, 55.8488405], [13.6619459, 55.8488598], [13.6619871, 55.8490407], [13.6619432, 55.8491852], [13.6615904, 55.8494713], [13.6613912, 55.8496578], [13.6611695, 55.8498066], [13.6611132, 55.8499081], [13.6610526, 55.8499802]]}}, {"type": "Feature", "id": "163989583", "properties": {"osm_id": 163989583, "attribution": "Region Skåne", "highway": "path"}, "geometry": {"type": "LineString", "coordinates": [[13.6474948, 55.8627257], [13.6477094, 55.8625503], [13.6478435, 55.8623348], [13.6479213, 55.8620888], [13.6480141, 55.8619297], [13.6482906, 55.8617526]]}}, {"type": "Feature", "id": "163989584", "properties": {"osm_id": 163989584, "access": "yes", "foot": "yes", "highway": "service", "lit": "yes"}, "geometry": {"type": "LineString", "coordinates": [[13.6689732, 55.8460811], [13.6689213, 55.8459723], [13.6689023, 55.8459148], [13.6688937, 55.8458486], [13.6688877, 55.8457999], [13.668898, 55.8457359], [13.6689368, 55.8455868], [13.6690207, 55.8454578], [13.6690851, 55.8453641], [13.6691743, 55.8452697], [13.6692904, 55.8451754], [13.669727, 55.8448356]]}}, {"type": "Feature", "id": "163989599", "properties": {"osm_id": 163989599, "bridge": "yes", "highway": "primary", "layer": "1", "maxspeed": "60", "ref": "13"}, "geometry": {"type": "LineString", "coordinates": [[13.6461622, 55.8479709], [13.646098, 55.8481063]]}}, {"type": "Feature", "id": "163989600", "properties": {"osm_id": 163989600, "cycleway:both": "no", "highway": "primary", "lanes": "2", "maxspeed": "60", "ref": "13", "surface": "asphalt"}, "geometry": {"type": "LineString", "coordinates": [[13.646098, 55.8481063], [13.6458555, 55.8485838]]}}, {"type": "Feature", "id": "187720408", "properties": {"osm_id": 187720408, "destination": "Lund E22", "highway": "trunk_link", "lanes": "1", "maxspeed": "100", "motorroad": "yes", "oneway": "yes"}, "geometry": {"type": "LineString", "coordinates": [[13.6398699, 55.8599895], [13.6399664, 55.8601503], [13.6400347, 55.8602423], [13.6400926, 55.8602939], [13.6401529, 55.8603429], [13.6402299, 55.8603914], [13.6403387, 55.8604509]]}}, {"type": "Feature", "id": "202984502", "properties": {"osm_id": 202984502, "highway": "secondary", "maxspeed": "40", "name": "Kristianstadsvägen", "ref": "M 1134", "surface": "asphalt"}, "geometry": {"type": "LineString", "coordinates": [[13.670313, 55.8548147], [13.6707692, 55.8549972], [13.6723741, 55.8557061], [13.6738821, 55.8564626], [13.6744185, 55.8567721], [13.6745572, 55.8568664], [13.6746429, 55.8569184], [13.6747184, 55.8569569], [13.6747869, 55.8569817]]}}, {"type": "Feature", "id": "220949034", "properties": {"osm_id": 220949034, "access": "yes", "foot": "yes", "highway": "residential", "lit": "yes", "maxspeed": "40", "name": "Hästhovsgatan"}, "geometry": {"type": "LineString", "coordinates": [[13.6749741, 55.8482379], [13.6749416, 55.8479873], [13.674743, 55.8477207], [13.6743462, 55.8471932]]}}, {"type": "Feature", "id": "222657232", "properties": {"osm_id": 222657232, "access": "yes", "foot": "yes", "highway": "residential", "lit": "yes", "maxspeed": "40", "name": "Hästhovsgatan"}, "geometry": {"type": "LineString", "coordinates": [[13.674743, 55.8477207], [13.6755883, 55.8477397]]}}, {"type": "Feature", "id": "222657233", "properties": {"osm_id": 222657233, "access": "yes", "foot": "yes", "highway": "residential", "lit": "yes", "maxspeed": "40", "name": "Margaretagatan"}, "geometry": {"type": "LineString", "coordinates": [[13.6722345, 55.8454543], [13.6730765, 55.845658], [13.6731336, 55.8456718], [13.6735959, 55.8457836]]}}, {"type": "Feature", "id": "228607553", "properties": {"osm_id": 228607553, "highway": "service", "service": "driveway"}, "geometry": {"type": "LineString", "coordinates": [[13.6440857, 55.8436205], [13.6443539, 55.8438073], [13.6443539, 55.8440121], [13.6443024, 55.8446792]]}}, {"type": "Feature", "id": "228607561", "properties": {"osm_id": 228607561, "highway": "service", "service": "driveway"}, "geometry": {"type": "LineString", "coordinates": [[13.6422404, 55.8449759], [13.6424696, 55.8443387]]}}, {"type": "Feature", "id": "228607569", "properties": {"osm_id": 228607569, "highway": "unclassified", "name": "Medicingatan", "surface": "asphalt"}, "geometry": {"type": "LineString", "coordinates": [[13.6386349, 55.8500745], [13.6392206, 55.8501651], [13.6395987, 55.8501696], [13.6405324, 55.8501791], [13.6407282, 55.8501812], [13.6410445, 55.8501844], [13.6413693, 55.8501894], [13.6416219, 55.8501908], [13.6417265, 55.8501855], [13.6417973, 55.8501713], [13.6418398, 55.850148], [13.6419177, 55.8500788], [13.642006, 55.8500194], [13.6420846, 55.8499886], [13.6421368, 55.8499631], [13.6424434, 55.849712], [13.6425844, 55.8494542]]}}, {"type": "Feature", "id": "228607579", "properties": {"osm_id": 228607579, "highway": "service", "service": "driveway"}, "geometry": {"type": "LineString", "coordinates": [[13.6409502, 55.8421721], [13.6413713, 55.8421631], [13.6424335, 55.8421149], [13.6424696, 55.8443387]]}}, {"type": "Feature", "id": "228609631", "properties": {"osm_id": 228609631, "highway": "service", "service": "driveway"}, "geometry": {"type": "LineString", "coordinates": [[13.6485999, 55.8605979], [13.6488878, 55.8606331], [13.6493217, 55.8607726], [13.6496123, 55.8609134]]}}, {"type": "Feature", "id": "228609632", "properties": {"osm_id": 228609632, "highway": "service"}, "geometry": {"type": "LineString", "coordinates": [[13.6791568, 55.8402687], [13.6825918, 55.8408799], [13.6824419, 55.8411718], [13.6823268, 55.84143], [13.6823002, 55.8415598], [13.6822946, 55.8417094]]}}, {"type": "Feature", "id": "228736664", "properties": {"osm_id": 228736664, "highway": "track", "tracktype": "grade2"}, "geometry": {"type": "LineString", "coordinates": [[13.6458747, 55.8631081], [13.6461246, 55.8629619], [13.6463098, 55.862881], [13.6463921, 55.8628541], [13.6466151, 55.8628329], [13.6467626, 55.8628271], [13.6468758, 55.8627848], [13.6468792, 55.8627578], [13.6467557, 55.8626866], [13.6466048, 55.862625], [13.6463295, 55.862597], [13.6435614, 55.86232], [13.6395607, 55.8618379], [13.6394885, 55.8618557], [13.6394165, 55.8619096], [13.6393238, 55.8620963], [13.6390666, 55.8631165], [13.6389843, 55.8635438], [13.6389843, 55.8636054], [13.6390357, 55.8636593], [13.6391558, 55.8637074], [13.6392347, 55.8637652], [13.6392964, 55.8638114]]}}, {"type": "Feature", "id": "228736683", "properties": {"osm_id": 228736683, "highway": "service", "name": "Uggleborgsvägen"}, "geometry": {"type": "LineString", "coordinates": [[13.6991679, 55.8592974], [13.6982435, 55.8595206], [13.6980628, 55.8595624], [13.6972582, 55.859743], [13.6961853, 55.8597731], [13.6952304, 55.8598303], [13.694533, 55.8598273], [13.6938679, 55.8598935], [13.6929559, 55.8598935], [13.6918723, 55.8596437], [13.6903273, 55.8591981], [13.689984, 55.8590626], [13.6886429, 55.8587977], [13.6873125, 55.8585809], [13.6867546, 55.8584966], [13.6860036, 55.8584243], [13.6849737, 55.8584966], [13.6840188, 55.8585688], [13.6833858, 55.8585328], [13.682034, 55.8584304], [13.6809182, 55.8584364], [13.6808112, 55.8584682]]}}, {"type": "Feature", "id": "229047772", "properties": {"osm_id": 229047772, "attribution": "Region Skåne", "bicycle": "designated", "foot": "designated", "highway": "footway", "layer": "-1", "lit": "no", "segregated": "no", "surface": "asphalt", "tunnel": "yes"}, "geometry": {"type": "LineString", "coordinates": [[13.6424128, 55.8556679], [13.6421108, 55.8556203]]}}, {"type": "Feature", "id": "229047773", "properties": {"osm_id": 229047773, "attribution": "Region Skåne", "bicycle": "designated", "foot": "designated", "highway": "path", "horse": "unknown", "lit": "yes", "name": "Banvallen", "segregated": "no", "surface": "asphalt"}, "geometry": {"type": "LineString", "coordinates": [[13.6421108, 55.8556203], [13.64149, 55.8555369], [13.6412396, 55.8555119], [13.6409104, 55.855485], [13.6405742, 55.8554465], [13.6401536, 55.8553977]]}}, {"type": "Feature", "id": "229049006", "properties": {"osm_id": 229049006, "highway": "service", "service": "driveway"}, "geometry": {"type": "LineString", "coordinates": [[13.6387517, 55.8637873], [13.6392964, 55.8638114], [13.6399859, 55.8638229], [13.6402345, 55.8637891], [13.6404517, 55.8637439], [13.640677, 55.8636521], [13.6409962, 55.8635483], [13.6412296, 55.8635302], [13.64223, 55.8635317], [13.6425894, 55.8635106], [13.6431178, 55.8634038], [13.6435738, 55.8633496], [13.6439708, 55.8633225], [13.6442926, 55.863321], [13.644821, 55.8633526], [13.645356, 55.863393]]}}, {"type": "Feature", "id": "232935258", "properties": {"osm_id": 232935258, "bicycle": "no", "fixme": "Ser inte varför dessa \"stigar\" är separata. Borde inte en större del av dessa sträckor räknas som en del av respektive sekundär väg?", "foot": "designated", "highway": "path", "segregated": "no", "surface": "asphalt", "width": "2.4"}, "geometry": {"type": "LineString", "coordinates": [[13.6516981, 55.8502305], [13.6518063, 55.8502624], [13.6521782, 55.8503714], [13.6522859, 55.8503978], [13.6524059, 55.8504162], [13.6525325, 55.8504312], [13.6526416, 55.8504441], [13.6528103, 55.8504693], [13.6539878, 55.8506192], [13.6542578, 55.8506574], [13.6545628, 55.8506827], [13.6554554, 55.8507566], [13.6564665, 55.8508692], [13.6567417, 55.8508902], [13.6576696, 55.8509671], [13.6578231, 55.8509786], [13.6579511, 55.8509822], [13.6580603, 55.8509826], [13.6582979, 55.8509718], [13.6589514, 55.8509032], [13.6597034, 55.8508161], [13.6597869, 55.8507786], [13.6598193, 55.8507493], [13.6598274, 55.8507213], [13.6598197, 55.8506831], [13.6598802, 55.8506761], [13.6599301, 55.8506691], [13.6599493, 55.850709], [13.6599944, 55.8507327], [13.6600318, 55.8507391], [13.6600951, 55.8507397], [13.6603449, 55.8507164], [13.6604713, 55.8507063], [13.6605819, 55.8507127], [13.660715, 55.8507406]]}}, {"type": "Feature", "id": "232935261", "properties": {"osm_id": 232935261, "area": "yes", "bus": "yes", "highway": "platform", "network": "Skånetrafiken", "public_transport": "platform", "route_ref": "SkåneExpressen 1;SkåneExpressen 2;330;469;470;474"}, "geometry": {"type": "LineString", "coordinates": [[13.6503833, 55.8502474], [13.6499014, 55.8501862], [13.6498891, 55.8502109], [13.6503681, 55.8502722], [13.6503833, 55.8502474]]}}, {"type": "Feature", "id": "232935263", "properties": {"osm_id": 232935263, "area": "yes", "bus": "yes", "highway": "platform", "network": "Skånetrafiken", "public_transport": "platform", "route_ref": "SkåneExpressen 1;SkåneExpressen 2;330;469;470;474"}, "geometry": {"type": "LineString", "coordinates": [[13.6516194, 55.850213], [13.6515915, 55.8502643], [13.6510683, 55.8501967], [13.6510882, 55.8501431], [13.6516194, 55.850213]]}}, {"type": "Feature", "id": "232935270", "properties": {"osm_id": 232935270, "bicycle": "designated", "fixme": "Ser inte varför dessa \"stigar\" är separata. Borde inte en större del av dessa sträckor räknas som en del av respektive sekundär väg?", "foot": "designated", "highway": "path", "oneway:bicycle": "yes", "segregated": "no"}, "geometry": {"type": "LineString", "coordinates": [[13.6597269, 55.8508842], [13.6583208, 55.8510417], [13.6581281, 55.8510563], [13.6579588, 55.8510597], [13.657812, 55.8510562], [13.6576579, 55.8510463]]}}, {"type": "Feature", "id": "239480150", "properties": {"osm_id": 239480150, "attribution": "Region Skåne", "bicycle": "designated", "foot": "designated", "highway": "path", "lit": "yes", "segregated": "no", "source": "NVDB", "surface": "asphalt", "was:railway": "rail"}, "geometry": {"type": "LineString", "coordinates": [[13.6542161, 55.8568564], [13.6535634, 55.8568296], [13.651498, 55.8567446], [13.6506465, 55.8567061], [13.6497967, 55.8566677], [13.6484482, 55.8566068], [13.6476687, 55.8565749], [13.6466695, 55.8564996], [13.6461091, 55.8564384]]}}, {"type": "Feature", "id": "239480151", "properties": {"osm_id": 239480151, "highway": "service", "service": "driveway"}, "geometry": {"type": "LineString", "coordinates": [[13.6500832, 55.8465565], [13.6501172, 55.8464985]]}}, {"type": "Feature", "id": "239480152", "properties": {"osm_id": 239480152, "highway": "service", "service": "parking_aisle"}, "geometry": {"type": "LineString", "coordinates": [[13.6541648, 55.8565931], [13.6536464, 55.8566108]]}}, {"type": "Feature", "id": "239480153", "properties": {"osm_id": 239480153, "highway": "service", "service": "driveway"}, "geometry": {"type": "LineString", "coordinates": [[13.6494959, 55.8464789], [13.6500832, 55.8465565]]}}, {"type": "Feature", "id": "239480155", "properties": {"osm_id": 239480155, "highway": "service", "service": "driveway"}, "geometry": {"type": "LineString", "coordinates": [[13.649214, 55.8470191], [13.6486221, 55.8468929]]}}, {"type": "Feature", "id": "239480156", "properties": {"osm_id": 239480156, "foot": "yes", "highway": "cycleway", "segregated": "no", "surface": "asphalt"}, "geometry": {"type": "LineString", "coordinates": [[13.6598875, 55.8408134], [13.6597184, 55.8407035]]}}, {"type": "Feature", "id": "239480157", "properties": {"osm_id": 239480157, "highway": "service", "service": "driveway"}, "geometry": {"type": "LineString", "coordinates": [[13.6516508, 55.8472649], [13.6522078, 55.8472586]]}}, {"type": "Feature", "id": "239480158", "properties": {"osm_id": 239480158, "highway": "service", "service": "driveway"}, "geometry": {"type": "LineString", "coordinates": [[13.6500479, 55.8466387], [13.6500832, 55.8465565]]}}, {"type": "Feature", "id": "239480159", "properties": {"osm_id": 239480159, "highway": "service", "service": "driveway"}, "geometry": {"type": "LineString", "coordinates": [[13.6497262, 55.8459998], [13.6502668, 55.8460686]]}}, {"type": "Feature", "id": "239480160", "properties": {"osm_id": 239480160, "highway": "service", "service": "driveway"}, "geometry": {"type": "LineString", "coordinates": [[13.6485794, 55.8469378], [13.6486221, 55.8468929]]}}, {"type": "Feature", "id": "239480161", "properties": {"osm_id": 239480161, "highway": "service"}, "geometry": {"type": "LineString", "coordinates": [[13.6527174, 55.8549625], [13.6539072, 55.8549668]]}}, {"type": "Feature", "id": "239480163", "properties": {"osm_id": 239480163, "highway": "service", "service": "driveway"}, "geometry": {"type": "LineString", "coordinates": [[13.6510615, 55.8468072], [13.6510602, 55.8467627], [13.6510577, 55.8466758]]}}, {"type": "Feature", "id": "239480164", "properties": {"osm_id": 239480164, "highway": "service", "service": "parking_aisle"}, "geometry": {"type": "LineString", "coordinates": [[13.6543544, 55.8564084], [13.6541389, 55.8564255], [13.6536458, 55.856431]]}}, {"type": "Feature", "id": "239480165", "properties": {"osm_id": 239480165, "highway": "service", "service": "driveway"}, "geometry": {"type": "LineString", "coordinates": [[13.6521902, 55.8468559], [13.6521902, 55.8467542], [13.6521902, 55.8466419]]}}, {"type": "Feature", "id": "239480166", "properties": {"osm_id": 239480166, "highway": "service", "service": "driveway"}, "geometry": {"type": "LineString", "coordinates": [[13.6522226, 55.8461617], [13.6522238, 55.8462427], [13.6522253, 55.8463416]]}}, {"type": "Feature", "id": "239480167", "properties": {"osm_id": 239480167, "highway": "service", "service": "driveway"}, "geometry": {"type": "LineString", "coordinates": [[13.6510454, 55.8461706], [13.6510499, 55.8462428], [13.6510534, 55.8462981]]}}, {"type": "Feature", "id": "239480168", "properties": {"osm_id": 239480168, "highway": "service", "service": "parking_aisle"}, "geometry": {"type": "LineString", "coordinates": [[13.6536452, 55.8562505], [13.6541226, 55.8562505], [13.654378, 55.856254]]}}, {"type": "Feature", "id": "239480169", "properties": {"osm_id": 239480169, "highway": "service", "service": "driveway"}, "geometry": {"type": "LineString", "coordinates": [[13.6510602, 55.8467627], [13.6516559, 55.8467582], [13.6521902, 55.8467542]]}}, {"type": "Feature", "id": "239480170", "properties": {"osm_id": 239480170, "highway": "service", "service": "parking_aisle"}, "geometry": {"type": "LineString", "coordinates": [[13.654405, 55.8560774], [13.6541302, 55.8560756], [13.6536445, 55.856073]]}}, {"type": "Feature", "id": "239480171", "properties": {"osm_id": 239480171, "highway": "service", "service": "driveway"}, "geometry": {"type": "LineString", "coordinates": [[13.6522053, 55.8473625], [13.6522078, 55.8472586], [13.6522091, 55.8472077]]}}, {"type": "Feature", "id": "239480172", "properties": {"osm_id": 239480172, "highway": "service", "service": "parking_aisle"}, "geometry": {"type": "LineString", "coordinates": [[13.6544385, 55.8558646], [13.6541381, 55.8558648], [13.6536439, 55.8558925]]}}, {"type": "Feature", "id": "239480173", "properties": {"osm_id": 239480173, "highway": "service", "service": "driveway"}, "geometry": {"type": "LineString", "coordinates": [[13.6502329, 55.8461534], [13.6502668, 55.8460686], [13.6502915, 55.8460139]]}}, {"type": "Feature", "id": "239480174", "properties": {"osm_id": 239480174, "highway": "service", "service": "driveway"}, "geometry": {"type": "LineString", "coordinates": [[13.6522238, 55.8462427], [13.6516611, 55.8462427], [13.6510499, 55.8462428]]}}, {"type": "Feature", "id": "239480175", "properties": {"osm_id": 239480175, "highway": "service", "service": "parking_aisle"}, "geometry": {"type": "LineString", "coordinates": [[13.6544611, 55.8556977], [13.6541309, 55.8556972], [13.6536434, 55.8557393], [13.6535813, 55.8557376], [13.6535159, 55.8557382], [13.6529102, 55.8557434], [13.6527559, 55.8557448]]}}, {"type": "Feature", "id": "239480176", "properties": {"osm_id": 239480176, "access": "yes", "foot": "yes", "highway": "residential", "lit": "yes", "maxspeed": "40", "name": "Vinkelgatan"}, "geometry": {"type": "LineString", "coordinates": [[13.6613259, 55.85625], [13.6613176, 55.8563478], [13.6611125, 55.857036], [13.6610112, 55.8573401], [13.6600771, 55.857978], [13.6599957, 55.8581593]]}}, {"type": "Feature", "id": "239480177", "properties": {"osm_id": 239480177, "foot": "yes", "highway": "cycleway", "segregated": "no", "surface": "asphalt"}, "geometry": {"type": "LineString", "coordinates": [[13.6603623, 55.8409488], [13.66031, 55.840855], [13.6601458, 55.8408052], [13.6599476, 55.8408126], [13.6598875, 55.8408134], [13.6595191, 55.8408444]]}}, {"type": "Feature", "id": "239480180", "properties": {"osm_id": 239480180, "boat": "no", "waterway": "river"}, "geometry": {"type": "LineString", "coordinates": [[13.6654649, 55.8483894], [13.6648661, 55.8483373], [13.6642847, 55.8481211], [13.6640016, 55.8481084], [13.6635939, 55.8482101], [13.6631447, 55.8484072], [13.6628298, 55.8485341]]}}, {"type": "Feature", "id": "239481954", "properties": {"osm_id": 239481954, "highway": "service", "service": "parking_aisle", "surface": "asphalt"}, "geometry": {"type": "LineString", "coordinates": [[13.6495525, 55.8497645], [13.6494671, 55.8497491], [13.6493352, 55.8497254], [13.6491798, 55.8496954], [13.6489135, 55.8496531], [13.6486308, 55.8496082], [13.6483749, 55.8495676], [13.6481036, 55.8495245], [13.6484076, 55.8489032], [13.6486271, 55.8489981], [13.6488926, 55.849093], [13.649126, 55.8491909], [13.6493835, 55.8492872], [13.6497134, 55.8494092], [13.6497724, 55.8494318], [13.6498126, 55.8494754], [13.6497107, 55.8496908], [13.6496812, 55.8497186], [13.6496343, 55.8497419], [13.6495525, 55.8497645]]}}, {"type": "Feature", "id": "239481955", "properties": {"osm_id": 239481955, "highway": "service", "service": "parking_aisle", "surface": "asphalt"}, "geometry": {"type": "LineString", "coordinates": [[13.6486271, 55.8489981], [13.6483749, 55.8495676]]}}, {"type": "Feature", "id": "239481956", "properties": {"osm_id": 239481956, "highway": "service", "service": "parking_aisle", "surface": "asphalt"}, "geometry": {"type": "LineString", "coordinates": [[13.6491798, 55.8496954], [13.6493835, 55.8492872]]}}, {"type": "Feature", "id": "239481957", "properties": {"osm_id": 239481957, "highway": "service", "service": "parking_aisle", "surface": "asphalt"}, "geometry": {"type": "LineString", "coordinates": [[13.6488926, 55.849093], [13.6486308, 55.8496082]]}}, {"type": "Feature", "id": "239481958", "properties": {"osm_id": 239481958, "highway": "service", "service": "parking_aisle", "surface": "asphalt"}, "geometry": {"type": "LineString", "coordinates": [[13.649126, 55.8491909], [13.6489135, 55.8496531]]}}, {"type": "Feature", "id": "239481959", "properties": {"osm_id": 239481959, "highway": "service", "service": "driveway"}, "geometry": {"type": "LineString", "coordinates": [[13.6430262, 55.8491804], [13.6433191, 55.8487656]]}}, {"type": "Feature", "id": "239481960", "properties": {"osm_id": 239481960, "highway": "service"}, "geometry": {"type": "LineString", "coordinates": [[13.6484076, 55.8489032], [13.6479938, 55.8487636], [13.6473758, 55.8486901]]}}, {"type": "Feature", "id": "239481961", "properties": {"osm_id": 239481961, "highway": "service", "service": "parking_aisle", "surface": "asphalt"}, "geometry": {"type": "LineString", "coordinates": [[13.6486941, 55.8499275], [13.6486627, 55.8499927], [13.6485502, 55.8502379], [13.6484488, 55.8504644], [13.6476328, 55.8503739], [13.647714, 55.8501422], [13.6485502, 55.8502379]]}}, {"type": "Feature", "id": "239795343", "properties": {"osm_id": 239795343, "highway": "primary", "junction": "roundabout", "maxspeed": "60", "maxspeed:type": "sign", "surface": "asphalt"}, "geometry": {"type": "LineString", "coordinates": [[13.6456088, 55.8498986], [13.6455147, 55.8499114], [13.6454184, 55.849917], [13.6453216, 55.8499152], [13.6452261, 55.8499061], [13.6451337, 55.8498899], [13.645046, 55.8498668], [13.6449647, 55.8498372], [13.6448912, 55.8498018]]}}, {"type": "Feature", "id": "239795348", "properties": {"osm_id": 239795348, "highway": "primary", "junction": "roundabout", "maxspeed": "60", "maxspeed:type": "sign", "surface": "asphalt"}, "geometry": {"type": "LineString", "coordinates": [[13.6451206, 55.8491436], [13.645226, 55.8491245], [13.6453354, 55.8491146], [13.6454463, 55.8491144], [13.6455558, 55.8491238], [13.6456615, 55.8491425], [13.6457607, 55.8491702], [13.6458512, 55.8492062], [13.6459307, 55.8492495]]}}, {"type": "Feature", "id": "239795359", "properties": {"osm_id": 239795359, "highway": "primary", "junction": "roundabout", "maxspeed": "60", "maxspeed:type": "sign", "surface": "asphalt"}, "geometry": {"type": "LineString", "coordinates": [[13.6448912, 55.8498018], [13.6448244, 55.8497593], [13.6447689, 55.8497119], [13.6447259, 55.8496607]]}}, {"type": "Feature", "id": "239936112", "properties": {"osm_id": 239936112, "bicycle": "designated", "foot": "designated", "highway": "path", "segregated": "yes"}, "geometry": {"type": "LineString", "coordinates": [[13.6731336, 55.8456718], [13.6730079, 55.8458302], [13.6729462, 55.8459035], [13.6729047, 55.8459529], [13.6728784, 55.8459676], [13.6728359, 55.8459847], [13.6727863, 55.8459881], [13.672673, 55.8459796], [13.6722674, 55.8459597], [13.6722249, 55.8459603], [13.6721035, 55.8459614], [13.6720691, 55.8459597], [13.6716187, 55.8458746]]}}, {"type": "Feature", "id": "239936113", "properties": {"osm_id": 239936113, "highway": "service", "service": "parking_aisle", "surface": "asphalt"}, "geometry": {"type": "LineString", "coordinates": [[13.6706112, 55.8460002], [13.6707764, 55.8460324], [13.6711497, 55.8461101], [13.6711941, 55.8461133], [13.6712241, 55.8461093], [13.6712914, 55.8460933], [13.6713672, 55.8460611], [13.6714931, 55.8459792], [13.6716187, 55.8458746], [13.6716319, 55.8458636], [13.6716362, 55.8458515], [13.671629, 55.8458346], [13.6715875, 55.8458202], [13.6712011, 55.8457379], [13.6710173, 55.8456991]]}}, {"type": "Feature", "id": "239936114", "properties": {"osm_id": 239936114, "bicycle": "designated", "foot": "designated", "highway": "path"}, "geometry": {"type": "LineString", "coordinates": [[13.6671302, 55.8439276], [13.6671827, 55.8439698], [13.6671908, 55.8440005], [13.6671969, 55.8440306], [13.667205, 55.8440715], [13.6672141, 55.8440817], [13.6672586, 55.8441129], [13.6673274, 55.8441362], [13.668341, 55.8443929], [13.6683208, 55.8444185], [13.6683097, 55.844435], [13.6683056, 55.8444651], [13.6683076, 55.8444952], [13.6683218, 55.84454], [13.6683725, 55.8446993], [13.6683953, 55.844849]]}}, {"type": "Feature", "id": "239936115", "properties": {"osm_id": 239936115, "bicycle": "designated", "foot": "designated", "highway": "path", "segregated": "no", "surface": "asphalt"}, "geometry": {"type": "LineString", "coordinates": [[13.6669424, 55.8440316], [13.666858, 55.8440732], [13.6668226, 55.8441016], [13.6668015, 55.8441271], [13.6667872, 55.8441606], [13.6667791, 55.8441924], [13.666683, 55.8445389], [13.6666616, 55.8446311], [13.6666011, 55.8448137], [13.6664925, 55.8455605], [13.6664187, 55.8460973], [13.6663239, 55.846635], [13.666245, 55.847185], [13.6661664, 55.8474641], [13.6661599, 55.8474873], [13.6661437, 55.8475447], [13.6661287, 55.8476688], [13.6661308, 55.8478151], [13.6661762, 55.8479657], [13.6662494, 55.8480545]]}}, {"type": "Feature", "id": "239936116", "properties": {"osm_id": 239936116, "highway": "service"}, "geometry": {"type": "LineString", "coordinates": [[13.6666383, 55.8475775], [13.6666423, 55.8475254], [13.6666475, 55.847457], [13.6666494, 55.84744], [13.6666616, 55.8473253], [13.6666618, 55.8473173], [13.6666676, 55.8472418], [13.6666876, 55.8472193], [13.6667262, 55.8472056], [13.6667777, 55.8472032], [13.6668306, 55.8472161], [13.6668721, 55.8472402], [13.6668864, 55.8472691], [13.6668807, 55.84729], [13.6668521, 55.8473205], [13.6668163, 55.8473285], [13.6666616, 55.8473253]]}}, {"type": "Feature", "id": "239936117", "properties": {"osm_id": 239936117, "highway": "service", "service": "parking_aisle", "surface": "asphalt"}, "geometry": {"type": "LineString", "coordinates": [[13.6710224, 55.845882], [13.6714931, 55.8459792]]}}, {"type": "Feature", "id": "239936118", "properties": {"osm_id": 239936118, "highway": "service", "service": "parking_aisle"}, "geometry": {"type": "LineString", "coordinates": [[13.6663542, 55.847422], [13.6666494, 55.84744], [13.6669722, 55.8474597]]}}, {"type": "Feature", "id": "239936119", "properties": {"osm_id": 239936119, "bicycle": "designated", "bridge": "yes", "foot": "designated", "highway": "path", "layer": "1", "segregated": "no", "surface": "asphalt"}, "geometry": {"type": "LineString", "coordinates": [[13.6670368, 55.8439852], [13.6670085, 55.843999], [13.6669424, 55.8440316]]}}, {"type": "Feature", "id": "239936121", "properties": {"osm_id": 239936121, "bicycle": "designated", "foot": "designated", "highway": "path"}, "geometry": {"type": "LineString", "coordinates": [[13.668341, 55.8443929], [13.6684189, 55.8443668], [13.668514, 55.8443401], [13.6686523, 55.8443097], [13.6687332, 55.8442984], [13.6687828, 55.8443103], [13.669727, 55.8448356]]}}, {"type": "Feature", "id": "239995272", "properties": {"osm_id": 239995272, "bicycle": "designated", "foot": "designated", "highway": "path", "segregated": "no"}, "geometry": {"type": "LineString", "coordinates": [[13.6692572, 55.8425781], [13.6693945, 55.8424755], [13.6694978, 55.842364], [13.6696415, 55.8422009], [13.6697222, 55.8421232], [13.6697728, 55.8420907], [13.6697997, 55.8420796], [13.669841, 55.8420727], [13.6698834, 55.8420727], [13.6702442, 55.8421458], [13.6703073, 55.8421481], [13.670374, 55.842144]]}}, {"type": "Feature", "id": "239995275", "properties": {"osm_id": 239995275, "highway": "footway"}, "geometry": {"type": "LineString", "coordinates": [[13.6699217, 55.8430914], [13.6701207, 55.842808]]}}, {"type": "Feature", "id": "239995276", "properties": {"osm_id": 239995276, "highway": "footway"}, "geometry": {"type": "LineString", "coordinates": [[13.6721213, 55.8432773], [13.6724136, 55.8433451]]}}, {"type": "Feature", "id": "239995278", "properties": {"osm_id": 239995278, "highway": "footway"}, "geometry": {"type": "LineString", "coordinates": [[13.671187, 55.8422691], [13.671478, 55.842437], [13.6716331, 55.8425224], [13.6717716, 55.8425833], [13.6721665, 55.8427128], [13.6725949, 55.8428502]]}}, {"type": "Feature", "id": "239995279", "properties": {"osm_id": 239995279, "highway": "footway"}, "geometry": {"type": "LineString", "coordinates": [[13.6703772, 55.8431723], [13.6702784, 55.8431587], [13.6699858, 55.8431008], [13.6699217, 55.8430914], [13.6698837, 55.8431103], [13.6698252, 55.8431267], [13.6697828, 55.8431283], [13.6697477, 55.8431414], [13.6697132, 55.8431821]]}}, {"type": "Feature", "id": "246973104", "properties": {"osm_id": 246973104, "highway": "unclassified", "name": "Verkstadsgatan"}, "geometry": {"type": "LineString", "coordinates": [[13.6701487, 55.8552386], [13.670398, 55.8553611], [13.6708535, 55.8555849]]}}, {"type": "Feature", "id": "246973106", "properties": {"osm_id": 246973106, "highway": "primary", "junction": "roundabout", "maxspeed": "60", "surface": "asphalt"}, "geometry": {"type": "LineString", "coordinates": [[13.6449812, 55.8491866], [13.6450487, 55.849163], [13.6451206, 55.8491436]]}}, {"type": "Feature", "id": "246973108", "properties": {"osm_id": 246973108, "highway": "primary", "junction": "roundabout", "maxspeed": "60", "maxspeed:type": "sign", "surface": "asphalt"}, "geometry": {"type": "LineString", "coordinates": [[13.6458878, 55.8498061], [13.6458256, 55.8498358], [13.6457578, 55.8498613], [13.6456852, 55.8498824], [13.6456088, 55.8498986]]}}, {"type": "Feature", "id": "246973109", "properties": {"osm_id": 246973109, "highway": "primary", "junction": "roundabout", "maxspeed": "60", "maxspeed:type": "sign", "surface": "asphalt"}, "geometry": {"type": "LineString", "coordinates": [[13.6460749, 55.8493918], [13.6460969, 55.8494403], [13.6461081, 55.8494899], [13.6461081, 55.84954], [13.6460971, 55.8495896], [13.6460752, 55.8496381], [13.6460428, 55.8496847], [13.6460003, 55.8497287], [13.6459483, 55.8497694], [13.6458878, 55.8498061]]}}, {"type": "Feature", "id": "246973112", "properties": {"osm_id": 246973112, "highway": "primary", "junction": "roundabout", "maxspeed": "60", "maxspeed:type": "sign", "surface": "asphalt"}, "geometry": {"type": "LineString", "coordinates": [[13.6447259, 55.8496607], [13.6446923, 55.8495968], [13.6446779, 55.8495307], [13.6446832, 55.8494641], [13.644708, 55.849399], [13.6447517, 55.849337], [13.6448129, 55.84928], [13.6448901, 55.8492294], [13.6449812, 55.8491866]]}}, {"type": "Feature", "id": "300881159", "properties": {"osm_id": 300881159, "highway": "secondary", "maxspeed": "40", "name": "Ringsjövägen", "ref": "M 1134", "surface": "asphalt"}, "geometry": {"type": "LineString", "coordinates": [[13.6597191, 55.8508483], [13.6599275, 55.8508202]]}}, {"type": "Feature", "id": "300881160", "properties": {"osm_id": 300881160, "highway": "secondary", "maxspeed": "40", "name": "Storgatan", "ref": "M 1134", "surface": "asphalt"}, "geometry": {"type": "LineString", "coordinates": [[13.6609275, 55.8512596], [13.6610754, 55.8513102], [13.6616173, 55.8514955], [13.6617593, 55.8515441], [13.6621677, 55.8516838], [13.6626684, 55.851855], [13.6638239, 55.8522627], [13.6639163, 55.8522949], [13.6640206, 55.8523312]]}}, {"type": "Feature", "id": "300881161", "properties": {"osm_id": 300881161, "highway": "unclassified", "name": "Svarvaregatan"}, "geometry": {"type": "LineString", "coordinates": [[13.6682279, 55.8562214], [13.6682025, 55.8571592], [13.6681315, 55.8581772]]}}, {"type": "Feature", "id": "300881162", "properties": {"osm_id": 300881162, "access": "yes", "foot": "yes", "highway": "residential", "lit": "yes", "maxspeed": "40", "name": "Tvärgatan"}, "geometry": {"type": "LineString", "coordinates": [[13.653136, 55.8484503], [13.6541401, 55.8483452], [13.6552349, 55.8482237], [13.6561753, 55.8481222], [13.6563168, 55.8481069], [13.6564475, 55.8480934], [13.6577013, 55.8479633], [13.6587629, 55.8478471], [13.658865, 55.8478359]]}}, {"type": "Feature", "id": "300881163", "properties": {"osm_id": 300881163, "access": "yes", "foot": "yes", "highway": "residential", "lit": "yes", "maxspeed": "40", "name": "Vallmogatan"}, "geometry": {"type": "LineString", "coordinates": [[13.6726313, 55.8499585], [13.6724726, 55.8499278], [13.6717333, 55.849785], [13.671587, 55.8497567], [13.6708315, 55.8496108], [13.6707946, 55.8496037], [13.6704098, 55.8495293], [13.6692783, 55.8493107], [13.6679564, 55.8490553], [13.6678472, 55.8490342]]}}, {"type": "Feature", "id": "300881164", "properties": {"osm_id": 300881164, "bicycle": "designated", "foot": "designated", "highway": "path", "segregated": "no"}, "geometry": {"type": "LineString", "coordinates": [[13.6740568, 55.8564702], [13.6746783, 55.8568127], [13.6747877, 55.8568278], [13.6750236, 55.8567998], [13.6752671, 55.8567557], [13.6754666, 55.8566997], [13.6757408, 55.856592], [13.6760343, 55.8564263], [13.6761589, 55.8563369], [13.6762285, 55.8562733]]}}, {"type": "Feature", "id": "300881165", "properties": {"osm_id": 300881165, "bicycle": "designated", "foot": "designated", "highway": "path", "segregated": "no", "source": "NVDB", "surface": "asphalt"}, "geometry": {"type": "LineString", "coordinates": [[13.6524167, 55.8616898], [13.6526912, 55.8616781], [13.65277, 55.861619], [13.6529936, 55.861194], [13.653347, 55.8605677], [13.6536864, 55.8601616], [13.6537595, 55.8600964], [13.6538563, 55.8595476], [13.6539418, 55.8591019], [13.6540574, 55.8583856], [13.6540467, 55.8581749], [13.6539301, 55.8579625]]}}, {"type": "Feature", "id": "300881166", "properties": {"osm_id": 300881166, "bicycle": "designated", "fixme": "Ser inte varför dessa \"stigar\" är separata. Borde inte en större del av dessa sträckor räknas som en del av respektive sekundär väg?", "foot": "designated", "highway": "path", "segregated": "no"}, "geometry": {"type": "LineString", "coordinates": [[13.6554274, 55.850864], [13.6540941, 55.8507234], [13.6527652, 55.8505782], [13.6526913, 55.8505684], [13.6521128, 55.8504822], [13.6513506, 55.8503806], [13.6509857, 55.8503283], [13.6505947, 55.8502737], [13.6505034, 55.850277], [13.6504505, 55.8502835], [13.6503397, 55.8502787], [13.6498617, 55.8502147], [13.6493171, 55.8501351], [13.6491178, 55.8501092], [13.6491335, 55.8500585], [13.6491627, 55.8499967], [13.6491944, 55.8499452], [13.6492708, 55.8499392], [13.6493097, 55.8499347], [13.6493339, 55.8499226], [13.6493593, 55.8499121], [13.6493875, 55.8498827], [13.649409, 55.8498285], [13.6494103, 55.8497999], [13.6493352, 55.8497254]]}}, {"type": "Feature", "id": "300881167", "properties": {"osm_id": 300881167, "bicycle": "designated", "foot": "designated", "highway": "path", "segregated": "no"}, "geometry": {"type": "LineString", "coordinates": [[13.6732384, 55.858152], [13.6732105, 55.8580868], [13.6732295, 55.8579985], [13.6732702, 55.8578325], [13.6732892, 55.8575936], [13.6732539, 55.8574352], [13.6732247, 55.857357], [13.6732186, 55.8570851], [13.6732105, 55.8568781], [13.6732295, 55.8568431], [13.6732796, 55.8568077], [13.6733274, 55.8567803], [13.6738821, 55.8564626], [13.6740568, 55.8564702], [13.674187, 55.8564116], [13.6743093, 55.8563996]]}}, {"type": "Feature", "id": "300881168", "properties": {"osm_id": 300881168, "bicycle": "designated", "foot": "designated", "highway": "path", "segregated": "no", "surface": "asphalt"}, "geometry": {"type": "LineString", "coordinates": [[13.6754666, 55.8566997], [13.6755253, 55.856748], [13.6755689, 55.8567905], [13.6755152, 55.8568906], [13.6755095, 55.8569444], [13.675544, 55.8569939], [13.6757545, 55.8571824], [13.6762244, 55.8575138], [13.6764343, 55.8576534], [13.6767826, 55.8578581], [13.6774446, 55.8582106], [13.6791007, 55.859047], [13.6808149, 55.8599532], [13.6811131, 55.860099], [13.6832258, 55.8611324], [13.6846865, 55.8617753], [13.6861137, 55.862359], [13.6864707, 55.8624881], [13.6883916, 55.8631748], [13.6898855, 55.8636865], [13.6907887, 55.8640157], [13.691223, 55.8641914], [13.6915896, 55.8643549], [13.6916964, 55.8644034]]}}, {"type": "Feature", "id": "300881169", "properties": {"osm_id": 300881169, "access": "yes", "foot": "yes", "highway": "residential", "lit": "yes", "maxspeed": "40", "name": "Stationsgränd"}, "geometry": {"type": "LineString", "coordinates": [[13.6604792, 55.855555], [13.6606433, 55.8558094]]}}, {"type": "Feature", "id": "300881170", "properties": {"osm_id": 300881170, "highway": "service", "service": "parking_aisle"}, "geometry": {"type": "LineString", "coordinates": [[13.6638803, 55.8555776], [13.6640885, 55.8555876], [13.6641958, 55.8555952]]}}, {"type": "Feature", "id": "300881171", "properties": {"osm_id": 300881171, "bicycle": "designated", "foot": "designated", "highway": "path", "segregated": "no"}, "geometry": {"type": "LineString", "coordinates": [[13.652064, 55.8616386], [13.6520743, 55.8615393]]}}, {"type": "Feature", "id": "300881172", "properties": {"osm_id": 300881172, "access": "yes", "foot": "yes", "highway": "residential", "lit": "yes", "maxspeed": "40", "name": "Stattenavägen"}, "geometry": {"type": "LineString", "coordinates": [[13.6751255, 55.855198], [13.6754237, 55.8555008]]}}, {"type": "Feature", "id": "300881173", "properties": {"osm_id": 300881173, "bicycle": "designated", "foot": "designated", "highway": "path", "layer": "-1", "segregated": "no", "tunnel": "yes"}, "geometry": {"type": "LineString", "coordinates": [[13.6439476, 55.8519451], [13.644283, 55.8519824]]}}, {"type": "Feature", "id": "300881174", "properties": {"osm_id": 300881174, "access": "yes", "foot": "yes", "highway": "residential", "lit": "yes", "maxspeed": "40", "name": "Stinsgränd"}, "geometry": {"type": "LineString", "coordinates": [[13.6596977, 55.8560065], [13.6595155, 55.8557492]]}}, {"type": "Feature", "id": "300881176", "properties": {"osm_id": 300881176, "access": "yes", "foot": "yes", "highway": "residential", "lit": "yes", "maxspeed": "40", "name": "Bangatan", "surface": "asphalt"}, "geometry": {"type": "LineString", "coordinates": [[13.654998, 55.8575309], [13.6547244, 55.857594], [13.6546303, 55.8576254]]}}, {"type": "Feature", "id": "300881178", "properties": {"osm_id": 300881178, "bicycle": "designated", "foot": "designated", "highway": "path", "segregated": "no"}, "geometry": {"type": "LineString", "coordinates": [[13.6762244, 55.8575138], [13.6766939, 55.8573652]]}}, {"type": "Feature", "id": "300881179", "properties": {"osm_id": 300881179, "bicycle": "designated", "foot": "designated", "highway": "path", "segregated": "no"}, "geometry": {"type": "LineString", "coordinates": [[13.6613563, 55.8448915], [13.6613485, 55.8449925]]}}, {"type": "Feature", "id": "300881180", "properties": {"osm_id": 300881180, "highway": "service", "service": "parking_aisle"}, "geometry": {"type": "LineString", "coordinates": [[13.6633355, 55.8555808], [13.6636272, 55.8555783], [13.6638803, 55.8555776]]}}, {"type": "Feature", "id": "300881181", "properties": {"osm_id": 300881181, "highway": "service", "service": "driveway"}, "geometry": {"type": "LineString", "coordinates": [[13.6751255, 55.855198], [13.6753434, 55.855188], [13.6765363, 55.8552031]]}}, {"type": "Feature", "id": "300881182", "properties": {"osm_id": 300881182, "bicycle": "designated", "foot": "designated", "highway": "path", "segregated": "no", "surface": "asphalt"}, "geometry": {"type": "LineString", "coordinates": [[13.6789045, 55.8552269], [13.6790953, 55.8551672], [13.6792672, 55.8551358]]}}, {"type": "Feature", "id": "300881183", "properties": {"osm_id": 300881183, "highway": "service", "service": "parking_aisle"}, "geometry": {"type": "LineString", "coordinates": [[13.6636349, 55.8558716], [13.6636272, 55.8555783], [13.66362, 55.8553057]]}}, {"type": "Feature", "id": "300881184", "properties": {"osm_id": 300881184, "bicycle": "designated", "foot": "designated", "highway": "path", "segregated": "no"}, "geometry": {"type": "LineString", "coordinates": [[13.6764343, 55.8576534], [13.6767163, 55.8576587], [13.6768233, 55.8576495]]}}, {"type": "Feature", "id": "300881185", "properties": {"osm_id": 300881185, "bicycle": "designated", "foot": "designated", "highway": "path", "segregated": "no"}, "geometry": {"type": "LineString", "coordinates": [[13.6489058, 55.8550695], [13.6490777, 55.8551701], [13.6491117, 55.8552095]]}}, {"type": "Feature", "id": "300881186", "properties": {"osm_id": 300881186, "highway": "unclassified", "name": "Slakterigatan", "oneway": "no"}, "geometry": {"type": "LineString", "coordinates": [[13.6641958, 55.8555952], [13.6650042, 55.8556882], [13.6670499, 55.8559516], [13.6676798, 55.8561849], [13.6682279, 55.8562214]]}}, {"type": "Feature", "id": "300881187", "properties": {"osm_id": 300881187, "bicycle": "designated", "foot": "designated", "highway": "path", "segregated": "no", "surface": "asphalt"}, "geometry": {"type": "LineString", "coordinates": [[13.6788968, 55.8560623], [13.6788048, 55.855974], [13.6787472, 55.8558663]]}}, {"type": "Feature", "id": "300881188", "properties": {"osm_id": 300881188, "access": "yes", "foot": "yes", "highway": "residential", "lit": "yes", "maxspeed": "40", "name": "Kajsa Kavats gata"}, "geometry": {"type": "LineString", "coordinates": [[13.6779922, 55.8572265], [13.6779662, 55.8571715], [13.6779963, 55.8569963]]}}, {"type": "Feature", "id": "300881189", "properties": {"osm_id": 300881189, "bicycle": "designated", "foot": "designated", "highway": "path", "segregated": "no", "surface": "asphalt", "was:railway": "rail"}, "geometry": {"type": "LineString", "coordinates": [[13.6542161, 55.8568564], [13.654359, 55.856859], [13.6546747, 55.8568404], [13.6550303, 55.8567943], [13.6554969, 55.8567217]]}}, {"type": "Feature", "id": "300881190", "properties": {"osm_id": 300881190, "bicycle": "designated", "foot": "designated", "highway": "path", "segregated": "no"}, "geometry": {"type": "LineString", "coordinates": [[13.6491366, 55.8533583], [13.6489163, 55.8531398], [13.648907, 55.8525679]]}}, {"type": "Feature", "id": "300881191", "properties": {"osm_id": 300881191, "bicycle": "designated", "foot": "designated", "highway": "path", "segregated": "no"}, "geometry": {"type": "LineString", "coordinates": [[13.6597191, 55.8508483], [13.6597269, 55.8508842]]}}, {"type": "Feature", "id": "300881192", "properties": {"osm_id": 300881192, "bicycle": "designated", "foot": "designated", "highway": "path", "segregated": "no", "surface": "asphalt"}, "geometry": {"type": "LineString", "coordinates": [[13.6785439, 55.8560515], [13.6787434, 55.856045], [13.6788968, 55.8560623], [13.6798444, 55.8564468]]}}, {"type": "Feature", "id": "300881193", "properties": {"osm_id": 300881193, "highway": "service", "name": "Ågatan"}, "geometry": {"type": "LineString", "coordinates": [[13.6526764, 55.8500484], [13.6526719, 55.8500852], [13.6526416, 55.8504441], [13.6526277, 55.8505065]]}}, {"type": "Feature", "id": "300881194", "properties": {"osm_id": 300881194, "highway": "service", "oneway": "yes", "service": "parking_aisle"}, "geometry": {"type": "LineString", "coordinates": [[13.658002, 55.840602], [13.6571382, 55.8413605], [13.6570307, 55.8414239], [13.6569024, 55.8414212], [13.6566615, 55.8413733], [13.6565693, 55.8413549]]}}, {"type": "Feature", "id": "300881195", "properties": {"osm_id": 300881195, "bicycle": "designated", "foot": "designated", "highway": "path", "segregated": "no"}, "geometry": {"type": "LineString", "coordinates": [[13.6613694, 55.8562438], [13.6613041, 55.8561027], [13.6613234, 55.8560127], [13.6611422, 55.8557207], [13.6609773, 55.8554547]]}}, {"type": "Feature", "id": "300881196", "properties": {"osm_id": 300881196, "bicycle": "designated", "foot": "designated", "highway": "path", "segregated": "no"}, "geometry": {"type": "LineString", "coordinates": [[13.6767163, 55.8576587], [13.6767711, 55.8575136], [13.676779, 55.8574269], [13.6767418, 55.8573786], [13.6766939, 55.8573652]]}}, {"type": "Feature", "id": "300881198", "properties": {"osm_id": 300881198, "bicycle": "designated", "check_date:surface": "2025-07-07", "foot": "designated", "highway": "path", "segregated": "no", "surface": "unpaved"}, "geometry": {"type": "LineString", "coordinates": [[13.6545382, 55.8573125], [13.6547974, 55.8571832], [13.6549695, 55.8570519], [13.6552907, 55.8568755], [13.6554134, 55.8567818], [13.6554969, 55.8567217]]}}, {"type": "Feature", "id": "300881199", "properties": {"osm_id": 300881199, "bicycle": "designated", "foot": "designated", "highway": "path", "segregated": "no"}, "geometry": {"type": "LineString", "coordinates": [[13.6611422, 55.8557207], [13.6606433, 55.8558094], [13.6596977, 55.8560065], [13.6589567, 55.8561632], [13.658866, 55.8562089], [13.6588102, 55.8562594], [13.6583235, 55.8563568]]}}, {"type": "Feature", "id": "300881200", "properties": {"osm_id": 300881200, "highway": "service", "service": "driveway"}, "geometry": {"type": "LineString", "coordinates": [[13.6651362, 55.8450595], [13.6649537, 55.8451325], [13.6643455, 55.8450921], [13.6641436, 55.8451045], [13.6639352, 55.8451567], [13.6639008, 55.8451653], [13.6638091, 55.8451882]]}}, {"type": "Feature", "id": "300881201", "properties": {"osm_id": 300881201, "bicycle": "designated", "foot": "designated", "highway": "path", "segregated": "no"}, "geometry": {"type": "LineString", "coordinates": [[13.6639008, 55.8451653], [13.6638575, 55.8450646], [13.663748, 55.8450075], [13.6632299, 55.8448385], [13.6632005, 55.844809], [13.6631459, 55.8447485], [13.6630518, 55.8445665]]}}, {"type": "Feature", "id": "300881202", "properties": {"osm_id": 300881202, "highway": "footway"}, "geometry": {"type": "LineString", "coordinates": [[13.6539418, 55.8591019], [13.6534589, 55.8590674], [13.6533777, 55.8591047], [13.6530787, 55.8593947], [13.6530898, 55.8594631], [13.6531636, 55.8595087], [13.6538563, 55.8595476]]}}, {"type": "Feature", "id": "300881203", "properties": {"osm_id": 300881203, "bicycle": "designated", "foot": "designated", "highway": "path", "segregated": "no"}, "geometry": {"type": "LineString", "coordinates": [[13.644283, 55.8519824], [13.6443777, 55.8519795], [13.6444775, 55.8519407], [13.6448232, 55.8512796], [13.6448898, 55.851248], [13.6449845, 55.8512408], [13.6451063, 55.8512542]]}}, {"type": "Feature", "id": "300881204", "properties": {"osm_id": 300881204, "access": "yes", "foot": "yes", "highway": "residential", "lit": "yes", "maxspeed": "40", "name": "Boställsvägen"}, "geometry": {"type": "LineString", "coordinates": [[13.6451063, 55.8512542], [13.6457741, 55.8513602], [13.6467058, 55.8515081], [13.6469189, 55.8510646], [13.6469162, 55.8510367], [13.6468848, 55.8510159], [13.6461651, 55.8509204], [13.6461138, 55.8509167], [13.6460668, 55.8509343], [13.6457741, 55.8513602]]}}, {"type": "Feature", "id": "300881205", "properties": {"osm_id": 300881205, "bicycle": "designated", "foot": "designated", "highway": "path", "segregated": "no"}, "geometry": {"type": "LineString", "coordinates": [[13.6410032, 55.8516217], [13.6407651, 55.8516854], [13.6386433, 55.8517016], [13.6385853, 55.8516874], [13.6385672, 55.8516447], [13.6386288, 55.850222], [13.6386349, 55.8500745]]}}, {"type": "Feature", "id": "300881206", "properties": {"osm_id": 300881206, "bicycle": "designated", "foot": "designated", "highway": "path", "segregated": "no"}, "geometry": {"type": "LineString", "coordinates": [[13.6616828, 55.8474339], [13.6624809, 55.8473531], [13.6629592, 55.8473174], [13.6634596, 55.8473318], [13.6636693, 55.8473488], [13.6642144, 55.8473919], [13.6653397, 55.8474493], [13.6661599, 55.8474873], [13.6666423, 55.8475254]]}}, {"type": "Feature", "id": "300881207", "properties": {"osm_id": 300881207, "highway": "service"}, "geometry": {"type": "LineString", "coordinates": [[13.6753311, 55.850341], [13.6752623, 55.8502921], [13.675168, 55.85029], [13.6740464, 55.8502653], [13.6733636, 55.8502455], [13.6732053, 55.8502318], [13.6729292, 55.8501645], [13.6727735, 55.8500955], [13.6727173, 55.8500487], [13.6726313, 55.8499585]]}}, {"type": "Feature", "id": "300882387", "properties": {"osm_id": 300882387, "bicycle": "designated", "fixme": "Ser inte varför dessa \"stigar\" är separata. Borde inte en större del av dessa sträckor räknas som en del av respektive sekundär väg?", "foot": "designated", "highway": "path", "segregated": "no"}, "geometry": {"type": "LineString", "coordinates": [[13.6597269, 55.8508842], [13.6598568, 55.8508688], [13.6599375, 55.8508556]]}}, {"type": "Feature", "id": "300971145", "properties": {"osm_id": 300971145, "highway": "service", "service": "parking_aisle", "surface": "asphalt"}, "geometry": {"type": "LineString", "coordinates": [[13.6593419, 55.8491584], [13.6597282, 55.8491185]]}}, {"type": "Feature", "id": "300971146", "properties": {"osm_id": 300971146, "highway": "service", "service": "parking_aisle"}, "geometry": {"type": "LineString", "coordinates": [[13.6604954, 55.8492072], [13.6606431, 55.8492079]]}}, {"type": "Feature", "id": "300971147", "properties": {"osm_id": 300971147, "highway": "footway"}, "geometry": {"type": "LineString", "coordinates": [[13.6540005, 55.8479423], [13.6550891, 55.8478169]]}}, {"type": "Feature", "id": "300971148", "properties": {"osm_id": 300971148, "highway": "service", "service": "parking_aisle", "surface": "asphalt"}, "geometry": {"type": "LineString", "coordinates": [[13.6594013, 55.8493232], [13.6597206, 55.8492788]]}}, {"type": "Feature", "id": "300971149", "properties": {"osm_id": 300971149, "highway": "footway"}, "geometry": {"type": "LineString", "coordinates": [[13.6537317, 55.8471671], [13.6548099, 55.8470378]]}}, {"type": "Feature", "id": "300971150", "properties": {"osm_id": 300971150, "highway": "footway"}, "geometry": {"type": "LineString", "coordinates": [[13.6541653, 55.846079], [13.6542691, 55.8463528], [13.6543083, 55.8463653], [13.6543456, 55.8463643], [13.6545591, 55.8463382]]}}, {"type": "Feature", "id": "300971151", "properties": {"osm_id": 300971151, "highway": "service", "service": "parking_aisle"}, "geometry": {"type": "LineString", "coordinates": [[13.6595504, 55.8497539], [13.6599433, 55.8496806], [13.6600423, 55.8496464], [13.6603032, 55.849468], [13.6603964, 55.8493739], [13.6604954, 55.8492072], [13.6604992, 55.8490191], [13.6606601, 55.8490237]]}}, {"type": "Feature", "id": "300979322", "properties": {"osm_id": 300979322, "highway": "service", "service": "driveway"}, "geometry": {"type": "LineString", "coordinates": [[13.6615276, 55.8478796], [13.660854, 55.8479469]]}}, {"type": "Feature", "id": "300979323", "properties": {"osm_id": 300979323, "bicycle": "designated", "foot": "designated", "highway": "path", "segregated": "no"}, "geometry": {"type": "LineString", "coordinates": [[13.6618181, 55.8486955], [13.6617413, 55.8486592], [13.6616918, 55.8485948], [13.6616262, 55.8483282]]}}, {"type": "Feature", "id": "300979324", "properties": {"osm_id": 300979324, "bicycle": "designated", "foot": "designated", "highway": "path", "segregated": "no"}, "geometry": {"type": "LineString", "coordinates": [[13.6619459, 55.8488598], [13.6621231, 55.8488269], [13.6623348, 55.8487914], [13.6626058, 55.8487658], [13.6628287, 55.8487877]]}}, {"type": "Feature", "id": "301013678", "properties": {"osm_id": 301013678, "highway": "service", "service": "driveway"}, "geometry": {"type": "LineString", "coordinates": [[13.6583559, 55.8450958], [13.6585242, 55.8445196]]}}, {"type": "Feature", "id": "301013680", "properties": {"osm_id": 301013680, "highway": "service", "name": "Trädgårdsgatan", "service": "driveway"}, "geometry": {"type": "LineString", "coordinates": [[13.6578308, 55.8446909], [13.6576992, 55.8450267]]}}, {"type": "Feature", "id": "301013681", "properties": {"osm_id": 301013681, "highway": "service", "service": "driveway"}, "geometry": {"type": "LineString", "coordinates": [[13.6591938, 55.8448286], [13.659156, 55.8451393]]}}, {"type": "Feature", "id": "301013682", "properties": {"osm_id": 301013682, "highway": "service", "service": "driveway"}, "geometry": {"type": "LineString", "coordinates": [[13.6599316, 55.8451803], [13.659975, 55.8448568]]}}, {"type": "Feature", "id": "301013684", "properties": {"osm_id": 301013684, "highway": "footway"}, "geometry": {"type": "LineString", "coordinates": [[13.6598404, 55.8457967], [13.659853, 55.8457143], [13.6598488, 55.8455815], [13.659583, 55.8455698]]}}, {"type": "Feature", "id": "301013685", "properties": {"osm_id": 301013685, "highway": "service", "service": "parking_aisle"}, "geometry": {"type": "LineString", "coordinates": [[13.6602477, 55.8460132], [13.660712, 55.8460279]]}}, {"type": "Feature", "id": "301013686", "properties": {"osm_id": 301013686, "highway": "footway"}, "geometry": {"type": "LineString", "coordinates": [[13.6595522, 55.8459043], [13.6597733, 55.8459067], [13.6598166, 55.8458918], [13.6598404, 55.8457967], [13.660269, 55.8458038]]}}, {"type": "Feature", "id": "301163519", "properties": {"osm_id": 301163519, "highway": "trunk", "int_ref": "E 22", "lanes": "1", "maxspeed": "100", "motorroad": "yes", "oneway": "yes", "ref": "E 22"}, "geometry": {"type": "LineString", "coordinates": [[13.6467571, 55.8624671], [13.647816, 55.862986]]}}, {"type": "Feature", "id": "301163522", "properties": {"osm_id": 301163522, "highway": "trunk", "int_ref": "E 22", "lanes": "1", "maxspeed": "100", "motorroad": "yes", "oneway": "yes", "ref": "E 22"}, "geometry": {"type": "LineString", "coordinates": [[13.681877, 55.8639219], [13.6810461, 55.8638721], [13.6802518, 55.8638453], [13.6793098, 55.8638436], [13.6782708, 55.8638618], [13.677203, 55.8639053], [13.6762026, 55.8639654], [13.6751624, 55.8640535], [13.6741002, 55.8641721], [13.6730357, 55.8643177], [13.6722812, 55.8644361], [13.671638, 55.8645517], [13.6710019, 55.8646717], [13.668978, 55.8650947]]}}, {"type": "Feature", "id": "301163523", "properties": {"osm_id": 301163523, "highway": "trunk", "int_ref": "E 22", "lanes": "2", "maxspeed": "100", "motorroad": "yes", "oneway": "yes", "ref": "E 22"}, "geometry": {"type": "LineString", "coordinates": [[13.6689372, 55.8650418], [13.6709666, 55.8646191], [13.6716066, 55.864495], [13.6722484, 55.8643812], [13.6730074, 55.864263], [13.6740711, 55.8641159], [13.675146, 55.8639978], [13.6761896, 55.8639093], [13.6771924, 55.863846], [13.6782621, 55.863802], [13.6793015, 55.8637819], [13.6802579, 55.8637894], [13.6810648, 55.863812], [13.6818761, 55.8638435], [13.6825403, 55.8638814], [13.6832911, 55.8639364], [13.6840604, 55.8640104], [13.6849672, 55.8641086], [13.6856678, 55.8641999], [13.6865045, 55.8643249], [13.6874734, 55.8644909], [13.6880056, 55.8645925], [13.6885032, 55.8646917], [13.6893628, 55.8648813], [13.6899059, 55.8650125], [13.6902477, 55.8650993]]}}, {"type": "Feature", "id": "301163525", "properties": {"osm_id": 301163525, "highway": "trunk", "int_ref": "E 22", "lanes": "2", "maxspeed": "100", "motorroad": "yes", "oneway": "yes", "ref": "E 22"}, "geometry": {"type": "LineString", "coordinates": [[13.640619, 55.8593243], [13.6426318, 55.8603901], [13.6435122, 55.8608396]]}}, {"type": "Feature", "id": "301163526", "properties": {"osm_id": 301163526, "highway": "trunk", "int_ref": "E 22", "lanes": "2", "maxspeed": "100", "motorroad": "yes", "oneway": "yes", "ref": "E 22"}, "geometry": {"type": "LineString", "coordinates": [[13.6574645, 55.8658481], [13.6569393, 55.8657867], [13.6563598, 55.8657113], [13.6558212, 55.8656256], [13.6552426, 55.865524], [13.6543495, 55.8653432], [13.6537256, 55.8652056], [13.6531366, 55.865061], [13.6524877, 55.8648882]]}}, {"type": "Feature", "id": "301173669", "properties": {"osm_id": 301173669, "highway": "footway"}, "geometry": {"type": "LineString", "coordinates": [[13.6677346, 55.8477509], [13.6677008, 55.8478367], [13.6676178, 55.847896], [13.6673822, 55.8480376], [13.6670953, 55.848197], [13.6669518, 55.8482733], [13.6666381, 55.8484083], [13.6662874, 55.8485174], [13.6660659, 55.8485646], [13.6659798, 55.8485794], [13.6656577, 55.8486421], [13.6655293, 55.8486845], [13.6652258, 55.8488074], [13.6650416, 55.8489049], [13.6647999, 55.849038]]}}, {"type": "Feature", "id": "301173670", "properties": {"osm_id": 301173670, "highway": "footway"}, "geometry": {"type": "LineString", "coordinates": [[13.6695905, 55.8466862], [13.6693644, 55.8466731], [13.6693174, 55.846624], [13.6692469, 55.8465904], [13.6691508, 55.8465712], [13.6689031, 55.8464321], [13.6687813, 55.8464081], [13.6686959, 55.8464153], [13.668619, 55.8464597], [13.6685955, 55.8465113], [13.6686126, 55.8466012], [13.6687856, 55.8469021], [13.6688369, 55.8469441], [13.668908, 55.846987], [13.6690058, 55.8470459], [13.6690669, 55.8470827]]}}, {"type": "Feature", "id": "301173671", "properties": {"osm_id": 301173671, "highway": "footway"}, "geometry": {"type": "LineString", "coordinates": [[13.6683442, 55.8474713], [13.6687547, 55.847541]]}}, {"type": "Feature", "id": "301173672", "properties": {"osm_id": 301173672, "highway": "footway"}, "geometry": {"type": "LineString", "coordinates": [[13.6661586, 55.8486327], [13.6660659, 55.8485646]]}}, {"type": "Feature", "id": "301173673", "properties": {"osm_id": 301173673, "highway": "footway"}, "geometry": {"type": "LineString", "coordinates": [[13.668908, 55.846987], [13.6693644, 55.8466731]]}}, {"type": "Feature", "id": "301173674", "properties": {"osm_id": 301173674, "highway": "service", "service": "driveway"}, "geometry": {"type": "LineString", "coordinates": [[13.6652554, 55.8492994], [13.6651866, 55.8492599], [13.6647999, 55.849038]]}}, {"type": "Feature", "id": "301173675", "properties": {"osm_id": 301173675, "highway": "service", "service": "parking_aisle"}, "geometry": {"type": "LineString", "coordinates": [[13.6675951, 55.8477451], [13.6677346, 55.8477509], [13.6678311, 55.8477549]]}}, {"type": "Feature", "id": "301173676", "properties": {"osm_id": 301173676, "highway": "service", "service": "parking_aisle"}, "geometry": {"type": "LineString", "coordinates": [[13.6657894, 55.8488257], [13.6661586, 55.8486327], [13.666337, 55.8487049]]}}, {"type": "Feature", "id": "301173677", "properties": {"osm_id": 301173677, "highway": "footway"}, "geometry": {"type": "LineString", "coordinates": [[13.6677875, 55.8476398], [13.667803, 55.8475873], [13.6679555, 55.8475822], [13.6681156, 55.8475712], [13.6682161, 55.8475537]]}}, {"type": "Feature", "id": "301173678", "properties": {"osm_id": 301173678, "highway": "footway"}, "geometry": {"type": "LineString", "coordinates": [[13.6655293, 55.8486845], [13.6657894, 55.8488257], [13.6658425, 55.8488545], [13.6658532, 55.8488868], [13.6658233, 55.848918], [13.6651866, 55.8492599]]}}, {"type": "Feature", "id": "301173679", "properties": {"osm_id": 301173679, "highway": "footway"}, "geometry": {"type": "LineString", "coordinates": [[13.6690058, 55.8470459], [13.6683442, 55.8474713], [13.6682161, 55.8475537], [13.6681108, 55.8476215], [13.6680571, 55.8476611], [13.6680018, 55.8477426], [13.6679335, 55.8478193], [13.6678331, 55.8478864], [13.6676744, 55.8479538]]}}, {"type": "Feature", "id": "301176563", "properties": {"osm_id": 301176563, "highway": "footway"}, "geometry": {"type": "LineString", "coordinates": [[13.6662826, 55.8492868], [13.6665346, 55.8493371]]}}, {"type": "Feature", "id": "301176564", "properties": {"osm_id": 301176564, "highway": "service", "service": "parking_aisle"}, "geometry": {"type": "LineString", "coordinates": [[13.6651761, 55.8500682], [13.6652893, 55.8499028]]}}, {"type": "Feature", "id": "301176565", "properties": {"osm_id": 301176565, "highway": "service"}, "geometry": {"type": "LineString", "coordinates": [[13.6653888, 55.8492261], [13.6657722, 55.8494402]]}}, {"type": "Feature", "id": "301176566", "properties": {"osm_id": 301176566, "highway": "service"}, "geometry": {"type": "LineString", "coordinates": [[13.6645354, 55.8505034], [13.6643915, 55.850767]]}}, {"type": "Feature", "id": "301176567", "properties": {"osm_id": 301176567, "highway": "service", "service": "parking_aisle"}, "geometry": {"type": "LineString", "coordinates": [[13.6650126, 55.8494327], [13.6653052, 55.8496273], [13.6649473, 55.8497969]]}}, {"type": "Feature", "id": "301176568", "properties": {"osm_id": 301176568, "highway": "service", "service": "parking_aisle"}, "geometry": {"type": "LineString", "coordinates": [[13.6655498, 55.8499412], [13.6654174, 55.8501318], [13.6653569, 55.8501494]]}}, {"type": "Feature", "id": "301176569", "properties": {"osm_id": 301176569, "highway": "footway"}, "geometry": {"type": "LineString", "coordinates": [[13.6640079, 55.8503967], [13.6645696, 55.8502912], [13.6646932, 55.8502979]]}}, {"type": "Feature", "id": "301176571", "properties": {"osm_id": 301176571, "highway": "service"}, "geometry": {"type": "LineString", "coordinates": [[13.6653569, 55.8501494], [13.6655608, 55.8501535], [13.6656889, 55.8501128], [13.6659623, 55.8499306]]}}, {"type": "Feature", "id": "301176572", "properties": {"osm_id": 301176572, "highway": "footway"}, "geometry": {"type": "LineString", "coordinates": [[13.6657722, 55.8494402], [13.6661267, 55.8492604], [13.6662826, 55.8492868], [13.6665175, 55.8491693], [13.6666881, 55.8490946]]}}, {"type": "Feature", "id": "301176574", "properties": {"osm_id": 301176574, "highway": "footway"}, "geometry": {"type": "LineString", "coordinates": [[13.666638, 55.8491684], [13.6665346, 55.8493371], [13.6663125, 55.8496129], [13.6661032, 55.8498994], [13.6659623, 55.8499306]]}}, {"type": "Feature", "id": "301176575", "properties": {"osm_id": 301176575, "highway": "service", "service": "parking_aisle"}, "geometry": {"type": "LineString", "coordinates": [[13.6671162, 55.8488934], [13.6668923, 55.8492229], [13.666638, 55.8491684], [13.6666881, 55.8490946], [13.6668586, 55.8488437]]}}, {"type": "Feature", "id": "301176576", "properties": {"osm_id": 301176576, "highway": "service"}, "geometry": {"type": "LineString", "coordinates": [[13.6653569, 55.8501494], [13.665332, 55.8501054], [13.6651761, 55.8500682], [13.6649946, 55.8500443], [13.6648814, 55.8500587], [13.6648493, 55.8500946], [13.6646932, 55.8502979], [13.6645354, 55.8505034], [13.6640079, 55.8503967]]}}, {"type": "Feature", "id": "301177760", "properties": {"osm_id": 301177760, "highway": "service", "service": "parking_aisle"}, "geometry": {"type": "LineString", "coordinates": [[13.6634869, 55.8510106], [13.6636949, 55.8506491]]}}, {"type": "Feature", "id": "301177761", "properties": {"osm_id": 301177761, "highway": "footway"}, "geometry": {"type": "LineString", "coordinates": [[13.6645565, 55.8507956], [13.6644137, 55.8509891], [13.664292, 55.8510298]]}}, {"type": "Feature", "id": "301177762", "properties": {"osm_id": 301177762, "highway": "service", "service": "parking_aisle"}, "geometry": {"type": "LineString", "coordinates": [[13.6646545, 55.8512952], [13.6642, 55.8512116], [13.664292, 55.8510298]]}}, {"type": "Feature", "id": "301189155", "properties": {"osm_id": 301189155, "highway": "footway"}, "geometry": {"type": "LineString", "coordinates": [[13.6687943, 55.8538534], [13.6687899, 55.854024], [13.6688246, 55.8540604], [13.6689077, 55.854074], [13.6692701, 55.8540825], [13.6693124, 55.8541172], [13.669323, 55.8541757], [13.6693124, 55.8542698], [13.6694166, 55.8543224], [13.6694317, 55.8543605], [13.6693848, 55.8544266]]}}, {"type": "Feature", "id": "301189156", "properties": {"osm_id": 301189156, "highway": "footway"}, "geometry": {"type": "LineString", "coordinates": [[13.6687174, 55.8533789], [13.6688889, 55.8533645]]}}, {"type": "Feature", "id": "301189157", "properties": {"osm_id": 301189157, "highway": "footway"}, "geometry": {"type": "LineString", "coordinates": [[13.6686826, 55.8536368], [13.6694528, 55.8536621]]}}, {"type": "Feature", "id": "301189158", "properties": {"osm_id": 301189158, "highway": "service", "service": "parking_aisle"}, "geometry": {"type": "LineString", "coordinates": [[13.6680419, 55.8530202], [13.6681433, 55.8528567]]}}, {"type": "Feature", "id": "301189159", "properties": {"osm_id": 301189159, "highway": "footway"}, "geometry": {"type": "LineString", "coordinates": [[13.6684354, 55.8529631], [13.6681781, 55.8533614]]}}, {"type": "Feature", "id": "301189160", "properties": {"osm_id": 301189160, "highway": "footway"}, "geometry": {"type": "LineString", "coordinates": [[13.6676449, 55.852675], [13.6679803, 55.852119]]}}, {"type": "Feature", "id": "301189161", "properties": {"osm_id": 301189161, "highway": "service", "service": "parking_aisle"}, "geometry": {"type": "LineString", "coordinates": [[13.6677455, 55.8529811], [13.6678849, 55.8527625]]}}, {"type": "Feature", "id": "301189162", "properties": {"osm_id": 301189162, "highway": "service", "service": "driveway"}, "geometry": {"type": "LineString", "coordinates": [[13.6698537, 55.8521984], [13.6700607, 55.8518619]]}}, {"type": "Feature", "id": "301189163", "properties": {"osm_id": 301189163, "highway": "service", "service": "driveway"}, "geometry": {"type": "LineString", "coordinates": [[13.6677156, 55.8492536], [13.6688878, 55.849475]]}}, {"type": "Feature", "id": "301189164", "properties": {"osm_id": 301189164, "highway": "service", "service": "parking_aisle"}, "geometry": {"type": "LineString", "coordinates": [[13.6693875, 55.8533101], [13.6692921, 55.8533789], [13.6688889, 55.8533645]]}}, {"type": "Feature", "id": "301189165", "properties": {"osm_id": 301189165, "highway": "footway"}, "geometry": {"type": "LineString", "coordinates": [[13.6677302, 55.8527061], [13.6675546, 55.8530215], [13.6675606, 55.8530757], [13.6674203, 55.8532811], [13.6673447, 55.8533919]]}}, {"type": "Feature", "id": "301189166", "properties": {"osm_id": 301189166, "highway": "footway"}, "geometry": {"type": "LineString", "coordinates": [[13.6677488, 55.8536287], [13.6678705, 55.8533926], [13.6678385, 55.8533482], [13.6680419, 55.8530202]]}}, {"type": "Feature", "id": "301189167", "properties": {"osm_id": 301189167, "highway": "service"}, "geometry": {"type": "LineString", "coordinates": [[13.6685659, 55.8530107], [13.6684728, 55.8531094], [13.6684139, 55.853206], [13.6683761, 55.8533222], [13.6686948, 55.8533332]]}}, {"type": "Feature", "id": "301189168", "properties": {"osm_id": 301189168, "highway": "footway"}, "geometry": {"type": "LineString", "coordinates": [[13.6693577, 55.8538731], [13.6687943, 55.8538534], [13.668654, 55.8538485], [13.6686826, 55.8536368], [13.6687174, 55.8533789], [13.6686948, 55.8533332]]}}, {"type": "Feature", "id": "301189496", "properties": {"osm_id": 301189496, "highway": "service", "service": "parking_aisle"}, "geometry": {"type": "LineString", "coordinates": [[13.6529625, 55.8531927], [13.6529572, 55.8530286], [13.6529624, 55.8523903]]}}, {"type": "Feature", "id": "301358672", "properties": {"osm_id": 301358672, "access": "yes", "foot": "yes", "highway": "residential", "lit": "yes", "maxspeed": "40", "name": "Solrosgatan"}, "geometry": {"type": "LineString", "coordinates": [[13.6739255, 55.8496184], [13.6739459, 55.8498752]]}}, {"type": "Feature", "id": "301393559", "properties": {"osm_id": 301393559, "highway": "footway"}, "geometry": {"type": "LineString", "coordinates": [[13.6710452, 55.8536432], [13.6710242, 55.853752], [13.671081, 55.8538357], [13.671068, 55.8538763], [13.670975, 55.8539238], [13.6709383, 55.8540136], [13.6708548, 55.8540432], [13.6708224, 55.8540796], [13.6708002, 55.8541868], [13.6707883, 55.8542423], [13.6707388, 55.854315], [13.6705298, 55.8544676]]}}, {"type": "Feature", "id": "301393560", "properties": {"osm_id": 301393560, "highway": "footway"}, "geometry": {"type": "LineString", "coordinates": [[13.6719691, 55.8544245], [13.6716491, 55.854394], [13.671373, 55.8543676], [13.6714088, 55.8542471], [13.6714685, 55.8541868], [13.6714889, 55.85416], [13.6716014, 55.8537657], [13.6715571, 55.8537217], [13.6715605, 55.8536921], [13.6716049, 55.85356], [13.6715793, 55.8534825], [13.6714736, 55.8534002], [13.671373, 55.853361], [13.6712383, 55.8533284], [13.6710526, 55.8533109], [13.670629, 55.8532709]]}}, {"type": "Feature", "id": "301393563", "properties": {"osm_id": 301393563, "highway": "path"}, "geometry": {"type": "LineString", "coordinates": [[13.6722101, 55.8538356], [13.6718606, 55.8537983]]}}, {"type": "Feature", "id": "301393564", "properties": {"osm_id": 301393564, "bridge": "yes", "foot": "yes", "highway": "cycleway", "layer": "1"}, "geometry": {"type": "LineString", "coordinates": [[13.6730475, 55.8515387], [13.6731351, 55.851503]]}}, {"type": "Feature", "id": "301393565", "properties": {"osm_id": 301393565, "highway": "footway"}, "geometry": {"type": "LineString", "coordinates": [[13.6720055, 55.8533935], [13.6722856, 55.8534223]]}}, {"type": "Feature", "id": "301393566", "properties": {"osm_id": 301393566, "bridge": "yes", "highway": "service", "layer": "1", "service": "driveway"}, "geometry": {"type": "LineString", "coordinates": [[13.6717035, 55.8498887], [13.6716801, 55.8499494]]}}, {"type": "Feature", "id": "301393567", "properties": {"osm_id": 301393567, "highway": "service", "service": "driveway"}, "geometry": {"type": "LineString", "coordinates": [[13.6716801, 55.8499494], [13.6716332, 55.8500715]]}}, {"type": "Feature", "id": "301393568", "properties": {"osm_id": 301393568, "highway": "footway"}, "geometry": {"type": "LineString", "coordinates": [[13.6704095, 55.8547418], [13.6705052, 55.8546351]]}}, {"type": "Feature", "id": "301393570", "properties": {"osm_id": 301393570, "highway": "service", "service": "parking_aisle"}, "geometry": {"type": "LineString", "coordinates": [[13.6704506, 55.8538828], [13.6707678, 55.8539102]]}}, {"type": "Feature", "id": "301393572", "properties": {"osm_id": 301393572, "highway": "service", "service": "parking_aisle"}, "geometry": {"type": "LineString", "coordinates": [[13.6704969, 55.8536899], [13.6708513, 55.8537227]]}}, {"type": "Feature", "id": "301393573", "properties": {"osm_id": 301393573, "highway": "footway"}, "geometry": {"type": "LineString", "coordinates": [[13.6716491, 55.854394], [13.6715975, 55.8546944]]}}, {"type": "Feature", "id": "301393574", "properties": {"osm_id": 301393574, "highway": "footway"}, "geometry": {"type": "LineString", "coordinates": [[13.6714088, 55.8542471], [13.6708002, 55.8541868]]}}, {"type": "Feature", "id": "301393575", "properties": {"osm_id": 301393575, "highway": "service", "service": "parking_aisle"}, "geometry": {"type": "LineString", "coordinates": [[13.6708417, 55.8545494], [13.670708, 55.854694]]}}, {"type": "Feature", "id": "301393577", "properties": {"osm_id": 301393577, "highway": "footway"}, "geometry": {"type": "LineString", "coordinates": [[13.675061, 55.852982], [13.6752796, 55.8529638], [13.6754122, 55.8528944], [13.6756547, 55.8526106], [13.6758649, 55.8524505], [13.6761094, 55.8523193], [13.6768644, 55.8522394], [13.6773749, 55.8520961], [13.6778265, 55.8519859], [13.6784025, 55.8517655], [13.678985, 55.8516148], [13.6794498, 55.8515487], [13.6799472, 55.8516038], [13.6803988, 55.8515413], [13.6810534, 55.8514715], [13.6816359, 55.8514825], [13.6825457, 55.8514385], [13.6835864, 55.8514238], [13.6844111, 55.8514642], [13.6851114, 55.8515597], [13.6851507, 55.8517544], [13.6850656, 55.852041], [13.68519, 55.852526], [13.685119, 55.8530383], [13.6851811, 55.8534163], [13.6851406, 55.8536845], [13.6848084, 55.853766], [13.684535, 55.8537356], [13.6841559, 55.8536644], [13.6838168, 55.8536683], [13.6835577, 55.8536029], [13.6826334, 55.8536812], [13.6813248, 55.8538117]]}}, {"type": "Feature", "id": "301393578", "properties": {"osm_id": 301393578, "bicycle": "designated", "foot": "designated", "highway": "path", "segregated": "no", "source": "NVDB"}, "geometry": {"type": "LineString", "coordinates": [[13.6749392, 55.8527318], [13.6749581, 55.8520852], [13.6749912, 55.8517441], [13.6750279, 55.8515512], [13.6750346, 55.8515157], [13.6749633, 55.8514703], [13.6742391, 55.8513606]]}}, {"type": "Feature", "id": "301393580", "properties": {"osm_id": 301393580, "highway": "service", "service": "driveway"}, "geometry": {"type": "LineString", "coordinates": [[13.6717333, 55.849785], [13.671714, 55.8498614], [13.6717035, 55.8498887]]}}, {"type": "Feature", "id": "301393581", "properties": {"osm_id": 301393581, "highway": "service", "service": "parking_aisle"}, "geometry": {"type": "LineString", "coordinates": [[13.6722349, 55.8535953], [13.6722856, 55.8534223], [13.6723585, 55.8531748]]}}, {"type": "Feature", "id": "301393583", "properties": {"osm_id": 301393583, "highway": "footway"}, "geometry": {"type": "LineString", "coordinates": [[13.6709553, 55.8536346], [13.6708922, 55.8536532], [13.6708513, 55.8537227]]}}, {"type": "Feature", "id": "301393584", "properties": {"osm_id": 301393584, "highway": "footway"}, "geometry": {"type": "LineString", "coordinates": [[13.6708548, 55.8540432], [13.6707873, 55.8539908], [13.6707678, 55.8539102]]}}, {"type": "Feature", "id": "301393585", "properties": {"osm_id": 301393585, "highway": "service", "service": "parking_aisle"}, "geometry": {"type": "LineString", "coordinates": [[13.6718943, 55.8546883], [13.6719691, 55.8544245], [13.6720155, 55.8542609]]}}, {"type": "Feature", "id": "301393586", "properties": {"osm_id": 301393586, "highway": "footway"}, "geometry": {"type": "LineString", "coordinates": [[13.6716014, 55.8537657], [13.6718606, 55.8537983], [13.6718248, 55.8539409]]}}, {"type": "Feature", "id": "301393587", "properties": {"osm_id": 301393587, "highway": "footway"}, "geometry": {"type": "LineString", "coordinates": [[13.6714889, 55.85416], [13.6720413, 55.8542145], [13.6720155, 55.8542609]]}}, {"type": "Feature", "id": "301393588", "properties": {"osm_id": 301393588, "bicycle": "designated", "foot": "designated", "highway": "path", "segregated": "no"}, "geometry": {"type": "LineString", "coordinates": [[13.6727735, 55.8500955], [13.6726345, 55.8501706], [13.6725098, 55.8501832], [13.6724073, 55.850171], [13.671714, 55.8498614]]}}, {"type": "Feature", "id": "301393589", "properties": {"osm_id": 301393589, "highway": "footway"}, "geometry": {"type": "LineString", "coordinates": [[13.6707883, 55.8542423], [13.6712605, 55.8543753], [13.6713236, 55.8543743], [13.671373, 55.8543676]]}}, {"type": "Feature", "id": "301393591", "properties": {"osm_id": 301393591, "highway": "footway"}, "geometry": {"type": "LineString", "coordinates": [[13.6710526, 55.8533109], [13.6709553, 55.8536346], [13.6710452, 55.8536432], [13.6715605, 55.8536921]]}}, {"type": "Feature", "id": "301393592", "properties": {"osm_id": 301393592, "highway": "service", "service": "parking_aisle"}, "geometry": {"type": "LineString", "coordinates": [[13.6704103, 55.8546075], [13.6705052, 55.8546351], [13.670708, 55.854694], [13.6713421, 55.8548783]]}}, {"type": "Feature", "id": "301393593", "properties": {"osm_id": 301393593, "highway": "footway"}, "geometry": {"type": "LineString", "coordinates": [[13.6714736, 55.8534002], [13.671523, 55.8533772], [13.6719441, 55.8534126], [13.6720055, 55.8533935], [13.6720345, 55.8533533], [13.6720696, 55.8531441]]}}, {"type": "Feature", "id": "301393594", "properties": {"osm_id": 301393594, "highway": "path"}, "geometry": {"type": "LineString", "coordinates": [[13.6720155, 55.8542609], [13.6720788, 55.8542451], [13.672118, 55.8541274], [13.6721743, 55.8539609], [13.6722101, 55.8538356], [13.672268, 55.8536366], [13.6722349, 55.8535953]]}}, {"type": "Feature", "id": "301393595", "properties": {"osm_id": 301393595, "foot": "yes", "highway": "cycleway"}, "geometry": {"type": "LineString", "coordinates": [[13.6731351, 55.851503], [13.6732718, 55.851485], [13.6737117, 55.8514754], [13.6739622, 55.8514563], [13.6741281, 55.8514214], [13.6742391, 55.8513606], [13.6748318, 55.8508731], [13.6749605, 55.8508209]]}}, {"type": "Feature", "id": "301393596", "properties": {"osm_id": 301393596, "waterway": "stream"}, "geometry": {"type": "LineString", "coordinates": [[13.685042, 55.8540765], [13.6842646, 55.8540536], [13.6816657, 55.8540164], [13.6806097, 55.853854], [13.6793801, 55.8536429], [13.6783193, 55.8534399], [13.6767254, 55.8531035]]}}, {"type": "Feature", "id": "301399293", "properties": {"osm_id": 301399293, "highway": "footway"}, "geometry": {"type": "LineString", "coordinates": [[13.6768102, 55.8541886], [13.6768356, 55.8544096]]}}, {"type": "Feature", "id": "301399294", "properties": {"osm_id": 301399294, "highway": "service", "service": "driveway"}, "geometry": {"type": "LineString", "coordinates": [[13.6754884, 55.8562123], [13.6759424, 55.8560546]]}}, {"type": "Feature", "id": "301399295", "properties": {"osm_id": 301399295, "highway": "service", "service": "parking_aisle"}, "geometry": {"type": "LineString", "coordinates": [[13.6777768, 55.854275], [13.6778022, 55.8541503]]}}, {"type": "Feature", "id": "301399297", "properties": {"osm_id": 301399297, "highway": "service", "service": "parking_aisle"}, "geometry": {"type": "LineString", "coordinates": [[13.6773376, 55.8544145], [13.6768356, 55.8544096]]}}, {"type": "Feature", "id": "301399299", "properties": {"osm_id": 301399299, "highway": "service", "service": "driveway"}, "geometry": {"type": "LineString", "coordinates": [[13.6764191, 55.8554044], [13.6762435, 55.8555556], [13.6762953, 55.855906]]}}, {"type": "Feature", "id": "301399301", "properties": {"osm_id": 301399301, "highway": "service", "service": "parking_aisle"}, "geometry": {"type": "LineString", "coordinates": [[13.6773272, 55.8546412], [13.6776624, 55.854645], [13.6776675, 55.8545034]]}}, {"type": "Feature", "id": "301399303", "properties": {"osm_id": 301399303, "highway": "footway"}, "geometry": {"type": "LineString", "coordinates": [[13.6778022, 55.8541503], [13.6776351, 55.8541216], [13.6775925, 55.8540891], [13.6775396, 55.8540785], [13.6771271, 55.8540518], [13.6770555, 55.8542001], [13.6770248, 55.8542116], [13.6768102, 55.8541886], [13.6765509, 55.8541608]]}}, {"type": "Feature", "id": "301594454", "properties": {"osm_id": 301594454, "access": "yes", "foot": "yes", "highway": "residential", "lit": "yes", "maxspeed": "40", "name": "Bollhusgatan"}, "geometry": {"type": "LineString", "coordinates": [[13.6585394, 55.8538961], [13.6581857, 55.8532839]]}}, {"type": "Feature", "id": "301594455", "properties": {"osm_id": 301594455, "access": "yes", "foot": "yes", "highway": "residential", "lit": "yes", "maxspeed": "40", "name": "Bollhusgatan"}, "geometry": {"type": "LineString", "coordinates": [[13.6581857, 55.8532839], [13.6578295, 55.8527328], [13.657392, 55.8520618]]}}, {"type": "Feature", "id": "301594457", "properties": {"osm_id": 301594457, "highway": "living_street", "lit": "yes", "name": "Nygatan", "surface": "sett"}, "geometry": {"type": "LineString", "coordinates": [[13.6603673, 55.8520496], [13.6604149, 55.852181], [13.6604345, 55.8522339], [13.6605777, 55.8526657], [13.6606283, 55.8528139]]}}, {"type": "Feature", "id": "301594458", "properties": {"osm_id": 301594458, "access": "yes", "foot": "yes", "highway": "residential", "lit": "yes", "maxspeed": "40", "name": "Nygatan"}, "geometry": {"type": "LineString", "coordinates": [[13.6606283, 55.8528139], [13.6608269, 55.8534592], [13.661071, 55.854082], [13.6613121, 55.8546948], [13.6615049, 55.8551908], [13.6615371, 55.8552737], [13.6615623, 55.8553368]]}}, {"type": "Feature", "id": "301594459", "properties": {"osm_id": 301594459, "highway": "residential", "lit": "yes", "maxspeed": "40", "name": "Prostgatan"}, "geometry": {"type": "LineString", "coordinates": [[13.6569221, 55.8542118], [13.6577326, 55.8540536], [13.6585394, 55.8538961]]}}, {"type": "Feature", "id": "301594460", "properties": {"osm_id": 301594460, "access": "yes", "foot": "yes", "highway": "residential", "lit": "yes", "maxspeed": "40", "name": "Prostgatan"}, "geometry": {"type": "LineString", "coordinates": [[13.6585394, 55.8538961], [13.6608269, 55.8534592], [13.661496, 55.8533424], [13.6619034, 55.8532702], [13.6625729, 55.8532509], [13.6639383, 55.8532307], [13.6640358, 55.8532291]]}}, {"type": "Feature", "id": "301594461", "properties": {"osm_id": 301594461, "highway": "residential", "lit": "yes", "maxspeed": "40", "name": "Torggatan"}, "geometry": {"type": "LineString", "coordinates": [[13.6565331, 55.8535985], [13.6573411, 55.8534447], [13.6581857, 55.8532839]]}}, {"type": "Feature", "id": "301594462", "properties": {"osm_id": 301594462, "access": "yes", "foot": "yes", "highway": "residential", "lit": "yes", "maxspeed": "40", "name": "Torggatan"}, "geometry": {"type": "LineString", "coordinates": [[13.6581857, 55.8532839], [13.6606283, 55.8528139]]}}, {"type": "Feature", "id": "301594463", "properties": {"osm_id": 301594463, "highway": "living_street", "lit": "yes", "name": "Nya Torg", "oneway": "yes", "surface": "sett"}, "geometry": {"type": "LineString", "coordinates": [[13.661207, 55.8519354], [13.6612288, 55.8519643], [13.6612651, 55.8520227], [13.6614824, 55.8525928], [13.6614648, 55.8526311], [13.6613683, 55.852665], [13.6606998, 55.8527995], [13.6606283, 55.8528139]]}}, {"type": "Feature", "id": "301594560", "properties": {"osm_id": 301594560, "highway": "living_street", "lit": "yes", "name": "Bryggargränd", "surface": "paving_stones"}, "geometry": {"type": "LineString", "coordinates": [[13.6619034, 55.8532702], [13.6618806, 55.8532278], [13.6616314, 55.8526838], [13.6614648, 55.8526311]]}}, {"type": "Feature", "id": "301606472", "properties": {"osm_id": 301606472, "bicycle": "designated", "foot": "designated", "highway": "path", "segregated": "no"}, "geometry": {"type": "LineString", "coordinates": [[13.6642766, 55.8613939], [13.6639409, 55.861408]]}}, {"type": "Feature", "id": "301606473", "properties": {"osm_id": 301606473, "highway": "service", "service": "parking_aisle", "surface": "asphalt"}, "geometry": {"type": "LineString", "coordinates": [[13.6615049, 55.8551908], [13.6625785, 55.854983]]}}, {"type": "Feature", "id": "301606474", "properties": {"osm_id": 301606474, "bicycle": "designated", "fixme": "Ser inte varför dessa \"stigar\" är separata. Borde inte en större del av dessa sträckor räknas som en del av respektive sekundär väg?", "foot": "designated", "highway": "path", "segregated": "no", "surface": "asphalt"}, "geometry": {"type": "LineString", "coordinates": [[13.6639163, 55.8522949], [13.6639069, 55.8523441], [13.6639383, 55.8532307], [13.6639889, 55.8545734], [13.6640407, 55.8548624], [13.6640698, 55.8551789], [13.6640885, 55.8555876], [13.6641147, 55.8564678], [13.6641579, 55.8577773], [13.664168, 55.8581089], [13.6641276, 55.8581413], [13.6641295, 55.8581976], [13.6641333, 55.8582408], [13.6641815, 55.8582797], [13.6642085, 55.8590421], [13.6642297, 55.8598613], [13.664263, 55.8607227], [13.6642875, 55.8612318], [13.6642766, 55.8613939], [13.664233, 55.8617333], [13.6642053, 55.8618869], [13.6641594, 55.8620406], [13.6640614, 55.8622149], [13.6639648, 55.8622932]]}}, {"type": "Feature", "id": "301606913", "properties": {"osm_id": 301606913, "bicycle": "designated", "foot": "designated", "highway": "path", "segregated": "no"}, "geometry": {"type": "LineString", "coordinates": [[13.6545816, 55.8551777], [13.6545893, 55.8553816], [13.6545643, 55.8555859], [13.6545258, 55.8558681], [13.6544737, 55.8560784], [13.6544545, 55.8561557], [13.6544406, 55.8562517], [13.6544178, 55.8564092], [13.6543909, 55.8565947], [13.654359, 55.856859]]}}, {"type": "Feature", "id": "301606914", "properties": {"osm_id": 301606914, "bicycle": "designated", "foot": "designated", "highway": "path", "segregated": "no"}, "geometry": {"type": "LineString", "coordinates": [[13.6544178, 55.8564092], [13.6543544, 55.8564084]]}}, {"type": "Feature", "id": "301606915", "properties": {"osm_id": 301606915, "bicycle": "designated", "foot": "designated", "highway": "path", "segregated": "no"}, "geometry": {"type": "LineString", "coordinates": [[13.6544737, 55.8560784], [13.654405, 55.8560774]]}}, {"type": "Feature", "id": "301606916", "properties": {"osm_id": 301606916, "bicycle": "designated", "foot": "designated", "highway": "path", "segregated": "no"}, "geometry": {"type": "LineString", "coordinates": [[13.6544406, 55.8562517], [13.654378, 55.856254]]}}, {"type": "Feature", "id": "301728880", "properties": {"osm_id": 301728880, "highway": "footway"}, "geometry": {"type": "LineString", "coordinates": [[13.6472575, 55.8560327], [13.6477871, 55.8560054]]}}, {"type": "Feature", "id": "301728881", "properties": {"osm_id": 301728881, "highway": "footway"}, "geometry": {"type": "LineString", "coordinates": [[13.6508919, 55.8547074], [13.6514101, 55.8547074]]}}, {"type": "Feature", "id": "301728882", "properties": {"osm_id": 301728882, "highway": "footway"}, "geometry": {"type": "LineString", "coordinates": [[13.6509116, 55.8543474], [13.650889, 55.8543923], [13.6508919, 55.8547074], [13.650896, 55.855153]]}}, {"type": "Feature", "id": "301728883", "properties": {"osm_id": 301728883, "highway": "service", "service": "parking_aisle"}, "geometry": {"type": "LineString", "coordinates": [[13.651405, 55.8543406], [13.6509116, 55.8543474], [13.6508543, 55.8543016], [13.6508404, 55.8541455]]}}, {"type": "Feature", "id": "301751586", "properties": {"osm_id": 301751586, "highway": "service", "surface": "compacted"}, "geometry": {"type": "LineString", "coordinates": [[13.6308574, 55.8598153], [13.6318174, 55.859692], [13.6387323, 55.8588037], [13.6389608, 55.8588922], [13.6398508, 55.8594642], [13.6399555, 55.8595069], [13.6400083, 55.8595217], [13.6400977, 55.8595362]]}}, {"type": "Feature", "id": "301826487", "properties": {"osm_id": 301826487, "highway": "service", "service": "driveway"}, "geometry": {"type": "LineString", "coordinates": [[13.6548637, 55.8560561], [13.6552032, 55.8560652]]}}, {"type": "Feature", "id": "301826489", "properties": {"osm_id": 301826489, "highway": "footway"}, "geometry": {"type": "LineString", "coordinates": [[13.6547845, 55.8566324], [13.6548393, 55.8562266], [13.6548637, 55.8560561]]}}, {"type": "Feature", "id": "301826491", "properties": {"osm_id": 301826491, "highway": "service", "service": "parking_aisle"}, "geometry": {"type": "LineString", "coordinates": [[13.6552322, 55.8562237], [13.6551417, 55.8562323], [13.6548393, 55.8562266]]}}, {"type": "Feature", "id": "301826493", "properties": {"osm_id": 301826493, "highway": "footway"}, "geometry": {"type": "LineString", "coordinates": [[13.6514767, 55.8564662], [13.6514432, 55.8565121], [13.6514233, 55.8565446], [13.6514212, 55.8566429], [13.651498, 55.8567446]]}}, {"type": "Feature", "id": "301836522", "properties": {"osm_id": 301836522, "highway": "footway"}, "geometry": {"type": "LineString", "coordinates": [[13.6601299, 55.8552049], [13.6608033, 55.8550675]]}}, {"type": "Feature", "id": "301836524", "properties": {"osm_id": 301836524, "highway": "service", "service": "parking_aisle"}, "geometry": {"type": "LineString", "coordinates": [[13.6606535, 55.854826], [13.6608033, 55.8550675], [13.6608767, 55.8551859], [13.6604632, 55.8552667]]}}, {"type": "Feature", "id": "301836527", "properties": {"osm_id": 301836527, "highway": "footway"}, "geometry": {"type": "LineString", "coordinates": [[13.6595202, 55.8554684], [13.6602095, 55.8553278], [13.6601299, 55.8552049], [13.6599723, 55.8549616]]}}, {"type": "Feature", "id": "302016860", "properties": {"osm_id": 302016860, "highway": "service", "service": "driveway"}, "geometry": {"type": "LineString", "coordinates": [[13.661955, 55.8577735], [13.6630016, 55.8577645]]}}, {"type": "Feature", "id": "302016861", "properties": {"osm_id": 302016861, "highway": "footway"}, "geometry": {"type": "LineString", "coordinates": [[13.6641579, 55.8577773], [13.6637583, 55.8577714]]}}, {"type": "Feature", "id": "302016863", "properties": {"osm_id": 302016863, "highway": "footway"}, "geometry": {"type": "LineString", "coordinates": [[13.6633812, 55.8582052], [13.6633723, 55.8577919], [13.66341, 55.8577561], [13.6634046, 55.8576869]]}}, {"type": "Feature", "id": "302016864", "properties": {"osm_id": 302016864, "highway": "service", "service": "parking_aisle"}, "geometry": {"type": "LineString", "coordinates": [[13.6629985, 55.8576373], [13.6632037, 55.8576482], [13.6634046, 55.8576869], [13.6634453, 55.8576948], [13.6635457, 55.8577425], [13.6637583, 55.8577714]]}}, {"type": "Feature", "id": "302178890", "properties": {"osm_id": 302178890, "bicycle": "designated", "foot": "designated", "highway": "path", "segregated": "no"}, "geometry": {"type": "LineString", "coordinates": [[13.6621713, 55.8612171], [13.6619395, 55.8615441], [13.6619139, 55.8617953]]}}, {"type": "Feature", "id": "302190442", "properties": {"osm_id": 302190442, "highway": "service", "service": "driveway"}, "geometry": {"type": "LineString", "coordinates": [[13.6482906, 55.8617526], [13.648325, 55.8618876], [13.648427, 55.8620657], [13.6486264, 55.8623556], [13.6487912, 55.8625197], [13.6488489, 55.8626861], [13.6487624, 55.8628525], [13.6487121, 55.8629357], [13.6487267, 55.862988], [13.6488694, 55.8630501], [13.6493121, 55.8631057]]}}, {"type": "Feature", "id": "302190444", "properties": {"osm_id": 302190444, "highway": "service", "service": "driveway"}, "geometry": {"type": "LineString", "coordinates": [[13.6555113, 55.863138], [13.6551096, 55.8636514], [13.6549963, 55.8636861], [13.6547842, 55.8636688], [13.6545886, 55.8636191]]}}, {"type": "Feature", "id": "302190445", "properties": {"osm_id": 302190445, "attribution": "Region Skåne", "bicycle": "designated", "foot": "designated", "highway": "path", "segregated": "no", "source": "NVDB", "surface": "asphalt"}, "geometry": {"type": "LineString", "coordinates": [[13.6516503, 55.8594762], [13.6528188, 55.8586592], [13.653242, 55.8583943], [13.6537456, 55.8580791], [13.6539301, 55.8579625], [13.6546303, 55.8576254]]}}, {"type": "Feature", "id": "302198347", "properties": {"osm_id": 302198347, "highway": "service", "service": "driveway"}, "geometry": {"type": "LineString", "coordinates": [[13.6533224, 55.8616433], [13.6539521, 55.8617534]]}}, {"type": "Feature", "id": "302198348", "properties": {"osm_id": 302198348, "highway": "service", "service": "driveway"}, "geometry": {"type": "LineString", "coordinates": [[13.6536973, 55.8610159], [13.6541486, 55.8611022]]}}, {"type": "Feature", "id": "302198349", "properties": {"osm_id": 302198349, "bicycle": "designated", "foot": "designated", "highway": "path", "segregated": "no"}, "geometry": {"type": "LineString", "coordinates": [[13.6504497, 55.8603224], [13.6509284, 55.8605477]]}}, {"type": "Feature", "id": "302198350", "properties": {"osm_id": 302198350, "highway": "service", "service": "parking_aisle"}, "geometry": {"type": "LineString", "coordinates": [[13.6554394, 55.8593644], [13.6554569, 55.8595685]]}}, {"type": "Feature", "id": "302198351", "properties": {"osm_id": 302198351, "highway": "service", "service": "driveway"}, "geometry": {"type": "LineString", "coordinates": [[13.6545647, 55.8619741], [13.6550343, 55.8621345]]}}, {"type": "Feature", "id": "302198352", "properties": {"osm_id": 302198352, "highway": "service", "service": "driveway"}, "geometry": {"type": "LineString", "coordinates": [[13.6558235, 55.8609487], [13.6562892, 55.8610959]]}}, {"type": "Feature", "id": "302198353", "properties": {"osm_id": 302198353, "highway": "service", "service": "parking_aisle"}, "geometry": {"type": "LineString", "coordinates": [[13.6558982, 55.8591537], [13.655911, 55.8593531]]}}, {"type": "Feature", "id": "302198354", "properties": {"osm_id": 302198354, "highway": "service", "service": "parking_aisle"}, "geometry": {"type": "LineString", "coordinates": [[13.6541545, 55.8595763], [13.6541457, 55.859715]]}}, {"type": "Feature", "id": "302198355", "properties": {"osm_id": 302198355, "highway": "service", "service": "driveway"}, "geometry": {"type": "LineString", "coordinates": [[13.6553488, 55.8613839], [13.6557581, 55.8615602]]}}, {"type": "Feature", "id": "302198356", "properties": {"osm_id": 302198356, "highway": "footway"}, "geometry": {"type": "LineString", "coordinates": [[13.6531636, 55.8595087], [13.653001, 55.8595043], [13.6526588, 55.8593792]]}}, {"type": "Feature", "id": "302198357", "properties": {"osm_id": 302198357, "highway": "footway"}, "geometry": {"type": "LineString", "coordinates": [[13.6552673, 55.8595704], [13.6554569, 55.8595685], [13.6556653, 55.8595664]]}}, {"type": "Feature", "id": "302198358", "properties": {"osm_id": 302198358, "highway": "footway"}, "geometry": {"type": "LineString", "coordinates": [[13.6543146, 55.859898], [13.654325, 55.8598332], [13.6543642, 55.8595881]]}}, {"type": "Feature", "id": "302198359", "properties": {"osm_id": 302198359, "bicycle": "designated", "foot": "designated", "highway": "path", "segregated": "no"}, "geometry": {"type": "LineString", "coordinates": [[13.6536332, 55.8621969], [13.6537366, 55.8622516], [13.6542943, 55.8623955], [13.6544048, 55.8624013]]}}, {"type": "Feature", "id": "302198360", "properties": {"osm_id": 302198360, "highway": "footway"}, "geometry": {"type": "LineString", "coordinates": [[13.655319, 55.8597831], [13.6552819, 55.859731], [13.6552673, 55.8595704], [13.655249, 55.8593689]]}}, {"type": "Feature", "id": "302198361", "properties": {"osm_id": 302198361, "highway": "footway"}, "geometry": {"type": "LineString", "coordinates": [[13.654325, 55.8598332], [13.6542054, 55.859822], [13.6541792, 55.8598032], [13.6541719, 55.8597338], [13.6541457, 55.859715]]}}, {"type": "Feature", "id": "302198362", "properties": {"osm_id": 302198362, "highway": "footway"}, "geometry": {"type": "LineString", "coordinates": [[13.6545057, 55.8595961], [13.6545071, 55.8595154], [13.6543294, 55.8594206], [13.6543411, 55.8592628], [13.6543862, 55.8592408], [13.6544035, 55.859126]]}}, {"type": "Feature", "id": "302198363", "properties": {"osm_id": 302198363, "highway": "footway"}, "geometry": {"type": "LineString", "coordinates": [[13.6556687, 55.8593589], [13.6556794, 55.8595427], [13.6556653, 55.8595664], [13.6556382, 55.859612], [13.6555249, 55.8597033], [13.6554117, 55.8597576], [13.655319, 55.8597831], [13.655216, 55.8597981], [13.6550039, 55.8598073]]}}, {"type": "Feature", "id": "302226629", "properties": {"osm_id": 302226629, "access": "yes", "foot": "yes", "highway": "residential", "lit": "yes", "maxspeed": "40", "name": "Industrigatan", "surface": "asphalt"}, "geometry": {"type": "LineString", "coordinates": [[13.6660319, 55.8539582], [13.6662615, 55.8535689]]}}, {"type": "Feature", "id": "302226638", "properties": {"osm_id": 302226638, "access": "yes", "foot": "yes", "highway": "residential", "lit": "yes", "maxspeed": "40", "name": "Industrigatan", "surface": "asphalt"}, "geometry": {"type": "LineString", "coordinates": [[13.6662615, 55.8535689], [13.6664558, 55.8532377], [13.6664829, 55.8532038]]}}, {"type": "Feature", "id": "302226640", "properties": {"osm_id": 302226640, "highway": "residential", "maxspeed": "40", "name": "Kungsgatan", "oneway": "no", "surface": "asphalt"}, "geometry": {"type": "LineString", "coordinates": [[13.6649652, 55.8537442], [13.6650878, 55.8535374], [13.6652178, 55.8533332]]}}, {"type": "Feature", "id": "302226760", "properties": {"osm_id": 302226760, "highway": "service", "service": "driveway"}, "geometry": {"type": "LineString", "coordinates": [[13.6648082, 55.8530205], [13.665355, 55.8531181]]}}, {"type": "Feature", "id": "302226762", "properties": {"osm_id": 302226762, "bicycle": "designated", "foot": "designated", "highway": "path", "segregated": "no"}, "geometry": {"type": "LineString", "coordinates": [[13.6649652, 55.8537442], [13.665523, 55.8538578], [13.6660319, 55.8539582]]}}, {"type": "Feature", "id": "304637821", "properties": {"osm_id": 304637821, "area": "yes", "bus": "yes", "highway": "platform", "name": "A", "network": "Skånetrafiken", "public_transport": "platform", "ref": "A", "route_ref": "469;470;471"}, "geometry": {"type": "LineString", "coordinates": [[13.6709006, 55.8553732], [13.6709233, 55.8553816], [13.6711477, 55.8554655], [13.6711708, 55.8555094], [13.6711419, 55.8555272], [13.6711065, 55.8555489], [13.6709642, 55.855476], [13.6708849, 55.8554354], [13.6708383, 55.8554115], [13.6708733, 55.85539], [13.6709006, 55.8553732]]}}, {"type": "Feature", "id": "304637822", "properties": {"osm_id": 304637822, "area": "yes", "bus": "yes", "highway": "platform", "name": "B", "network": "Skånetrafiken", "public_transport": "platform", "ref": "B", "route_ref": "SkåneExpressen 1;474"}, "geometry": {"type": "LineString", "coordinates": [[13.6711708, 55.8555094], [13.6711939, 55.8555185], [13.6714193, 55.855608], [13.671431, 55.8556446], [13.6714036, 55.8556615], [13.6713683, 55.8556832], [13.6711292, 55.8555606], [13.6711065, 55.8555489], [13.6711419, 55.8555272], [13.6711708, 55.8555094]]}}, {"type": "Feature", "id": "304637823", "properties": {"osm_id": 304637823, "area": "yes", "bus": "yes", "highway": "platform", "name": "C", "network": "Skånetrafiken", "public_transport": "platform", "ref": "C", "route_ref": "SkåneExpressen 2"}, "geometry": {"type": "LineString", "coordinates": [[13.671431, 55.8556446], [13.671458, 55.8556557], [13.671678, 55.8557441], [13.6716964, 55.8557891], [13.6716775, 55.8558007], [13.6716412, 55.855823], [13.6713683, 55.8556832], [13.6714036, 55.8556615], [13.671431, 55.8556446]]}}, {"type": "Feature", "id": "304637824", "properties": {"osm_id": 304637824, "area": "yes", "bus": "yes", "highway": "platform", "name": "D", "network": "Skånetrafiken", "public_transport": "platform", "ref": "D", "route_ref": "330"}, "geometry": {"type": "LineString", "coordinates": [[13.6716964, 55.8557891], [13.6717146, 55.8557958], [13.6719645, 55.8558885], [13.6720015, 55.8559293], [13.6719933, 55.855962], [13.6719565, 55.8559847], [13.6716412, 55.855823], [13.6716775, 55.8558007], [13.6716964, 55.8557891]]}}, {"type": "Feature", "id": "304637828", "properties": {"osm_id": 304637828, "bus": "yes", "highway": "platform", "network": "Skånetrafiken", "public_transport": "platform", "source": "bing"}, "geometry": {"type": "LineString", "coordinates": [[13.6608029, 55.8511554], [13.6606915, 55.8509299], [13.6607267, 55.8509244], [13.6608381, 55.8511499], [13.66082, 55.8511528], [13.6608029, 55.8511554]]}}, {"type": "Feature", "id": "304637830", "properties": {"osm_id": 304637830, "bench": "yes", "bus": "yes", "highway": "platform", "network": "Skånetrafiken", "public_transport": "platform", "shelter": "yes", "source": "Bing;Mapillary"}, "geometry": {"type": "LineString", "coordinates": [[13.6608136, 55.8509034], [13.6609239, 55.8511336], [13.6609197, 55.8511342], [13.6609086, 55.8511359], [13.6607983, 55.8509057], [13.6608101, 55.8509039], [13.6608136, 55.8509034]]}}, {"type": "Feature", "id": "304637834", "properties": {"osm_id": 304637834, "bicycle": "designated", "fixme": "Ser inte varför dessa \"stigar\" är separata. Borde inte en större del av dessa sträckor räknas som en del av respektive sekundär väg?", "foot": "designated", "highway": "path", "segregated": "no"}, "geometry": {"type": "LineString", "coordinates": [[13.6611209, 55.8512659], [13.6618021, 55.8515019], [13.6622093, 55.851643], [13.6640495, 55.8522805], [13.6654432, 55.8527633], [13.6655067, 55.8527557], [13.6655583, 55.852704], [13.6656105, 55.8527149], [13.6656735, 55.8527262], [13.6656342, 55.8527896], [13.6656693, 55.8528427], [13.6657769, 55.8528857], [13.6661767, 55.85304], [13.6668406, 55.8533013], [13.6678031, 55.8537899], [13.6679049, 55.8538399], [13.6680417, 55.8539059], [13.6683121, 55.8540113], [13.6693848, 55.8544266], [13.6695941, 55.8545077], [13.6700806, 55.854682], [13.6702589, 55.8547255], [13.6704095, 55.8547418]]}}, {"type": "Feature", "id": "304637836", "properties": {"osm_id": 304637836, "highway": "footway", "source": "Bing;Mapillary"}, "geometry": {"type": "LineString", "coordinates": [[13.6701172, 55.854963], [13.6703388, 55.8551307], [13.6703851, 55.8551693]]}}, {"type": "Feature", "id": "324011687", "properties": {"osm_id": 324011687, "bus": "yes", "highway": "platform", "name": "E", "network": "Skånetrafiken", "public_transport": "platform", "ref": "E", "source": "survey"}, "geometry": {"type": "LineString", "coordinates": [[13.6706488, 55.855415], [13.6708801, 55.8555279], [13.6709303, 55.8555536]]}}, {"type": "Feature", "id": "324011696", "properties": {"osm_id": 324011696, "highway": "footway", "source": "survey"}, "geometry": {"type": "LineString", "coordinates": [[13.6708801, 55.8555279], [13.6709152, 55.8555063]]}}, {"type": "Feature", "id": "347772739", "properties": {"osm_id": 347772739, "access": "yes", "foot": "yes", "highway": "residential", "lit": "yes", "maxspeed": "40", "name": "Rundelsgatan"}, "geometry": {"type": "LineString", "coordinates": [[13.6586536, 55.8567963], [13.6590832, 55.857456], [13.6594466, 55.858077]]}}, {"type": "Feature", "id": "376010751", "properties": {"osm_id": 376010751, "highway": "tertiary", "lanes": "2", "maxspeed": "40", "name": "Nygatan", "surface": "asphalt"}, "geometry": {"type": "LineString", "coordinates": [[13.658865, 55.8478359], [13.6588908, 55.8479076], [13.6593419, 55.8491584], [13.6594013, 55.8493232], [13.6594851, 55.8495555], [13.6595158, 55.8496432], [13.6595504, 55.8497539], [13.6595939, 55.8498935]]}}, {"type": "Feature", "id": "376010754", "properties": {"osm_id": 376010754, "highway": "secondary", "lane_markings": "no", "maxspeed": "40", "name": "Ringsjövägen", "ref": "M 1134", "surface": "asphalt"}, "geometry": {"type": "LineString", "coordinates": [[13.6599275, 55.8508202], [13.6602822, 55.8507804], [13.6603839, 55.8507735], [13.6604654, 55.8507716], [13.6605622, 55.8507856], [13.6606309, 55.8508027]]}}, {"type": "Feature", "id": "376010756", "properties": {"osm_id": 376010756, "access": "yes", "foot": "yes", "highway": "residential", "lit": "yes", "maxspeed": "40", "name": "Tvärgatan"}, "geometry": {"type": "LineString", "coordinates": [[13.658865, 55.8478359], [13.6590105, 55.8478203], [13.6609203, 55.8476159], [13.6616664, 55.8475355], [13.6627469, 55.8474204], [13.6631223, 55.8474043], [13.6634487, 55.8473987], [13.6636654, 55.8474136], [13.665371, 55.84749], [13.6661437, 55.8475447], [13.6666383, 55.8475775], [13.6670162, 55.8476026]]}}, {"type": "Feature", "id": "376010759", "properties": {"osm_id": 376010759, "access": "no", "highway": "service", "psv": "yes"}, "geometry": {"type": "LineString", "coordinates": [[13.6712583, 55.8554801], [13.670988, 55.8553388]]}}, {"type": "Feature", "id": "376010760", "properties": {"osm_id": 376010760, "access": "no", "highway": "service", "psv": "yes"}, "geometry": {"type": "LineString", "coordinates": [[13.6715147, 55.8556181], [13.6712583, 55.8554801]]}}, {"type": "Feature", "id": "376010761", "properties": {"osm_id": 376010761, "access": "no", "highway": "service", "psv": "yes"}, "geometry": {"type": "LineString", "coordinates": [[13.6717737, 55.855757], [13.6715147, 55.8556181]]}}, {"type": "Feature", "id": "376010762", "properties": {"osm_id": 376010762, "access": "no", "highway": "service", "psv": "yes"}, "geometry": {"type": "LineString", "coordinates": [[13.670988, 55.8553388], [13.6706001, 55.8551276], [13.6705502, 55.8551141], [13.6704792, 55.8551064], [13.6703931, 55.8551073], [13.6703388, 55.8551307], [13.6701487, 55.8552386]]}}, {"type": "Feature", "id": "398072947", "properties": {"osm_id": 398072947, "access": "yes", "foot": "yes", "highway": "residential", "lit": "yes", "maxspeed": "40", "name": "Balders gata"}, "geometry": {"type": "LineString", "coordinates": [[13.6508905, 55.8605749], [13.6509284, 55.8605477], [13.6517232, 55.8599774]]}}, {"type": "Feature", "id": "398072948", "properties": {"osm_id": 398072948, "access": "yes", "foot": "yes", "highway": "unclassified", "lit": "yes", "maxspeed": "40", "name": "Hantverksgatan"}, "geometry": {"type": "LineString", "coordinates": [[13.6720791, 55.8561878], [13.6719869, 55.8562371], [13.6717885, 55.8562795], [13.671475, 55.8562899], [13.6703332, 55.8562658], [13.6682279, 55.8562214]]}}, {"type": "Feature", "id": "398072949", "properties": {"osm_id": 398072949, "access": "yes", "foot": "yes", "highway": "residential", "lit": "yes", "maxspeed": "40", "name": "Lokes gata"}, "geometry": {"type": "LineString", "coordinates": [[13.6586392, 55.8618292], [13.6582167, 55.8622881], [13.6577529, 55.8625394]]}}, {"type": "Feature", "id": "398072950", "properties": {"osm_id": 398072950, "access": "yes", "foot": "yes", "highway": "residential", "lit": "yes", "maxspeed": "40", "name": "Margaretagatan"}, "geometry": {"type": "LineString", "coordinates": [[13.6735568, 55.8450322], [13.6730765, 55.845658]]}}, {"type": "Feature", "id": "398072951", "properties": {"osm_id": 398072951, "access": "yes", "foot": "yes", "highway": "residential", "lit": "yes", "maxspeed": "40", "name": "Mariagatan"}, "geometry": {"type": "LineString", "coordinates": [[13.6747566, 55.8452542], [13.6748305, 55.8452333], [13.6748732, 55.8452168], [13.6749191, 55.8451927], [13.6750052, 55.8451259], [13.6750361, 55.8451019], [13.6761611, 55.8442288]]}}, {"type": "Feature", "id": "398072953", "properties": {"osm_id": 398072953, "access": "yes", "foot": "yes", "highway": "residential", "lit": "yes", "maxspeed": "40", "name": "Mjölners gata"}, "geometry": {"type": "LineString", "coordinates": [[13.6553555, 55.8618593], [13.6550343, 55.8621345], [13.654769, 55.8623618], [13.6544871, 55.8623184], [13.6544378, 55.8623187], [13.6543777, 55.8623651], [13.6544048, 55.8624013], [13.6545815, 55.862436], [13.6546602, 55.8624313], [13.654769, 55.8623618]]}}, {"type": "Feature", "id": "398072954", "properties": {"osm_id": 398072954, "access": "yes", "cycleway:both": "no", "foot": "yes", "highway": "residential", "lane_markings": "no", "lit": "yes", "maxspeed": "40", "motor_vehicle": "destination", "name": "Nils Anderssons allé", "surface": "asphalt"}, "geometry": {"type": "LineString", "coordinates": [[13.6635479, 55.8638234], [13.6635867, 55.8636264], [13.6637073, 55.8631421], [13.6639004, 55.8626002], [13.6639648, 55.8622932], [13.6638743, 55.8621301], [13.6637818, 55.861995], [13.6637756, 55.8618728]]}}, {"type": "Feature", "id": "398072955", "properties": {"osm_id": 398072955, "access": "yes", "foot": "yes", "highway": "residential", "lit": "yes", "maxspeed": "40", "name": "Odens gata"}, "geometry": {"type": "LineString", "coordinates": [[13.6528772, 55.8601685], [13.6523724, 55.8610548]]}}, {"type": "Feature", "id": "398072956", "properties": {"osm_id": 398072956, "highway": "residential", "maxspeed": "40", "name": "Pers gränd", "oneway": "no"}, "geometry": {"type": "LineString", "coordinates": [[13.6603766, 55.8467783], [13.6605844, 55.846681], [13.6606301, 55.8466316], [13.6606711, 55.8463115], [13.6606915, 55.8461697], [13.660712, 55.8460279], [13.6607304, 55.8458453], [13.6607811, 55.8453939], [13.6608147, 55.8453467], [13.6608903, 55.8453263], [13.6611141, 55.8453326], [13.6611868, 55.8453546], [13.6612204, 55.8453829], [13.6610721, 55.8465845], [13.6610525, 55.8466253], [13.6610218, 55.8466473], [13.6609518, 55.846663], [13.6607252, 55.8466568], [13.6606301, 55.8466316]]}}, {"type": "Feature", "id": "398072957", "properties": {"osm_id": 398072957, "access": "yes", "bicycle": "designated", "foot": "designated", "highway": "path", "lit": "yes", "maxspeed": "40", "name": "Stattenavägen", "segregated": "no"}, "geometry": {"type": "LineString", "coordinates": [[13.6808112, 55.8584682], [13.6811577, 55.8586202]]}}, {"type": "Feature", "id": "398072958", "properties": {"osm_id": 398072958, "highway": "unclassified", "lit": "yes", "maxspeed": "40", "name": "Stattenavägen"}, "geometry": {"type": "LineString", "coordinates": [[13.6811577, 55.8586202], [13.6814976, 55.8588037], [13.6816618, 55.8589888], [13.6817945, 55.8591791], [13.6818503, 55.8592128], [13.6819064, 55.8593179], [13.6821144, 55.859472], [13.6822962, 55.8595686], [13.6824631, 55.8596467], [13.6826225, 55.8596971], [13.6829035, 55.8597812], [13.6830699, 55.8598311], [13.6834673, 55.8599533], [13.6837735, 55.8600571], [13.6840641, 55.8601758], [13.6842708, 55.8602789], [13.6844785, 55.8604131], [13.6849596, 55.8609305], [13.6857542, 55.8617385], [13.6864342, 55.8623441], [13.6864693, 55.8624046], [13.6864707, 55.8624881], [13.6864383, 55.8625402]]}}, {"type": "Feature", "id": "398072959", "properties": {"osm_id": 398072959, "access": "yes", "foot": "yes", "highway": "residential", "lit": "yes", "maxspeed": "40", "name": "Tors gata"}, "geometry": {"type": "LineString", "coordinates": [[13.6535215, 55.8613067], [13.6536973, 55.8610159], [13.6538272, 55.8608009], [13.6541362, 55.8604652], [13.6542091, 55.860392], [13.6542653, 55.8603868], [13.6545815, 55.860471], [13.6545886, 55.8605058], [13.6545505, 55.8605535], [13.6544856, 55.8605532], [13.6541362, 55.8604652]]}}, {"type": "Feature", "id": "398072960", "properties": {"osm_id": 398072960, "highway": "unclassified", "name": "Verkstadsgatan"}, "geometry": {"type": "LineString", "coordinates": [[13.669781, 55.8550338], [13.6698343, 55.8550815], [13.6701487, 55.8552386]]}}, {"type": "Feature", "id": "398072962", "properties": {"osm_id": 398072962, "access": "yes", "foot": "yes", "highway": "residential", "lit": "yes", "maxspeed": "40", "name": "Ystadsvägen"}, "geometry": {"type": "LineString", "coordinates": [[13.6606712, 55.849391], [13.6606637, 55.8493073], [13.6606431, 55.8492079], [13.6606404, 55.8491409], [13.6606601, 55.8490237], [13.660759, 55.8484212], [13.660854, 55.8479469], [13.6609203, 55.8476159]]}}, {"type": "Feature", "id": "398072966", "properties": {"osm_id": 398072966, "highway": "unclassified", "maxspeed": "60", "name": "Silvergatan", "surface": "asphalt"}, "geometry": {"type": "LineString", "coordinates": [[13.6730475, 55.8602595], [13.6745112, 55.8600774], [13.6760133, 55.8598727], [13.6768501, 55.8597643], [13.677526, 55.8597403], [13.6778157, 55.8597764], [13.678218, 55.8599631], [13.6792212, 55.860511], [13.6795859, 55.8606856], [13.6807232, 55.8610408], [13.6813026, 55.8612546], [13.6816602, 55.8614298], [13.6828414, 55.8620551], [13.683394, 55.8622842], [13.6855059, 55.8630504]]}}, {"type": "Feature", "id": "398072967", "properties": {"osm_id": 398072967, "bicycle": "designated", "foot": "designated", "highway": "path", "segregated": "no"}, "geometry": {"type": "LineString", "coordinates": [[13.6750361, 55.8451019], [13.6762245, 55.8453504]]}}, {"type": "Feature", "id": "398072968", "properties": {"osm_id": 398072968, "highway": "service", "service": "parking_aisle"}, "geometry": {"type": "LineString", "coordinates": [[13.6607304, 55.8458453], [13.6603672, 55.8458338]]}}, {"type": "Feature", "id": "398264176", "properties": {"osm_id": 398264176, "access": "yes", "foot": "yes", "highway": "residential", "lit": "yes", "maxspeed": "40", "name": "Industrigatan", "surface": "asphalt"}, "geometry": {"type": "LineString", "coordinates": [[13.6654469, 55.8549341], [13.6656504, 55.8545917], [13.6658454, 55.8542679], [13.6660319, 55.8539582]]}}, {"type": "Feature", "id": "426693663", "properties": {"osm_id": 426693663, "cycleway:both": "no", "highway": "primary", "lanes": "2", "maxspeed": "80", "ref": "13", "surface": "asphalt"}, "geometry": {"type": "LineString", "coordinates": [[13.6606773, 55.8279947], [13.6600669, 55.8300312], [13.659474, 55.8319693], [13.6590333, 55.834546], [13.6587434, 55.8351447], [13.6584604, 55.8357234], [13.6581135, 55.8362941], [13.6577437, 55.836808], [13.6566217, 55.8380241], [13.6554685, 55.8389576], [13.6528195, 55.8406878], [13.6508756, 55.8419795], [13.6490732, 55.8435578], [13.6482304, 55.8445501]]}}, {"type": "Feature", "id": "426693696", "properties": {"osm_id": 426693696, "highway": "unclassified", "name": "Verkstadsgatan"}, "geometry": {"type": "LineString", "coordinates": [[13.6708535, 55.8555849], [13.6719021, 55.8560975]]}}, {"type": "Feature", "id": "426693706", "properties": {"osm_id": 426693706, "highway": "footway", "surface": "asphalt"}, "geometry": {"type": "LineString", "coordinates": [[13.6721103, 55.8560245], [13.6720454, 55.8560766], [13.6720374, 55.8561064], [13.6720569, 55.8561327], [13.6721072, 55.8561632]]}}, {"type": "Feature", "id": "426693707", "properties": {"osm_id": 426693707, "bicycle": "designated", "foot": "designated", "highway": "path", "segregated": "no", "surface": "asphalt"}, "geometry": {"type": "LineString", "coordinates": [[13.6733274, 55.8567803], [13.672299, 55.8562601], [13.6721072, 55.8561632], [13.6720791, 55.8561878]]}}, {"type": "Feature", "id": "426693709", "properties": {"osm_id": 426693709, "highway": "footway", "surface": "asphalt"}, "geometry": {"type": "LineString", "coordinates": [[13.6719933, 55.855962], [13.6720436, 55.8559897], [13.6721103, 55.8560245], [13.6724228, 55.8561767]]}}, {"type": "Feature", "id": "448349423", "properties": {"osm_id": 448349423, "highway": "tertiary", "name": "Västervångsvägen"}, "geometry": {"type": "LineString", "coordinates": [[13.6876203, 55.8534776], [13.6874359, 55.853489], [13.6871676, 55.8535318], [13.6868409, 55.8535905], [13.6865571, 55.8536618], [13.6861777, 55.8538135], [13.6857101, 55.8540042], [13.685424, 55.8541083], [13.6851982, 55.8541638], [13.6850374, 55.8542033], [13.6843606, 55.8542947], [13.6833644, 55.8543678], [13.6829516, 55.8544039], [13.6824768, 55.8544689], [13.6820888, 55.8545429], [13.6812298, 55.8547535], [13.6809333, 55.8548136], [13.6805316, 55.8548497], [13.6801134, 55.8548979], [13.6797367, 55.8549486], [13.679476, 55.8549925], [13.6792748, 55.8550328], [13.6790648, 55.8550832], [13.6788068, 55.8551756], [13.6785275, 55.8553202], [13.6783462, 55.8554661], [13.6781483, 55.8556938], [13.6779314, 55.8558802], [13.67776, 55.8559854], [13.6775222, 55.8560944], [13.6772077, 55.8561626], [13.6766685, 55.8562634], [13.6763486, 55.8563548], [13.6755253, 55.856748], [13.6752072, 55.8569098]]}}, {"type": "Feature", "id": "475898676", "properties": {"osm_id": 475898676, "highway": "trunk_link", "lanes": "1", "maxspeed": "100", "motorroad": "yes", "oneway": "yes"}, "geometry": {"type": "LineString", "coordinates": [[13.6403387, 55.8604509], [13.640512, 55.8604756], [13.6406322, 55.8604843], [13.6407621, 55.8604864], [13.6408853, 55.8604764], [13.641015, 55.8604497], [13.6411333, 55.8604101], [13.6412376, 55.8603602], [13.64131, 55.860304], [13.6413638, 55.8602315], [13.6413995, 55.8601641], [13.6414096, 55.8600811], [13.641399, 55.8600085], [13.6413541, 55.8599262], [13.6412782, 55.8598475], [13.6411726, 55.8597639], [13.6407939, 55.8595148]]}}, {"type": "Feature", "id": "577293351", "properties": {"osm_id": 577293351, "highway": "service", "oneway": "yes", "service": "parking_aisle"}, "geometry": {"type": "LineString", "coordinates": [[13.6581148, 55.8508789], [13.657838, 55.8508715], [13.6574301, 55.8508447], [13.6567575, 55.8508001], [13.6567486, 55.850843], [13.6567417, 55.8508902], [13.6567377, 55.8509285]]}}, {"type": "Feature", "id": "577293355", "properties": {"osm_id": 577293355, "highway": "service", "service": "driveway"}, "geometry": {"type": "LineString", "coordinates": [[13.6583085, 55.8510068], [13.6582979, 55.8509718], [13.6582825, 55.8509146], [13.6582705, 55.8508725], [13.6581148, 55.8508789]]}}, {"type": "Feature", "id": "584028501", "properties": {"osm_id": 584028501, "highway": "service"}, "geometry": {"type": "LineString", "coordinates": [[13.6630413, 55.8644062], [13.6630037, 55.8642391]]}}, {"type": "Feature", "id": "584028502", "properties": {"osm_id": 584028502, "highway": "service"}, "geometry": {"type": "LineString", "coordinates": [[13.6632613, 55.8644253], [13.6630413, 55.8644062], [13.6628455, 55.864787], [13.6624914, 55.8647042], [13.6627033, 55.8644303], [13.6630413, 55.8644062]]}}, {"type": "Feature", "id": "584028504", "properties": {"osm_id": 584028504, "cycleway:both": "no", "highway": "secondary", "lane_markings": "no", "lit": "yes", "maxspeed": "60", "name": "Slagtoftavägen", "ref": "M 1335", "surface": "asphalt"}, "geometry": {"type": "LineString", "coordinates": [[13.6642866, 55.8618898], [13.6641519, 55.8627197], [13.6639927, 55.8634958], [13.6639313, 55.8636996], [13.6638253, 55.8639549], [13.6635385, 55.8644855], [13.6632319, 55.8650079]]}}, {"type": "Feature", "id": "676119736", "properties": {"osm_id": 676119736, "access": "yes", "foot": "yes", "highway": "residential", "lit": "yes", "maxspeed": "40", "name": "Sankt Olofsgatan", "short_name": "S:t Olofsgatan"}, "geometry": {"type": "LineString", "coordinates": [[13.6630138, 55.8500994], [13.6628893, 55.8499985], [13.6628581, 55.8499152], [13.6627561, 55.8489687], [13.6628287, 55.8487877]]}}, {"type": "Feature", "id": "702560520", "properties": {"osm_id": 702560520, "bicycle": "designated", "fixme": "Ser inte varför dessa \"stigar\" är separata. Borde inte en större del av dessa sträckor räknas som en del av respektive sekundär väg?", "foot": "designated", "highway": "path", "segregated": "no"}, "geometry": {"type": "LineString", "coordinates": [[13.6611209, 55.8512659], [13.6610294, 55.8512084]]}}, {"type": "Feature", "id": "702560521", "properties": {"osm_id": 702560521, "bicycle": "designated", "foot": "designated", "highway": "path", "segregated": "yes"}, "geometry": {"type": "LineString", "coordinates": [[13.6610371, 55.8513536], [13.6608905, 55.8513042], [13.6608504, 55.8512799], [13.6607921, 55.8512785], [13.660737, 55.8512861], [13.6605459, 55.8513098], [13.6604938, 55.8513049], [13.6604546, 55.8512825], [13.6604322, 55.8512502], [13.660324, 55.8509425], [13.6603086, 55.8509128], [13.6602815, 55.8508738], [13.6602343, 55.8508514], [13.6601785, 55.8508359], [13.6600913, 55.8508376], [13.6599375, 55.8508556]]}}, {"type": "Feature", "id": "726533773", "properties": {"osm_id": 726533773, "access:lanes:forward": "yes|no", "highway": "secondary", "lanes": "3", "lanes:forward": "2", "maxspeed": "40", "name": "Ringsjövägen", "psv:lanes:forward": "yes|designated", "ref": "M 1134", "surface": "asphalt"}, "geometry": {"type": "LineString", "coordinates": [[13.6508496, 55.8502649], [13.651015, 55.8502863], [13.6512493, 55.850317], [13.6513699, 55.8503319], [13.6517949, 55.8503895], [13.6526277, 55.8505065]]}}, {"type": "Feature", "id": "726533776", "properties": {"osm_id": 726533776, "bicycle": "designated", "foot": "designated", "highway": "path", "segregated": "no"}, "geometry": {"type": "LineString", "coordinates": [[13.6509857, 55.8503283], [13.651015, 55.8502863], [13.6510683, 55.8501967], [13.6510882, 55.8501431]]}}, {"type": "Feature", "id": "726533777", "properties": {"osm_id": 726533777, "highway": "secondary", "lanes": "1", "maxspeed": "40", "name": "Ringsjövägen", "oneway": "yes", "ref": "M 1134", "surface": "asphalt"}, "geometry": {"type": "LineString", "coordinates": [[13.6486941, 55.8499275], [13.6491627, 55.8499967], [13.6494415, 55.8500341]]}}, {"type": "Feature", "id": "726533778", "properties": {"osm_id": 726533778, "highway": "service", "oneway": "no", "service": "parking_aisle"}, "geometry": {"type": "LineString", "coordinates": [[13.6494415, 55.8500341], [13.6494133, 55.8500922]]}}, {"type": "Feature", "id": "726533779", "properties": {"osm_id": 726533779, "highway": "secondary", "lanes": "1", "lit": "yes", "maxspeed": "40", "name": "Ringsjövägen", "oneway": "yes", "ref": "M 1134", "surface": "asphalt"}, "geometry": {"type": "LineString", "coordinates": [[13.6508496, 55.8502649], [13.6504706, 55.850219], [13.6501303, 55.8501816], [13.6494133, 55.8500922], [13.6491335, 55.8500585], [13.6486627, 55.8499927], [13.6470902, 55.8497728]]}}, {"type": "Feature", "id": "726533780", "properties": {"osm_id": 726533780, "highway": "secondary", "lanes": "2", "maxspeed": "40", "name": "Ringsjövägen", "oneway": "yes", "ref": "M 1134", "surface": "asphalt", "turn:lanes": "left|"}, "geometry": {"type": "LineString", "coordinates": [[13.6470935, 55.8497211], [13.6475244, 55.8497688], [13.6486941, 55.8499275]]}}, {"type": "Feature", "id": "726533781", "properties": {"osm_id": 726533781, "highway": "secondary", "lanes": "2", "maxspeed": "40", "name": "Ringsjövägen", "oneway": "yes", "ref": "M 1134", "surface": "asphalt"}, "geometry": {"type": "LineString", "coordinates": [[13.6494415, 55.8500341], [13.6505342, 55.8501951], [13.6505463, 55.8501969], [13.6508496, 55.8502649]]}}, {"type": "Feature", "id": "765449941", "properties": {"osm_id": 765449941, "highway": "tertiary", "maxspeed": "70", "name": "Råbyvägen", "ref": "M 1082", "surface": "paved"}, "geometry": {"type": "LineString", "coordinates": [[13.67535, 55.8424927], [13.6761793, 55.8419301], [13.6768142, 55.8415521], [13.6771351, 55.8413582], [13.677345, 55.8411941], [13.6774705, 55.8410947], [13.6778492, 55.8407494], [13.6784715, 55.8401607], [13.6785545, 55.8400822], [13.6800236, 55.8386912], [13.6801009, 55.838618], [13.6803339, 55.8384001], [13.6803868, 55.8383507], [13.6804932, 55.8382496], [13.6805849, 55.8381625], [13.6811265, 55.8376481], [13.6821344, 55.8366907], [13.6826975, 55.8361558], [13.6837856, 55.8350619], [13.6839737, 55.8348839], [13.6842253, 55.834701], [13.684546, 55.8345016], [13.6848617, 55.8343298], [13.685133, 55.8342107], [13.6855178, 55.8340666], [13.6858237, 55.8339696], [13.6862578, 55.8338616], [13.686618, 55.8337896], [13.6871113, 55.8337231], [13.6883376, 55.8336348], [13.6893123, 55.8335779], [13.6903808, 55.8335196], [13.6908931, 55.8334917], [13.6913341, 55.8334938], [13.6917562, 55.8335036], [13.6921573, 55.8335467], [13.6925829, 55.8336191], [13.6929562, 55.8336877], [13.6933957, 55.8337955], [13.69394, 55.8339111]]}}, {"type": "Feature", "id": "765449943", "properties": {"osm_id": 765449943, "cycleway:both": "no", "highway": "primary", "lanes": "2", "maxspeed": "60", "ref": "13", "surface": "asphalt"}, "geometry": {"type": "LineString", "coordinates": [[13.6482304, 55.8445501], [13.6476217, 55.8452898], [13.6475489, 55.8453984], [13.6467711, 55.8467171], [13.6461622, 55.8479709]]}}, {"type": "Feature", "id": "818014627", "properties": {"osm_id": 818014627, "highway": "footway", "surface": "paved", "tactile_paving": "yes"}, "geometry": {"type": "LineString", "coordinates": [[13.671693, 55.8558086], [13.6717146, 55.8557958]]}}, {"type": "Feature", "id": "818014628", "properties": {"osm_id": 818014628, "highway": "footway", "surface": "paved", "tactile_paving": "yes"}, "geometry": {"type": "LineString", "coordinates": [[13.6714279, 55.8556733], [13.671458, 55.8556557]]}}, {"type": "Feature", "id": "818014629", "properties": {"osm_id": 818014629, "highway": "footway", "surface": "paved", "tactile_paving": "yes"}, "geometry": {"type": "LineString", "coordinates": [[13.6711617, 55.8555373], [13.6711939, 55.8555185]]}}, {"type": "Feature", "id": "818014630", "properties": {"osm_id": 818014630, "highway": "footway", "surface": "paved", "tactile_paving": "yes"}, "geometry": {"type": "LineString", "coordinates": [[13.6708939, 55.8554006], [13.6709233, 55.8553816]]}}, {"type": "Feature", "id": "818014631", "properties": {"osm_id": 818014631, "highway": "footway", "surface": "paved", "tactile_paving": "yes"}, "geometry": {"type": "LineString", "coordinates": [[13.6703851, 55.8551693], [13.6704845, 55.8552281]]}}, {"type": "Feature", "id": "818014632", "properties": {"osm_id": 818014632, "covered": "yes", "highway": "footway", "surface": "paving_stones", "tactile_paving": "yes", "tunnel": "building_passage"}, "geometry": {"type": "LineString", "coordinates": [[13.6709849, 55.8554631], [13.6709642, 55.855476], [13.6709429, 55.855489]]}}, {"type": "Feature", "id": "818014633", "properties": {"osm_id": 818014633, "highway": "service", "service": "parking_aisle"}, "geometry": {"type": "LineString", "coordinates": [[13.6722662, 55.8562825], [13.672299, 55.8562601], [13.6724228, 55.8561767], [13.6726128, 55.8560458]]}}, {"type": "Feature", "id": "818014634", "properties": {"osm_id": 818014634, "highway": "footway", "surface": "paved", "tactile_paving": "yes"}, "geometry": {"type": "LineString", "coordinates": [[13.6704845, 55.8552281], [13.6708733, 55.85539], [13.6708939, 55.8554006], [13.6709993, 55.8554544], [13.6711419, 55.8555272], [13.6711617, 55.8555373], [13.6714036, 55.8556615], [13.6714279, 55.8556733], [13.6716775, 55.8558007], [13.671693, 55.8558086], [13.6719933, 55.855962]]}}, {"type": "Feature", "id": "947240397", "properties": {"osm_id": 947240397, "waterway": "drain"}, "geometry": {"type": "LineString", "coordinates": [[13.6587429, 55.8657986], [13.6586139, 55.8656073], [13.6584554, 55.8654933], [13.6582805, 55.8654248], [13.6580854, 55.8653838], [13.6572032, 55.8651899], [13.6567113, 55.8650553], [13.656199, 55.8648773], [13.6554591, 55.864615], [13.6548127, 55.8643846], [13.6544915, 55.8642568], [13.6544872, 55.8641459], [13.6543307, 55.8641048], [13.6543141, 55.8640675], [13.6542475, 55.8640151], [13.6541343, 55.8640226], [13.6540077, 55.8640282], [13.6539078, 55.8640338], [13.6538013, 55.864116], [13.6536648, 55.864202], [13.6536348, 55.8642543], [13.6536248, 55.8643178], [13.6534716, 55.8644075], [13.6533784, 55.8643888], [13.6532719, 55.8643926], [13.6531187, 55.8643832], [13.6530521, 55.8643627], [13.6529322, 55.8643664], [13.6528357, 55.8643926], [13.6525893, 55.8644094], [13.6524561, 55.864387], [13.6523295, 55.8642954], [13.6523195, 55.8642468], [13.6523062, 55.8641852], [13.6522696, 55.8641385], [13.6521697, 55.8641011], [13.6520365, 55.8640805], [13.6519266, 55.8640525], [13.6518534, 55.8639871], [13.6518567, 55.863931], [13.6518001, 55.8638993], [13.6517435, 55.8638563], [13.6517335, 55.8637853], [13.6517468, 55.8636956], [13.6519732, 55.8635069], [13.6521231, 55.8634826], [13.6523162, 55.8634321], [13.6525027, 55.8632808], [13.6526692, 55.863008], [13.6526958, 55.8628622], [13.6527058, 55.8627707], [13.6526725, 55.8627277], [13.652556, 55.8626604], [13.6521451, 55.8625858], [13.6517956, 55.8625787], [13.6515838, 55.8625858], [13.6514817, 55.862583], [13.651044, 55.8624838], [13.6499976, 55.8622598], [13.6498742, 55.8622237], [13.6488389, 55.8617691], [13.6487361, 55.8617284], [13.6485844, 55.8616386]]}}, {"type": "Feature", "id": "947240398", "properties": {"osm_id": 947240398, "waterway": "drain"}, "geometry": {"type": "LineString", "coordinates": [[13.6484575, 55.861593], [13.647785, 55.8613514], [13.6476789, 55.8613648], [13.6473332, 55.861362], [13.6472578, 55.8613379], [13.6471894, 55.8613399], [13.6469549, 55.8613725], [13.6467392, 55.861434], [13.6463746, 55.8615051], [13.6453852, 55.8616501]]}}, {"type": "Feature", "id": "947240399", "properties": {"osm_id": 947240399, "waterway": "drain"}, "geometry": {"type": "LineString", "coordinates": [[13.6447417, 55.8617107], [13.6446749, 55.8617212], [13.6445653, 55.8617241], [13.6444096, 55.8616953], [13.6438345, 55.8615944], [13.6433038, 55.861506], [13.6430847, 55.8614984], [13.6429461, 55.8615099], [13.6425935, 55.8614407], [13.6419893, 55.8612736], [13.6417376, 55.8612246], [13.6416024, 55.8611698], [13.6414518, 55.8610892], [13.641284, 55.8610421], [13.6411351, 55.8609796], [13.6410581, 55.8609086], [13.641005, 55.8609086], [13.6409314, 55.8608893], [13.6408224, 55.8608375], [13.6407411, 55.860817], [13.6405947, 55.8607942], [13.6404849, 55.8607417], [13.6404321, 55.8607234], [13.6399442, 55.8607326]]}}, {"type": "Feature", "id": "953014596", "properties": {"osm_id": 953014596, "highway": "residential", "maxspeed": "70", "name": "Idas gata"}, "geometry": {"type": "LineString", "coordinates": [[13.6830699, 55.8598311], [13.6827665, 55.8600008], [13.6827343, 55.8600731], [13.6827718, 55.8601303], [13.6833405, 55.8603771], [13.6835229, 55.8605036], [13.684247, 55.8610425], [13.6843382, 55.8610846], [13.6844402, 55.8610876], [13.6849596, 55.8609305]]}}, {"type": "Feature", "id": "954905492", "properties": {"osm_id": 954905492, "highway": "unclassified", "name": "Skrållans gata"}, "geometry": {"type": "LineString", "coordinates": [[13.6822962, 55.8595686], [13.6820247, 55.8597255], [13.6819281, 55.8597676], [13.6815312, 55.859876], [13.6813756, 55.8599513], [13.6811131, 55.860099], [13.6810648, 55.860123]]}}, {"type": "Feature", "id": "954906814", "properties": {"osm_id": 954906814, "highway": "service", "service": "driveway"}, "geometry": {"type": "LineString", "coordinates": [[13.6816602, 55.8614298], [13.6815696, 55.8614706], [13.681422, 55.861472], [13.6808158, 55.8613591], [13.6807099, 55.8613343], [13.6805007, 55.8612259], [13.6801627, 55.8610393], [13.6800769, 55.8610242], [13.6799159, 55.8610363]]}}, {"type": "Feature", "id": "996350845", "properties": {"osm_id": 996350845, "highway": "footway"}, "geometry": {"type": "LineString", "coordinates": [[13.6766976, 55.8530408], [13.6767279, 55.852985], [13.676845, 55.8527879], [13.6769559, 55.8526633], [13.6771901, 55.8525942], [13.6774242, 55.8525699], [13.6776769, 55.8525042], [13.6779172, 55.8524558], [13.6781452, 55.8524039], [13.6783794, 55.8523347], [13.6784595, 55.8522448], [13.6785889, 55.8521756], [13.6787368, 55.8521514], [13.6789771, 55.8521929], [13.6792914, 55.8522379], [13.6796796, 55.852269], [13.6800062, 55.8523105], [13.6803204, 55.852359], [13.68061, 55.8524869], [13.6807579, 55.852563], [13.6807887, 55.8527221], [13.6808565, 55.8529573], [13.6808935, 55.8531165], [13.6808997, 55.8532133], [13.6808565, 55.8533759], [13.6809181, 55.8534969], [13.6810907, 55.8536457], [13.6811831, 55.8537045], [13.6813248, 55.8538117]]}}, {"type": "Feature", "id": "996350846", "properties": {"osm_id": 996350846, "highway": "footway"}, "geometry": {"type": "LineString", "coordinates": [[13.675061, 55.852982], [13.675249, 55.8530646], [13.675779, 55.8531925], [13.6762288, 55.8533171], [13.6764445, 55.8533274], [13.6765739, 55.853279], [13.676617, 55.8531891], [13.6766976, 55.8530408]]}}, {"type": "Feature", "id": "1001879740", "properties": {"osm_id": 1001879740, "attribution": "Region Skåne", "bicycle": "designated", "foot": "designated", "highway": "path", "horse": "unknown", "lit": "yes", "name": "Banvallen", "segregated": "no", "source": "NVDB", "surface": "asphalt"}, "geometry": {"type": "LineString", "coordinates": [[13.6461091, 55.8564384], [13.6455993, 55.8563417], [13.6448996, 55.8562031], [13.643946, 55.8559971], [13.6437245, 55.8559446]]}}, {"type": "Feature", "id": "1001879742", "properties": {"osm_id": 1001879742, "attribution": "Region Skåne", "bicycle": "designated", "foot": "designated", "highway": "path", "segregated": "no", "surface": "asphalt"}, "geometry": {"type": "LineString", "coordinates": [[13.654998, 55.8575309], [13.6549303, 55.8574812], [13.6545382, 55.8573125], [13.6545351, 55.8572251], [13.6544403, 55.8570285], [13.654367, 55.8569324], [13.6542161, 55.8568564]]}}, {"type": "Feature", "id": "1005637825", "properties": {"osm_id": 1005637825, "check_date:surface": "2025-07-07", "highway": "path", "informal": "yes", "source": "Strava; ESRI", "surface": "unpaved"}, "geometry": {"type": "LineString", "coordinates": [[13.6474201, 55.8572878], [13.6477768, 55.8574203], [13.6480585, 55.8575738], [13.6481363, 55.8576536], [13.6481702, 55.8577279], [13.6482221, 55.8578418], [13.6482865, 55.8578839]]}}, {"type": "Feature", "id": "1005637826", "properties": {"osm_id": 1005637826, "highway": "path", "informal": "yes", "source": "Strava; ESRI"}, "geometry": {"type": "LineString", "coordinates": [[13.6497967, 55.8566677], [13.649362, 55.8568452], [13.6491743, 55.8569415], [13.648788, 55.8570605], [13.6482972, 55.8572246], [13.6474201, 55.8572878], [13.6465001, 55.8573736], [13.6463506, 55.8574018], [13.6461246, 55.8574443], [13.6457598, 55.8575271], [13.6454701, 55.8576461], [13.6453899, 55.8577068], [13.6451751, 55.8578177], [13.6448532, 55.8580495], [13.6447325, 55.8581895], [13.6444241, 55.8583491], [13.6442229, 55.8585658], [13.64418, 55.8586787], [13.644172, 55.8587826]]}}, {"type": "Feature", "id": "1005637827", "properties": {"osm_id": 1005637827, "check_date:surface": "2025-07-07", "highway": "path", "informal": "yes", "source": "Strava; ESRI", "surface": "unpaved"}, "geometry": {"type": "LineString", "coordinates": [[13.6481309, 55.8589316], [13.6479941, 55.8587977], [13.6480209, 55.8586893], [13.6481738, 55.8584575], [13.6482328, 55.8582377], [13.6482355, 55.8580585], [13.6482865, 55.8578839], [13.6483884, 55.8577846], [13.6484152, 55.8577469], [13.6483935, 55.8576486], [13.6483723, 55.8575527], [13.6483213, 55.8574067], [13.6482677, 55.8573179], [13.6482972, 55.8572246], [13.6484233, 55.8570725], [13.6485091, 55.8568617], [13.6484631, 55.8566691], [13.6484482, 55.8566068]]}}, {"type": "Feature", "id": "1005637828", "properties": {"osm_id": 1005637828, "check_date:surface": "2025-07-07", "highway": "path", "informal": "yes", "source": "Strava; ESRI", "surface": "unpaved"}, "geometry": {"type": "LineString", "coordinates": [[13.653242, 55.8583943], [13.6530045, 55.8583897], [13.6525699, 55.8584304], [13.6521301, 55.8585147], [13.6514702, 55.8586125], [13.6511216, 55.8586577], [13.6506897, 55.8586938], [13.6499333, 55.8587028], [13.6496276, 55.8587435], [13.6489275, 55.8588684], [13.6486106, 55.8589943]]}}, {"type": "Feature", "id": "1005637829", "properties": {"osm_id": 1005637829, "check_date:surface": "2025-07-07", "highway": "path", "source": "Strava; ESRI", "surface": "unpaved"}, "geometry": {"type": "LineString", "coordinates": [[13.6516503, 55.8594762], [13.651143, 55.8593848], [13.6504081, 55.8592703], [13.6497724, 55.8592056], [13.649236, 55.8591093], [13.6486106, 55.8589943], [13.6484581, 55.8589663], [13.6481309, 55.8589316], [13.647573, 55.8589452], [13.6470607, 55.8589708], [13.6468434, 55.8590084], [13.6462426, 55.8591665], [13.6460468, 55.8592252], [13.6457518, 55.8592839], [13.6454353, 55.859314], [13.6450678, 55.8592944], [13.6448505, 55.8592673], [13.6445957, 55.8590762], [13.644172, 55.8587826], [13.6439654, 55.858602], [13.6437803, 55.8584454], [13.6436033, 55.8583431], [13.6435639, 55.8583411]]}}, {"type": "Feature", "id": "1005638555", "properties": {"osm_id": 1005638555, "highway": "path", "informal": "yes", "lit": "no", "source": "Strava; ESRI"}, "geometry": {"type": "LineString", "coordinates": [[13.6461091, 55.8564384], [13.6460924, 55.8566134], [13.6461139, 55.8570906], [13.6461353, 55.8572125], [13.6463506, 55.8574018]]}}, {"type": "Feature", "id": "1005638556", "properties": {"osm_id": 1005638556, "highway": "path", "informal": "yes", "source": "Strava; ESRI"}, "geometry": {"type": "LineString", "coordinates": [[13.6484631, 55.8566691], [13.6480156, 55.8567503], [13.6474067, 55.8568241], [13.6467925, 55.856922], [13.646704, 55.8569611], [13.6461353, 55.8572125], [13.6457759, 55.8574142], [13.6454701, 55.8576461]]}}, {"type": "Feature", "id": "1005638557", "properties": {"osm_id": 1005638557, "highway": "path", "informal": "yes", "source": "Strava; ESRI"}, "geometry": {"type": "LineString", "coordinates": [[13.6453899, 55.8577068], [13.6450249, 55.8578071], [13.6445716, 55.8579411], [13.644011, 55.8580149], [13.6435229, 55.8580405], [13.6430586, 55.8580557]]}}, {"type": "Feature", "id": "1005638558", "properties": {"osm_id": 1005638558, "highway": "path", "informal": "yes", "source": "Strava; ESRI"}, "geometry": {"type": "LineString", "coordinates": [[13.6421764, 55.8575151], [13.6424661, 55.8577499], [13.6429703, 55.8580194], [13.6430586, 55.8580557], [13.6431903, 55.8581097], [13.6434129, 55.8582377], [13.6435639, 55.8583411]]}}, {"type": "Feature", "id": "1005638912", "properties": {"osm_id": 1005638912, "highway": "service", "informal": "yes", "source": "Strava; ESRI"}, "geometry": {"type": "LineString", "coordinates": [[13.6506465, 55.8567061], [13.6509177, 55.8566164], [13.6512154, 55.8565456], [13.6514767, 55.8564662]]}}, {"type": "Feature", "id": "1006726788", "properties": {"osm_id": 1006726788, "tunnel": "yes", "waterway": "drain"}, "geometry": {"type": "LineString", "coordinates": [[13.6485844, 55.8616386], [13.6484575, 55.861593]]}}, {"type": "Feature", "id": "1011308300", "properties": {"osm_id": 1011308300, "highway": "trunk", "int_ref": "E 22", "lanes": "2", "maxspeed": "100", "motorroad": "yes", "oneway": "yes", "ref": "E 22"}, "geometry": {"type": "LineString", "coordinates": [[13.6524877, 55.8648882], [13.6517849, 55.8646796], [13.6512, 55.8644938], [13.6507942, 55.8643543], [13.6501372, 55.86411], [13.649681, 55.8639251], [13.6493113, 55.8637637], [13.6485857, 55.8634391]]}}, {"type": "Feature", "id": "1011308301", "properties": {"osm_id": 1011308301, "highway": "trunk", "int_ref": "E 22", "lanes": "2", "maxspeed": "100", "motorroad": "yes", "oneway": "yes", "placement": "middle_of:1", "ref": "E 22", "turn:lanes": "|slight_right"}, "geometry": {"type": "LineString", "coordinates": [[13.6450953, 55.8617197], [13.6427687, 55.8605361]]}}, {"type": "Feature", "id": "1011308302", "properties": {"osm_id": 1011308302, "change:lanes": "no|no", "highway": "trunk", "int_ref": "E 22", "lanes": "2", "maxspeed": "100", "motorroad": "yes", "oneway": "yes", "ref": "E 22"}, "geometry": {"type": "LineString", "coordinates": [[13.6407939, 55.8595148], [13.6398062, 55.859]]}}, {"type": "Feature", "id": "1011308303", "properties": {"osm_id": 1011308303, "highway": "trunk", "int_ref": "E 22", "lanes": "1", "maxspeed": "100", "motorroad": "yes", "oneway": "yes", "ref": "E 22"}, "geometry": {"type": "LineString", "coordinates": [[13.6485857, 55.8634391], [13.6476701, 55.8629977], [13.6467457, 55.8625412], [13.6450953, 55.8617197]]}}, {"type": "Feature", "id": "1011308304", "properties": {"osm_id": 1011308304, "highway": "trunk", "int_ref": "E 22", "lanes": "2", "maxspeed": "100", "motorroad": "yes", "oneway": "yes", "ref": "E 22", "turn:lanes": "merge_to_right|"}, "geometry": {"type": "LineString", "coordinates": [[13.6435122, 55.8608396], [13.6445947, 55.8613885], [13.6467571, 55.8624671]]}}, {"type": "Feature", "id": "1011308305", "properties": {"osm_id": 1011308305, "change:lanes": "no|no", "highway": "trunk", "int_ref": "E 22", "lanes": "2", "maxspeed": "100", "motorroad": "yes", "oneway": "yes", "ref": "E 22"}, "geometry": {"type": "LineString", "coordinates": [[13.6398637, 55.8589311], [13.640619, 55.8593243]]}}, {"type": "Feature", "id": "1011308320", "properties": {"osm_id": 1011308320, "highway": "trunk", "int_ref": "E 22", "lanes": "2", "maxspeed": "100", "motorroad": "yes", "oneway": "yes", "placement": "middle_of:1", "ref": "E 22", "turn:lanes": "|merge_to_left"}, "geometry": {"type": "LineString", "coordinates": [[13.6853004, 55.8642356], [13.6849394, 55.8641895], [13.6840505, 55.8640894], [13.6832705, 55.8640187], [13.6825233, 55.8639617], [13.681877, 55.8639219]]}}, {"type": "Feature", "id": "1062056407", "properties": {"osm_id": 1062056407, "highway": "service", "service": "parking_aisle"}, "geometry": {"type": "LineString", "coordinates": [[13.6650915, 55.850597], [13.6660445, 55.8507795]]}}, {"type": "Feature", "id": "1062056408", "properties": {"osm_id": 1062056408, "highway": "service", "service": "parking_aisle"}, "geometry": {"type": "LineString", "coordinates": [[13.664305, 55.8518799], [13.6646473, 55.8519848]]}}, {"type": "Feature", "id": "1062056409", "properties": {"osm_id": 1062056409, "highway": "service", "service": "parking_aisle"}, "geometry": {"type": "LineString", "coordinates": [[13.6657169, 55.8525432], [13.6652174, 55.8524378]]}}, {"type": "Feature", "id": "1065801925", "properties": {"osm_id": 1065801925, "highway": "service"}, "geometry": {"type": "LineString", "coordinates": [[13.6662996, 55.8645674], [13.6662827, 55.8644626], [13.6662617, 55.8642906]]}}, {"type": "Feature", "id": "1065801926", "properties": {"osm_id": 1065801926, "highway": "service"}, "geometry": {"type": "LineString", "coordinates": [[13.6662617, 55.8642906], [13.6662599, 55.8642482], [13.6662479, 55.8641149], [13.6662288, 55.8640524]]}}, {"type": "Feature", "id": "1065801927", "properties": {"osm_id": 1065801927, "highway": "service", "service": "parking_aisle"}, "geometry": {"type": "LineString", "coordinates": [[13.6662599, 55.8642482], [13.6660762, 55.8642453], [13.6658344, 55.8642415]]}}, {"type": "Feature", "id": "1065801928", "properties": {"osm_id": 1065801928, "highway": "service", "service": "parking_aisle"}, "geometry": {"type": "LineString", "coordinates": [[13.6662288, 55.8640524], [13.6661902, 55.8640277], [13.6661051, 55.8640181], [13.6660829, 55.8640156], [13.6655013, 55.8640153]]}}, {"type": "Feature", "id": "1065802217", "properties": {"osm_id": 1065802217, "highway": "service"}, "geometry": {"type": "LineString", "coordinates": [[13.6674938, 55.8628175], [13.6673556, 55.8629244]]}}, {"type": "Feature", "id": "1065802218", "properties": {"osm_id": 1065802218, "highway": "service"}, "geometry": {"type": "LineString", "coordinates": [[13.6679792, 55.8630094], [13.6680946, 55.8629116]]}}, {"type": "Feature", "id": "1065802219", "properties": {"osm_id": 1065802219, "highway": "service"}, "geometry": {"type": "LineString", "coordinates": [[13.6673073, 55.86274], [13.6674361, 55.8626459]]}}, {"type": "Feature", "id": "1065802220", "properties": {"osm_id": 1065802220, "highway": "service"}, "geometry": {"type": "LineString", "coordinates": [[13.6714755, 55.8617202], [13.6717042, 55.8618806], [13.6718725, 55.8620212]]}}, {"type": "Feature", "id": "1065802221", "properties": {"osm_id": 1065802221, "highway": "service"}, "geometry": {"type": "LineString", "coordinates": [[13.6727653, 55.8608773], [13.6729321, 55.8609481], [13.6732115, 55.8611033], [13.6732717, 55.8612724], [13.6732936, 55.861589], [13.673258, 55.861798], [13.6731211, 55.8619456], [13.6729814, 55.8620854], [13.6729157, 55.8621684]]}}, {"type": "Feature", "id": "1068178450", "properties": {"osm_id": 1068178450, "highway": "service", "service": "driveway"}, "geometry": {"type": "LineString", "coordinates": [[13.6752623, 55.8502921], [13.6754758, 55.8502964], [13.6762501, 55.8503122]]}}, {"type": "Feature", "id": "1084485362", "properties": {"osm_id": 1084485362, "highway": "path", "surface": "compacted"}, "geometry": {"type": "LineString", "coordinates": [[13.667304, 55.8398672], [13.6675156, 55.8399407], [13.667711, 55.8400056], [13.6679803, 55.8400646], [13.6681112, 55.8401304], [13.6682669, 55.8402457], [13.6684368, 55.8403649], [13.6684581, 55.8405756], [13.6685288, 55.8407823], [13.6685288, 55.8408737], [13.6687483, 55.8410366], [13.6688757, 55.8411201], [13.6687341, 55.8412592], [13.6685713, 55.8414857], [13.6684864, 55.8416964], [13.6684359, 55.8418378], [13.6682416, 55.8422916], [13.6680053, 55.8423759], [13.667863, 55.8423581], [13.6676962, 55.8424508], [13.6674151, 55.842685], [13.6672356, 55.842742], [13.6669353, 55.8427175], [13.6666135, 55.8426679], [13.6666646, 55.8430575], [13.6666087, 55.8433674], [13.6666894, 55.8436285], [13.6667824, 55.8438862], [13.6669424, 55.8440316]]}}, {"type": "Feature", "id": "1084485835", "properties": {"osm_id": 1084485835, "highway": "path"}, "geometry": {"type": "LineString", "coordinates": [[13.6747998, 55.8536132], [13.6748147, 55.8535555], [13.674923, 55.8535252], [13.6749684, 55.8534236], [13.6750607, 55.8533705], [13.6751227, 55.8533705], [13.6752343, 55.8533966], [13.6753583, 55.853454], [13.67547, 55.8535236], [13.6757738, 55.8536141], [13.6759629, 55.8536454], [13.6761118, 55.8536367], [13.6762327, 55.8535845], [13.6764187, 55.8534244], [13.6764445, 55.8533274]]}}, {"type": "Feature", "id": "1084486135", "properties": {"osm_id": 1084486135, "bicycle": "designated", "foot": "designated", "highway": "path", "segregated": "no"}, "geometry": {"type": "LineString", "coordinates": [[13.6658357, 55.8598823], [13.6642991, 55.8598608]]}}, {"type": "Feature", "id": "1084486689", "properties": {"osm_id": 1084486689, "bicycle": "designated", "foot": "designated", "highway": "path", "segregated": "no"}, "geometry": {"type": "LineString", "coordinates": [[13.6493171, 55.8501351], [13.6492274, 55.8502462], [13.6489364, 55.8505996], [13.6487842, 55.8507845], [13.648718, 55.8508648]]}}, {"type": "Feature", "id": "1084487153", "properties": {"osm_id": 1084487153, "highway": "path"}, "geometry": {"type": "LineString", "coordinates": [[13.6504648, 55.8492298], [13.650294, 55.8491151], [13.6499715, 55.8489784], [13.649646, 55.8488653], [13.6493841, 55.848768]]}}, {"type": "Feature", "id": "1090462398", "properties": {"osm_id": 1090462398, "highway": "residential", "maxspeed": "40", "name": "Idas Gata"}, "geometry": {"type": "LineString", "coordinates": [[13.6818503, 55.8592128], [13.68168, 55.8592711], [13.6815554, 55.85932], [13.6814667, 55.8593641], [13.6814231, 55.8593802], [13.6813916, 55.8593802], [13.6813326, 55.859372], [13.6812877, 55.8593569], [13.6812005, 55.859285], [13.6810511, 55.8591557], [13.6809511, 55.8590799], [13.6808485, 55.8590295], [13.6807935, 55.8590193], [13.6806674, 55.8590193], [13.6806024, 55.8590186], [13.6805474, 55.8590118], [13.6804985, 55.8589881], [13.6801856, 55.8588482], [13.6796812, 55.8586106], [13.6793823, 55.8584673], [13.6793565, 55.858448], [13.6792889, 55.8583974], [13.6793761, 55.858324], [13.679538, 55.8582786], [13.6798244, 55.8582052]]}}, {"type": "Feature", "id": "1109868025", "properties": {"osm_id": 1109868025, "highway": "service", "service": "parking_aisle"}, "geometry": {"type": "LineString", "coordinates": [[13.6660762, 55.8642453], [13.6661051, 55.8640181]]}}, {"type": "Feature", "id": "1111047271", "properties": {"osm_id": 1111047271, "highway": "service"}, "geometry": {"type": "LineString", "coordinates": [[13.6725508, 55.8607863], [13.6727653, 55.8608773]]}}, {"type": "Feature", "id": "1111047272", "properties": {"osm_id": 1111047272, "highway": "service"}, "geometry": {"type": "LineString", "coordinates": [[13.6712622, 55.8616133], [13.6714755, 55.8617202]]}}, {"type": "Feature", "id": "1111047273", "properties": {"osm_id": 1111047273, "highway": "service"}, "geometry": {"type": "LineString", "coordinates": [[13.6680946, 55.8629116], [13.6684661, 55.8625985]]}}, {"type": "Feature", "id": "1111047274", "properties": {"osm_id": 1111047274, "highway": "service"}, "geometry": {"type": "LineString", "coordinates": [[13.6673556, 55.8629244], [13.6669452, 55.8632374]]}}, {"type": "Feature", "id": "1111047275", "properties": {"osm_id": 1111047275, "highway": "service"}, "geometry": {"type": "LineString", "coordinates": [[13.6674361, 55.8626459], [13.6676587, 55.8624788]]}}, {"type": "Feature", "id": "1122597108", "properties": {"osm_id": 1122597108, "highway": "service", "name": "Ågatan"}, "geometry": {"type": "LineString", "coordinates": [[13.6526711, 55.8498963], [13.6526644, 55.8498024], [13.652607, 55.8488507], [13.6526198, 55.8484911]]}}, {"type": "Feature", "id": "1125337817", "properties": {"osm_id": 1125337817, "bicycle": "designated", "foot": "designated", "highway": "path", "segregated": "no"}, "geometry": {"type": "LineString", "coordinates": [[13.6410032, 55.8516217], [13.6410902, 55.8516519], [13.6418088, 55.8517256], [13.6439476, 55.8519451]]}}, {"type": "Feature", "id": "1125346916", "properties": {"osm_id": 1125346916, "bridge": "yes", "highway": "footway"}, "geometry": {"type": "LineString", "coordinates": [[13.6707211, 55.8498344], [13.6707397, 55.8497782]]}}, {"type": "Feature", "id": "1125346917", "properties": {"osm_id": 1125346917, "highway": "footway"}, "geometry": {"type": "LineString", "coordinates": [[13.6707397, 55.8497782], [13.6707574, 55.8497177], [13.6708315, 55.8496108]]}}, {"type": "Feature", "id": "1125346918", "properties": {"osm_id": 1125346918, "highway": "footway"}, "geometry": {"type": "LineString", "coordinates": [[13.6706908, 55.8499585], [13.6707211, 55.8498344]]}}, {"type": "Feature", "id": "1125346919", "properties": {"osm_id": 1125346919, "highway": "footway"}, "geometry": {"type": "LineString", "coordinates": [[13.6703185, 55.850049], [13.6699961, 55.8500188], [13.6696814, 55.8499671], [13.6695125, 55.8498938], [13.6693551, 55.8498012], [13.6691786, 55.8497258], [13.6690426, 55.8496968]]}}, {"type": "Feature", "id": "1125352522", "properties": {"osm_id": 1125352522, "bicycle": "designated", "foot": "designated", "highway": "path", "segregated": "no"}, "geometry": {"type": "LineString", "coordinates": [[13.6732718, 55.851485], [13.6726345, 55.8501706]]}}, {"type": "Feature", "id": "1138254726", "properties": {"osm_id": 1138254726, "highway": "service", "name": "Byggmästaregatan"}, "geometry": {"type": "LineString", "coordinates": [[13.6454269, 55.8554144], [13.6454575, 55.8555613]]}}, {"type": "Feature", "id": "1138254727", "properties": {"osm_id": 1138254727, "highway": "service", "name": "Byggmästaregatan", "service": "alley"}, "geometry": {"type": "LineString", "coordinates": [[13.6454575, 55.8555613], [13.6458439, 55.8557428]]}}, {"type": "Feature", "id": "1177669688", "properties": {"osm_id": 1177669688, "bicycle": "designated", "foot": "designated", "highway": "path", "segregated": "no"}, "geometry": {"type": "LineString", "coordinates": [[13.6793565, 55.858448], [13.6791922, 55.8584308], [13.6790108, 55.8583687], [13.6787032, 55.8582548], [13.6786233, 55.858241], [13.678531, 55.8582444], [13.6784695, 55.8582634], [13.6783588, 55.8583428], [13.6782296, 55.858405], [13.6781128, 55.8584101], [13.6779867, 55.8583773], [13.6778114, 55.8583066], [13.6775177, 55.8582013], [13.6774446, 55.8582106]]}}, {"type": "Feature", "id": "1177669689", "properties": {"osm_id": 1177669689, "bicycle": "designated", "foot": "designated", "highway": "path", "segregated": "no"}, "geometry": {"type": "LineString", "coordinates": [[13.6800179, 55.8581562], [13.6798288, 55.858115], [13.6796443, 55.8580459], [13.679389, 55.8579441], [13.6791522, 55.8578802], [13.678817, 55.8578008], [13.6786786, 55.8577957], [13.6785987, 55.8578008], [13.678531, 55.8578302], [13.6784357, 55.8578837], [13.6781866, 55.8580528], [13.6779405, 55.8582065], [13.6778114, 55.8583066]]}}, {"type": "Feature", "id": "1177669690", "properties": {"osm_id": 1177669690, "bicycle": "designated", "foot": "designated", "highway": "path", "segregated": "no"}, "geometry": {"type": "LineString", "coordinates": [[13.6801738, 55.8581167], [13.6800179, 55.8581562], [13.6798244, 55.8582052]]}}, {"type": "Feature", "id": "1177672705", "properties": {"osm_id": 1177672705, "bicycle": "designated", "foot": "designated", "highway": "path", "segregated": "no"}, "geometry": {"type": "LineString", "coordinates": [[13.6563435, 55.8448434], [13.6563986, 55.8448218]]}}, {"type": "Feature", "id": "1177672707", "properties": {"osm_id": 1177672707, "bicycle": "designated", "foot": "designated", "highway": "path", "segregated": "no"}, "geometry": {"type": "LineString", "coordinates": [[13.6563716, 55.8454983], [13.6563472, 55.8455415], [13.6563219, 55.8455925]]}}, {"type": "Feature", "id": "1177672708", "properties": {"osm_id": 1177672708, "bicycle": "designated", "foot": "designated", "highway": "path", "segregated": "no"}, "geometry": {"type": "LineString", "coordinates": [[13.6563829, 55.8454268], [13.6563716, 55.8454983], [13.6562922, 55.8454632], [13.6562465, 55.845433], [13.6562301, 55.8453682], [13.6562057, 55.8452895], [13.6561196, 55.8451833], [13.6559735, 55.8450685], [13.6557029, 55.8449329], [13.6555675, 55.8448509], [13.6553909, 55.8446981], [13.6552784, 55.8445994], [13.655129, 55.8444603], [13.6550603, 55.8443718], [13.654975, 55.8442115], [13.6549047, 55.8440594], [13.6548058, 55.8438326], [13.6547862, 55.8437114], [13.6547787, 55.8436007], [13.6547779, 55.8434486], [13.6548602, 55.843112], [13.6549644, 55.8428984], [13.6550504, 55.842767], [13.6551486, 55.8426356], [13.655286, 55.8424948], [13.6555321, 55.8422609], [13.6557752, 55.8420803], [13.6559232, 55.8419608], [13.6562689, 55.8416818], [13.6564486, 55.8415318], [13.6566615, 55.8413733], [13.6569318, 55.8411579], [13.6572383, 55.8409061], [13.6575146, 55.8406814], [13.6577351, 55.8404975], [13.6581291, 55.8401465], [13.6582469, 55.8400295], [13.658446, 55.8398018]]}}, {"type": "Feature", "id": "1177672709", "properties": {"osm_id": 1177672709, "bicycle": "designated", "foot": "designated", "highway": "path", "segregated": "no"}, "geometry": {"type": "LineString", "coordinates": [[13.6563024, 55.8447702], [13.6563435, 55.8448434], [13.6564025, 55.8449485], [13.6564334, 55.8451136], [13.6564268, 55.8453118], [13.6563829, 55.8454268]]}}, {"type": "Feature", "id": "1189350054", "properties": {"osm_id": 1189350054, "foot": "yes", "highway": "cycleway", "horse": "designated", "mofa": "no", "moped": "no", "note": "Skyltad som GC-bana från ena hållet, cykelväg från andra", "source": "GPS", "surface": "unpaved"}, "geometry": {"type": "LineString", "coordinates": [[13.6790648, 55.8550832], [13.6791582, 55.8551277], [13.6792672, 55.8551358]]}}, {"type": "Feature", "id": "1189350055", "properties": {"osm_id": 1189350055, "bicycle": "designated", "foot": "designated", "highway": "path", "surface": "asphalt"}, "geometry": {"type": "LineString", "coordinates": [[13.67777, 55.8563293], [13.678053, 55.8562194], [13.6785439, 55.8560515], [13.6786629, 55.8559847], [13.6787472, 55.8558663], [13.6789045, 55.8552269]]}}, {"type": "Feature", "id": "1189350056", "properties": {"osm_id": 1189350056, "bicycle": "designated", "foot": "designated", "highway": "path", "segregated": "no", "surface": "asphalt"}, "geometry": {"type": "LineString", "coordinates": [[13.6716458, 55.8550471], [13.6714735, 55.8550386], [13.6712348, 55.8549979], [13.6704095, 55.8547418]]}}, {"type": "Feature", "id": "1191774520", "properties": {"osm_id": 1191774520, "highway": "footway"}, "geometry": {"type": "LineString", "coordinates": [[13.6703332, 55.8562658], [13.670398, 55.8553611]]}}, {"type": "Feature", "id": "1191774521", "properties": {"osm_id": 1191774521, "highway": "footway"}, "geometry": {"type": "LineString", "coordinates": [[13.6654607, 55.8545591], [13.6656504, 55.8545917]]}}, {"type": "Feature", "id": "1191774522", "properties": {"osm_id": 1191774522, "highway": "path"}, "geometry": {"type": "LineString", "coordinates": [[13.6552618, 55.8538086], [13.6553977, 55.8538873], [13.6559237, 55.8540178]]}}, {"type": "Feature", "id": "1191774523", "properties": {"osm_id": 1191774523, "highway": "path"}, "geometry": {"type": "LineString", "coordinates": [[13.6569221, 55.8542118], [13.6565885, 55.8541118], [13.6560947, 55.8540602]]}}, {"type": "Feature", "id": "1191774524", "properties": {"osm_id": 1191774524, "highway": "path"}, "geometry": {"type": "LineString", "coordinates": [[13.6552354, 55.8545158], [13.6559204, 55.8540805]]}}, {"type": "Feature", "id": "1191774525", "properties": {"osm_id": 1191774525, "highway": "path"}, "geometry": {"type": "LineString", "coordinates": [[13.6565331, 55.8535985], [13.6565227, 55.8536777], [13.6560512, 55.8540047]]}}, {"type": "Feature", "id": "1191774526", "properties": {"osm_id": 1191774526, "highway": "path"}, "geometry": {"type": "LineString", "coordinates": [[13.6560512, 55.8540047], [13.6560729, 55.8540152], [13.6560882, 55.8540287], [13.6560957, 55.8540442], [13.6560947, 55.8540602], [13.6560763, 55.8540834], [13.6560412, 55.8540992], [13.6559971, 55.8541044], [13.6559536, 55.8540977], [13.6559204, 55.8540805], [13.6559056, 55.85406], [13.6559067, 55.8540378], [13.6559237, 55.8540178], [13.6559604, 55.8540013], [13.6560066, 55.8539966], [13.6560512, 55.8540047]]}}, {"type": "Feature", "id": "1204646593", "properties": {"osm_id": 1204646593, "highway": "service"}, "geometry": {"type": "LineString", "coordinates": [[13.6627033, 55.8644303], [13.6625232, 55.8644311], [13.662274, 55.8643029], [13.6621632, 55.8641047], [13.6620732, 55.8640775], [13.6611663, 55.8640037], [13.6609863, 55.8640309], [13.6604047, 55.8646214]]}}, {"type": "Feature", "id": "1205692381", "properties": {"osm_id": 1205692381, "foot": "yes", "highway": "cycleway"}, "geometry": {"type": "LineString", "coordinates": [[13.6527652, 55.8505782], [13.6527858, 55.8505278], [13.6528103, 55.8504693]]}}, {"type": "Feature", "id": "1225457339", "properties": {"osm_id": 1225457339, "access": "yes", "cycleway:left": "track", "cycleway:left:segregated": "no", "cycleway:right": "no", "foot": "yes", "highway": "residential", "lit": "yes", "maxspeed": "40", "name": "Norregatan", "sidewalk:left": "yes"}, "geometry": {"type": "LineString", "coordinates": [[13.6554969, 55.8567217], [13.6556249, 55.8568885], [13.6559056, 55.8573367], [13.6559489, 55.8574271], [13.6560104, 55.8576992], [13.6560701, 55.8582377], [13.6562238, 55.8593456], [13.6562405, 55.8595075], [13.656221, 55.8596012], [13.6561839, 55.8597156], [13.6561263, 55.8598032], [13.6559761, 55.8599778], [13.6557781, 55.8601667], [13.6556319, 55.8603418], [13.655509, 55.8604718], [13.6551154, 55.8608792], [13.654686, 55.8613195], [13.6544875, 55.8615162]]}}, {"type": "Feature", "id": "1225457340", "properties": {"osm_id": 1225457340, "access": "yes", "foot": "yes", "highway": "residential", "lit": "yes", "maxspeed": "40", "name": "Norregatan"}, "geometry": {"type": "LineString", "coordinates": [[13.6554338, 55.8508188], [13.6554274, 55.850864]]}}, {"type": "Feature", "id": "1225457341", "properties": {"osm_id": 1225457341, "bicycle": "designated", "fixme": "Ser inte varför dessa \"stigar\" är separata. Borde inte en större del av dessa sträckor räknas som en del av respektive sekundär väg?", "foot": "designated", "highway": "path", "segregated": "no"}, "geometry": {"type": "LineString", "coordinates": [[13.6576579, 55.8510463], [13.6574077, 55.85103], [13.6554274, 55.850864]]}}, {"type": "Feature", "id": "1225457342", "properties": {"osm_id": 1225457342, "bicycle": "designated", "foot": "designated", "highway": "path", "segregated": "no"}, "geometry": {"type": "LineString", "coordinates": [[13.6599375, 55.8508556], [13.6599793, 55.8509789]]}}, {"type": "Feature", "id": "1225457343", "properties": {"osm_id": 1225457343, "highway": "tertiary", "maxspeed": "40", "name": "Kungsgatan", "ref": "M 1082"}, "geometry": {"type": "LineString", "coordinates": [[13.6686422, 55.8477316], [13.6683404, 55.8482078], [13.6678472, 55.8490342], [13.6677942, 55.8491225], [13.6677156, 55.8492536], [13.6672481, 55.8500338], [13.6667765, 55.8507925], [13.6665641, 55.8511744], [13.6665134, 55.8512581], [13.6660862, 55.8519634], [13.6657169, 55.8525432], [13.6656105, 55.8527149], [13.6655293, 55.8528376]]}}, {"type": "Feature", "id": "1225457344", "properties": {"osm_id": 1225457344, "bicycle": "designated", "fixme": "Ser inte varför dessa \"stigar\" är separata. Borde inte en större del av dessa sträckor räknas som en del av respektive sekundär väg?", "foot": "designated", "highway": "path", "segregated": "yes"}, "geometry": {"type": "LineString", "coordinates": [[13.6654993, 55.8528846], [13.664018, 55.8523804], [13.6639069, 55.8523441], [13.6626383, 55.8518943], [13.6617187, 55.8515838], [13.6615787, 55.8515365], [13.6610371, 55.8513536]]}}, {"type": "Feature", "id": "1225457345", "properties": {"osm_id": 1225457345, "highway": "residential", "maxspeed": "40", "name": "Kungsgatan", "oneway": "no", "surface": "asphalt"}, "geometry": {"type": "LineString", "coordinates": [[13.6655293, 55.8528376], [13.6654993, 55.8528846], [13.665355, 55.8531181], [13.6652178, 55.8533332]]}}, {"type": "Feature", "id": "1225457347", "properties": {"osm_id": 1225457347, "highway": "secondary", "maxspeed": "40", "name": "Kristianstadsvägen", "ref": "M 1134", "surface": "asphalt"}, "geometry": {"type": "LineString", "coordinates": [[13.670313, 55.8548147], [13.6700317, 55.8547208]]}}, {"type": "Feature", "id": "1225457348", "properties": {"osm_id": 1225457348, "foot": "designated", "highway": "path", "segregated": "no", "surface": "asphalt"}, "geometry": {"type": "LineString", "coordinates": [[13.6697929, 55.8549629], [13.6697259, 55.8549382], [13.6698728, 55.8548008], [13.6698902, 55.8547586], [13.669871, 55.8547204], [13.6698256, 55.854689]]}}, {"type": "Feature", "id": "1225457349", "properties": {"osm_id": 1225457349, "bicycle": "designated", "foot": "designated", "highway": "path", "surface": "asphalt"}, "geometry": {"type": "LineString", "coordinates": [[13.6789045, 55.8552269], [13.6788068, 55.8551756], [13.6786968, 55.8551474]]}}, {"type": "Feature", "id": "1225460647", "properties": {"osm_id": 1225460647, "agricultural": "destination", "goods": "delivery", "hgv": "delivery", "highway": "living_street", "name": "Råbygatan"}, "geometry": {"type": "LineString", "coordinates": [[13.660715, 55.8507406], [13.6607926, 55.8506817], [13.6608195, 55.8506613], [13.6609757, 55.850572], [13.6613195, 55.8504159]]}}, {"type": "Feature", "id": "1225460648", "properties": {"osm_id": 1225460648, "agricultural": "destination", "goods": "delivery", "hgv": "delivery", "highway": "living_street", "name": "Råbygatan"}, "geometry": {"type": "LineString", "coordinates": [[13.6606309, 55.8508027], [13.6606756, 55.8507716], [13.660715, 55.8507406]]}}, {"type": "Feature", "id": "1225460649", "properties": {"osm_id": 1225460649, "bicycle": "designated", "fixme": "Ser inte varför dessa \"stigar\" är separata. Borde inte en större del av dessa sträckor räknas som en del av respektive sekundär väg?", "foot": "designated", "highway": "path", "segregated": "no", "surface": "asphalt"}, "geometry": {"type": "LineString", "coordinates": [[13.660715, 55.8507406], [13.6607751, 55.8507641], [13.6608206, 55.8507973], [13.6608455, 55.8508323], [13.6608724, 55.8508889], [13.6609901, 55.8511557], [13.6610037, 55.8511866], [13.6610294, 55.8512084]]}}, {"type": "Feature", "id": "1225460650", "properties": {"osm_id": 1225460650, "bicycle": "designated", "foot": "designated", "highway": "path", "segregated": "no"}, "geometry": {"type": "LineString", "coordinates": [[13.6610371, 55.8513536], [13.6610754, 55.8513102], [13.6611209, 55.8512659]]}}, {"type": "Feature", "id": "1228902979", "properties": {"osm_id": 1228902979, "access": "yes", "foot": "yes", "highway": "residential", "lit": "yes", "maxspeed": "40", "name": "Johannagatan"}, "geometry": {"type": "LineString", "coordinates": [[13.6697047, 55.8426967], [13.6694044, 55.8430538], [13.6694158, 55.8430823], [13.6694348, 55.8431086], [13.6694772, 55.84313], [13.6695269, 55.8431447], [13.6697132, 55.8431821], [13.6697267, 55.8431848]]}}, {"type": "Feature", "id": "1228902980", "properties": {"osm_id": 1228902980, "highway": "tertiary", "maxspeed": "40", "name": "Råbyvägen", "ref": "M 1082", "surface": "paved"}, "geometry": {"type": "LineString", "coordinates": [[13.6749706, 55.8427455], [13.67535, 55.8424927]]}}, {"type": "Feature", "id": "1228902981", "properties": {"osm_id": 1228902981, "highway": "tertiary", "maxspeed": "40", "name": "Råbyvägen", "ref": "M 1082", "surface": "paved"}, "geometry": {"type": "LineString", "coordinates": [[13.6740816, 55.8434176], [13.6749706, 55.8427455]]}}, {"type": "Feature", "id": "1228902982", "properties": {"osm_id": 1228902982, "access": "yes", "foot": "yes", "highway": "residential", "lit": "yes", "maxspeed": "40", "name": "Kristinagatan"}, "geometry": {"type": "LineString", "coordinates": [[13.6749706, 55.8427455], [13.6747562, 55.8426488], [13.674571, 55.8425748], [13.674312, 55.8424929], [13.673265, 55.842202]]}}, {"type": "Feature", "id": "1228902983", "properties": {"osm_id": 1228902983, "bicycle": "designated", "foot": "designated", "highway": "path", "segregated": "no"}, "geometry": {"type": "LineString", "coordinates": [[13.6662494, 55.8480545], [13.6663034, 55.8481163]]}}, {"type": "Feature", "id": "1228902984", "properties": {"osm_id": 1228902984, "highway": "living_street", "name": "Ystadsvägen"}, "geometry": {"type": "LineString", "coordinates": [[13.6610526, 55.8499802], [13.660971, 55.8498485], [13.6609116, 55.8497559]]}}, {"type": "Feature", "id": "1273904859", "properties": {"osm_id": 1273904859, "bicycle": "designated", "foot": "designated", "highway": "path", "segregated": "no"}, "geometry": {"type": "LineString", "coordinates": [[13.665523, 55.8538578], [13.6655725, 55.8537763], [13.6655834, 55.8537584]]}}, {"type": "Feature", "id": "1273904860", "properties": {"osm_id": 1273904860, "highway": "service", "service": "parking_aisle"}, "geometry": {"type": "LineString", "coordinates": [[13.6657782, 55.8534598], [13.665751, 55.8535015], [13.6655834, 55.8537584]]}}, {"type": "Feature", "id": "1273904861", "properties": {"osm_id": 1273904861, "highway": "service", "service": "parking_aisle"}, "geometry": {"type": "LineString", "coordinates": [[13.6654565, 55.8533871], [13.6654249, 55.8534347], [13.6652522, 55.8536951]]}}, {"type": "Feature", "id": "1273932748", "properties": {"osm_id": 1273932748, "bicycle": "designated", "foot": "designated", "highway": "path", "segregated": "no"}, "geometry": {"type": "LineString", "coordinates": [[13.6527679, 55.845984], [13.6525985, 55.8458351], [13.6525139, 55.8457751], [13.6524827, 55.8456901], [13.6524961, 55.8455701], [13.6525465, 55.845411], [13.6525495, 55.8453376], [13.6524827, 55.8452651], [13.6524208, 55.8452057]]}}, {"type": "Feature", "id": "1273932749", "properties": {"osm_id": 1273932749, "bicycle": "designated", "foot": "designated", "highway": "path", "segregated": "no"}, "geometry": {"type": "LineString", "coordinates": [[13.6468616, 55.8451681], [13.6470202, 55.8452322], [13.6472, 55.8452673], [13.6473543, 55.8453101], [13.6474305, 55.8453737], [13.6475489, 55.8453984], [13.6476572, 55.8454165], [13.6477333, 55.845411], [13.6478428, 55.8453902], [13.648087, 55.8453507], [13.6484504, 55.8452881], [13.6486614, 55.8452651], [13.6490717, 55.8452476], [13.6495679, 55.8452333], [13.649847, 55.8452343], [13.6504549, 55.8452245], [13.6507636, 55.8452366], [13.6511543, 55.8452827], [13.6514259, 55.8452936], [13.6516349, 55.8453112], [13.6517912, 55.8453551], [13.6519514, 55.8454099], [13.6521331, 55.8454362], [13.6523187, 55.8454351], [13.6525465, 55.845411], [13.6525981, 55.8454055], [13.6528267, 55.8453792], [13.6530631, 55.8453551], [13.6532741, 55.8453276], [13.6535027, 55.8453298], [13.6538251, 55.8453397], [13.6543369, 55.8453858], [13.6547531, 55.8454242], [13.6551106, 55.8454571], [13.655408, 55.8454922], [13.6558765, 55.8455349], [13.6563219, 55.8455925], [13.6566326, 55.8456468], [13.6569147, 55.8456926]]}}, {"type": "Feature", "id": "1278107871", "properties": {"osm_id": 1278107871, "highway": "footway"}, "geometry": {"type": "LineString", "coordinates": [[13.6803204, 55.852359], [13.6807829, 55.8521781], [13.6807875, 55.8519951], [13.6807642, 55.8517076], [13.6806245, 55.8515899], [13.6803988, 55.8515413]]}}, {"type": "Feature", "id": "1278107872", "properties": {"osm_id": 1278107872, "highway": "path", "informal": "yes"}, "geometry": {"type": "LineString", "coordinates": [[13.6844111, 55.8514642], [13.6842137, 55.8513052], [13.6839226, 55.8511644], [13.683389, 55.850967], [13.6828108, 55.8507287], [13.6815494, 55.8505017], [13.681044, 55.8503928], [13.6804295, 55.8503247], [13.6799726, 55.8503656], [13.6796106, 55.8503853], [13.6791748, 55.8503466], [13.6789118, 55.8501846], [13.6786831, 55.8499575], [13.6782274, 55.8498492], [13.6763372, 55.8501754], [13.675797, 55.8502538], [13.6754758, 55.8502964]]}}, {"type": "Feature", "id": "1278107873", "properties": {"osm_id": 1278107873, "highway": "path", "informal": "yes", "trail_visibility": "bad"}, "geometry": {"type": "LineString", "coordinates": [[13.675168, 55.85029], [13.6752288, 55.8501858], [13.6754477, 55.8500264], [13.6757458, 55.8497885], [13.6757597, 55.8496499], [13.6766911, 55.8481676], [13.6773385, 55.8480342], [13.6773745, 55.8479644]]}}, {"type": "Feature", "id": "1278107874", "properties": {"osm_id": 1278107874, "highway": "path", "informal": "yes"}, "geometry": {"type": "LineString", "coordinates": [[13.6784025, 55.8517655], [13.677845, 55.8517588], [13.6774033, 55.8518009], [13.676247, 55.851869], [13.6759236, 55.8518645], [13.6750279, 55.8515512]]}}, {"type": "Feature", "id": "1278107875", "properties": {"osm_id": 1278107875, "highway": "path", "informal": "yes"}, "geometry": {"type": "LineString", "coordinates": [[13.6782274, 55.8498492], [13.6790349, 55.8496856], [13.6807033, 55.8495364], [13.6819453, 55.849304], [13.6828907, 55.8489502], [13.6839204, 55.8487595], [13.684485, 55.8486935], [13.6855478, 55.8485617], [13.6858299, 55.8486227], [13.6861394, 55.8489591], [13.6865257, 55.8494028], [13.6867386, 55.8495119], [13.6874371, 55.8498037], [13.6879561, 55.8500296], [13.6881491, 55.8501742], [13.6881678, 55.8503793], [13.6880442, 55.8505944], [13.6871354, 55.8510816], [13.6851722, 55.851143], [13.6846827, 55.8512049], [13.6842137, 55.8513052]]}}, {"type": "Feature", "id": "1278109150", "properties": {"osm_id": 1278109150, "foot": "yes", "highway": "residential", "lit": "yes", "maxspeed": "40", "motor_vehicle": "private", "name": "Industrigatan", "surface": "asphalt"}, "geometry": {"type": "LineString", "coordinates": [[13.6652285, 55.8553012], [13.6654469, 55.8549341]]}}, {"type": "Feature", "id": "1278115598", "properties": {"osm_id": 1278115598, "highway": "residential", "name": "Kopparslagerigatan"}, "geometry": {"type": "LineString", "coordinates": [[13.6658454, 55.8542679], [13.6659372, 55.8542844], [13.6664617, 55.8543788], [13.6669478, 55.8544653], [13.6670811, 55.8544553], [13.6671938, 55.8544054], [13.667499, 55.8541958], [13.6675134, 55.8541862], [13.6677078, 55.854058], [13.6678805, 55.8539417], [13.6678962, 55.8539313], [13.667943, 55.8538958]]}}, {"type": "Feature", "id": "1294700396", "properties": {"osm_id": 1294700396, "bicycle": "designated", "foot": "designated", "highway": "path", "segregated": "no", "surface": "asphalt"}, "geometry": {"type": "LineString", "coordinates": [[13.6581464, 55.8458872], [13.6582153, 55.8458659], [13.658281, 55.8458623], [13.6583429, 55.8458812], [13.6584124, 55.8459032], [13.658511, 55.8459534]]}}, {"type": "Feature", "id": "1294700397", "properties": {"osm_id": 1294700397, "highway": "residential", "lane_markings": "no", "lit": "yes", "maxspeed": "40", "name": "Ystadsvägen", "oneway": "yes", "surface": "asphalt"}, "geometry": {"type": "LineString", "coordinates": [[13.658511, 55.8459534], [13.6584297, 55.8459377], [13.6583727, 55.8459345], [13.6582886, 55.845934], [13.6581964, 55.8459434]]}}, {"type": "Feature", "id": "1299045932", "properties": {"osm_id": 1299045932, "highway": "footway"}, "geometry": {"type": "LineString", "coordinates": [[13.6606998, 55.8527995], [13.6609205, 55.8523753], [13.6611427, 55.8519451]]}}, {"type": "Feature", "id": "1299045933", "properties": {"osm_id": 1299045933, "highway": "footway"}, "geometry": {"type": "LineString", "coordinates": [[13.6613683, 55.852665], [13.6609205, 55.8523753], [13.6604507, 55.8520387]]}}, {"type": "Feature", "id": "1330604171", "properties": {"osm_id": 1330604171, "bicycle": "designated", "foot": "designated", "highway": "path", "segregated": "no"}, "geometry": {"type": "LineString", "coordinates": [[13.6597034, 55.8508161], [13.6597191, 55.8508483]]}}, {"type": "Feature", "id": "1357759492", "properties": {"osm_id": 1357759492, "waterway": "stream"}, "geometry": {"type": "LineString", "coordinates": [[13.6533788, 55.8580628], [13.652793, 55.8579662], [13.6524125, 55.8579154], [13.6521619, 55.8578798], [13.6521105, 55.8578374], [13.6519293, 55.8578154], [13.6518025, 55.8577662], [13.6516817, 55.8577137], [13.6513767, 55.8576764], [13.6510657, 55.8577103], [13.6508724, 55.8577103], [13.6507395, 55.8576171], [13.6505855, 55.8575611], [13.6503681, 55.8575594], [13.6501809, 55.8575188], [13.6500329, 55.8574815], [13.6499876, 55.8574544], [13.6497822, 55.8575205], [13.6495497, 55.8575069], [13.6494954, 55.8574595], [13.6494561, 55.8574188], [13.6493263, 55.8573544], [13.6492115, 55.8574256], [13.6491028, 55.8574645], [13.6489518, 55.8575306], [13.6487464, 55.8575815], [13.6485743, 55.8575747], [13.6483935, 55.8576486], [13.6482633, 55.8577018], [13.6481702, 55.8577279], [13.6480217, 55.8577696], [13.6476848, 55.8578384], [13.6474618, 55.8578287], [13.6473417, 55.8578547], [13.6472213, 55.8579056]]}}, {"type": "Feature", "id": "1357759493", "properties": {"osm_id": 1357759493, "waterway": "stream"}, "geometry": {"type": "LineString", "coordinates": [[13.6514058, 55.8568277], [13.6498077, 55.8570683], [13.6494527, 55.8572726], [13.6494595, 55.8573237], [13.6493263, 55.8573544]]}}, {"type": "Feature", "id": "1357760717", "properties": {"osm_id": 1357760717, "highway": "footway"}, "geometry": {"type": "LineString", "coordinates": [[13.6535634, 55.8568296], [13.6535937, 55.8562997], [13.6535813, 55.8557376], [13.6535895, 55.8556103], [13.6536257, 55.8554872], [13.6537093, 55.8553969], [13.6537594, 55.8553211], [13.6537719, 55.8552335], [13.6537775, 55.855175]]}}, {"type": "Feature", "id": "1357762583", "properties": {"osm_id": 1357762583, "highway": "service", "service": "parking_aisle"}, "geometry": {"type": "LineString", "coordinates": [[13.6547027, 55.8516196], [13.6546954, 55.8517213], [13.6546671, 55.851799], [13.6546259, 55.8518563], [13.6539431, 55.8518527]]}}, {"type": "Feature", "id": "1357766836", "properties": {"osm_id": 1357766836, "highway": "path", "informal": "yes"}, "geometry": {"type": "LineString", "coordinates": [[13.6510882, 55.8501431], [13.6510217, 55.8500155]]}}, {"type": "Feature", "id": "1357781000", "properties": {"osm_id": 1357781000, "highway": "path", "informal": "yes"}, "geometry": {"type": "LineString", "coordinates": [[13.6486062, 55.8508502], [13.6484999, 55.8507802], [13.6484727, 55.8507192], [13.6485346, 55.8505185], [13.6485864, 55.8505272]]}}, {"type": "Feature", "id": "1357781001", "properties": {"osm_id": 1357781001, "highway": "path", "informal": "yes"}, "geometry": {"type": "LineString", "coordinates": [[13.6485864, 55.8505272], [13.6489364, 55.8505996]]}}, {"type": "Feature", "id": "1357781008", "properties": {"osm_id": 1357781008, "highway": "path"}, "geometry": {"type": "LineString", "coordinates": [[13.6491178, 55.8501092], [13.6490813, 55.8501455], [13.6488311, 55.850134], [13.6487487, 55.8501522], [13.6487118, 55.8501941]]}}, {"type": "Feature", "id": "1357782670", "properties": {"osm_id": 1357782670, "highway": "path", "width": "2.4"}, "geometry": {"type": "LineString", "coordinates": [[13.6517143, 55.8501274], [13.6516194, 55.850213]]}}, {"type": "Feature", "id": "1358413567", "properties": {"osm_id": 1358413567, "highway": "service"}, "geometry": {"type": "LineString", "coordinates": [[13.6600484, 55.8511743], [13.6598226, 55.8512288], [13.6595799, 55.8513515], [13.6589254, 55.8514682]]}}, {"type": "Feature", "id": "1359060437", "properties": {"osm_id": 1359060437, "bicycle": "unknown", "highway": "path", "horse": "unknown", "informal": "yes", "source": "local knowledge;aerial imagery", "surface": "unpaved"}, "geometry": {"type": "LineString", "coordinates": [[13.6787945, 55.8477272], [13.6795629, 55.8475976], [13.6798025, 55.847539], [13.6800133, 55.8473849], [13.6799211, 55.847226], [13.6796851, 55.8469941], [13.6790649, 55.8468338], [13.6784274, 55.8467413], [13.6777243, 55.8466763], [13.6772403, 55.8466644], [13.6768304, 55.8466687], [13.6762806, 55.8467096], [13.673345, 55.8473299], [13.6734952, 55.8471885], [13.6763015, 55.8465579], [13.6767711, 55.8465088], [13.6771888, 55.8465555], [13.6776444, 55.8465116], [13.6786053, 55.8465263], [13.6794143, 55.846592], [13.6796163, 55.8467773], [13.6796851, 55.8469941]]}}, {"type": "Feature", "id": "1359060438", "properties": {"osm_id": 1359060438, "bicycle": "unknown", "highway": "path", "horse": "unknown", "informal": "yes", "source": "local knowledge;aerial imagery", "surface": "grass"}, "geometry": {"type": "LineString", "coordinates": [[13.673345, 55.8473299], [13.6730614, 55.8473865], [13.6728235, 55.8479243], [13.672647, 55.8482018]]}}, {"type": "Feature", "id": "1359060440", "properties": {"osm_id": 1359060440, "bicycle": "unknown", "highway": "path", "horse": "unknown", "informal": "yes", "smoothness": "impassable", "source": "local knowledge;aerial imagery;gps", "surface": "unpaved", "trail_visibility": "bad", "width": "0.5"}, "geometry": {"type": "LineString", "coordinates": [[13.6794659, 55.8464972], [13.6793618, 55.8463609], [13.6796475, 55.8461903], [13.6797964, 55.8460643], [13.6796564, 55.8459284], [13.6799609, 55.8456418], [13.6799271, 55.845562], [13.6795749, 55.8453979], [13.6793011, 55.8451659], [13.6793036, 55.8448444], [13.6791551, 55.8446144]]}}, {"type": "Feature", "id": "1359060441", "properties": {"osm_id": 1359060441, "bicycle": "unknown", "bridge": "yes", "highway": "path", "horse": "unknown", "layer": "1", "note": "Bron bär en skylt som läser \"Används på egen risk\"", "source": "local knowledge;aerial imagery"}, "geometry": {"type": "LineString", "coordinates": [[13.6794143, 55.846592], [13.6794659, 55.8464972]]}}, {"type": "Feature", "id": "1359060442", "properties": {"osm_id": 1359060442, "boat": "no", "layer": "-1", "name": "Hörbyån", "tunnel": "culvert", "waterway": "stream"}, "geometry": {"type": "LineString", "coordinates": [[13.679804, 55.8469098], [13.679568, 55.8468987]]}}, {"type": "Feature", "id": "1359060444", "properties": {"osm_id": 1359060444, "height": ".4", "material": "concrete", "waterway": "weir"}, "geometry": {"type": "LineString", "coordinates": [[13.6650929, 55.848474], [13.6652737, 55.8482973]]}}, {"type": "Feature", "id": "1359060445", "properties": {"osm_id": 1359060445, "boat": "no", "name": "Hörbyån", "waterway": "stream"}, "geometry": {"type": "LineString", "coordinates": [[13.679568, 55.8468987], [13.6791549, 55.8467383], [13.6776483, 55.8465726], [13.6771951, 55.8466126], [13.6767798, 55.8465723], [13.6763036, 55.846605], [13.675219, 55.8468759], [13.6734984, 55.847258]]}}, {"type": "Feature", "id": "1359060446", "properties": {"osm_id": 1359060446, "boat": "no", "layer": "-1", "name": "Hörbyån", "tunnel": "culvert", "waterway": "stream"}, "geometry": {"type": "LineString", "coordinates": [[13.6734984, 55.847258], [13.6733555, 55.8472358]]}}, {"type": "Feature", "id": "1359060447", "properties": {"osm_id": 1359060447, "waterway": "stream"}, "geometry": {"type": "LineString", "coordinates": [[13.6790217, 55.8464387], [13.6787345, 55.8464104], [13.6784916, 55.8463395]]}}, {"type": "Feature", "id": "1359060448", "properties": {"osm_id": 1359060448, "boat": "no", "name": "Hörbyån", "waterway": "river"}, "geometry": {"type": "LineString", "coordinates": [[13.6803765, 55.8470524], [13.6799085, 55.8468808], [13.6797522, 55.8468014], [13.6796243, 55.8466]]}}, {"type": "Feature", "id": "1359060449", "properties": {"osm_id": 1359060449, "material": "concrete", "waterway": "weir"}, "geometry": {"type": "LineString", "coordinates": [[13.679854, 55.8468959], [13.6799085, 55.8468808], [13.6799547, 55.846868]]}}, {"type": "Feature", "id": "1359060450", "properties": {"osm_id": 1359060450, "material": "rock", "waterway": "weir"}, "geometry": {"type": "LineString", "coordinates": [[13.6801526, 55.8468436], [13.6802167, 55.846837], [13.6802755, 55.8468306]]}}, {"type": "Feature", "id": "1359060451", "properties": {"osm_id": 1359060451, "boat": "no", "name": "Hörbyån", "waterway": "stream"}, "geometry": {"type": "LineString", "coordinates": [[13.6803765, 55.8470524], [13.679804, 55.8469098]]}}, {"type": "Feature", "id": "1359060452", "properties": {"osm_id": 1359060452, "boat": "no", "name": "Hörbyån", "waterway": "stream"}, "geometry": {"type": "LineString", "coordinates": [[13.6733555, 55.8472358], [13.6732634, 55.8471841], [13.67246, 55.846733]]}}, {"type": "Feature", "id": "1359066634", "properties": {"osm_id": 1359066634, "bicycle": "designated", "foot": "designated", "highway": "path", "segregated": "no", "source": "NVDB"}, "geometry": {"type": "LineString", "coordinates": [[13.6727735, 55.8500955], [13.6731016, 55.8501016], [13.6732991, 55.850089], [13.6735391, 55.8500385], [13.6738454, 55.8499615], [13.6739361, 55.8499111], [13.6739459, 55.8498752]]}}, {"type": "Feature", "id": "1359066636", "properties": {"osm_id": 1359066636, "waterway": "stream"}, "geometry": {"type": "LineString", "coordinates": [[13.6748961, 55.8526824], [13.6747708, 55.8526521], [13.6741708, 55.8525094], [13.6740461, 55.8524672], [13.6737358, 55.8523625], [13.673504, 55.8522217], [13.6733007, 55.8519828], [13.6732013, 55.8516562], [13.6729412, 55.8513004], [13.6724516, 55.8502848], [13.6723192, 55.8501905], [13.6717918, 55.8499542], [13.6716239, 55.8499038], [13.671314, 55.8498414], [13.6709191, 55.8498188], [13.6702687, 55.8497737], [13.669843, 55.8497444], [13.6695072, 55.8497059], [13.6691595, 55.8496369]]}}, {"type": "Feature", "id": "1359066637", "properties": {"osm_id": 1359066637, "layer": "-1", "tunnel": "culvert", "waterway": "stream"}, "geometry": {"type": "LineString", "coordinates": [[13.674979, 55.8527033], [13.6748961, 55.8526824]]}}, {"type": "Feature", "id": "1359066638", "properties": {"osm_id": 1359066638, "waterway": "stream"}, "geometry": {"type": "LineString", "coordinates": [[13.6754213, 55.8528018], [13.674979, 55.8527033]]}}, {"type": "Feature", "id": "1359066639", "properties": {"osm_id": 1359066639, "layer": "-1", "tunnel": "culvert", "waterway": "stream"}, "geometry": {"type": "LineString", "coordinates": [[13.6755272, 55.8528251], [13.6754213, 55.8528018]]}}, {"type": "Feature", "id": "1359066640", "properties": {"osm_id": 1359066640, "waterway": "stream"}, "geometry": {"type": "LineString", "coordinates": [[13.6766126, 55.8530773], [13.6755272, 55.8528251]]}}, {"type": "Feature", "id": "1359066641", "properties": {"osm_id": 1359066641, "layer": "-1", "tunnel": "culvert", "waterway": "stream"}, "geometry": {"type": "LineString", "coordinates": [[13.6767254, 55.8531035], [13.6766126, 55.8530773]]}}, {"type": "Feature", "id": "1359588589", "properties": {"osm_id": 1359588589, "bicycle": "unknown", "highway": "path", "horse": "unknown", "informal": "yes", "surface": "unpaved", "width": ".5"}, "geometry": {"type": "LineString", "coordinates": [[13.6800133, 55.8473849], [13.6803667, 55.8474635], [13.6808641, 55.8476607], [13.6814207, 55.8478657], [13.6820885, 55.8480649], [13.6820507, 55.848311], [13.6829286, 55.8485512], [13.6839204, 55.8487595]]}}, {"type": "Feature", "id": "1359594732", "properties": {"osm_id": 1359594732, "highway": "secondary", "maxspeed": "40", "name": "Kristianstadsvägen", "ref": "M 1134", "surface": "asphalt"}, "geometry": {"type": "LineString", "coordinates": [[13.6640206, 55.8523312], [13.6655293, 55.8528376], [13.6657481, 55.8529193], [13.6664829, 55.8532038], [13.6668112, 55.8533406], [13.6675699, 55.8537161], [13.6678511, 55.8538559], [13.667943, 55.8538958], [13.6682296, 55.8540201], [13.6688428, 55.8542542], [13.6693605, 55.8544603], [13.6700317, 55.8547208]]}}, {"type": "Feature", "id": "1371225442", "properties": {"osm_id": 1371225442, "highway": "path"}, "geometry": {"type": "LineString", "coordinates": [[13.6644774, 55.8412157], [13.6648101, 55.8411182], [13.6650964, 55.8410726], [13.6651404, 55.8410178], [13.6651953, 55.8409495], [13.6652342, 55.8405705], [13.665213, 55.8404594], [13.6652943, 55.8403145], [13.6654569, 55.8401498], [13.6656053, 55.8400903], [13.6659623, 55.8400784], [13.6662662, 55.8400287], [13.6667787, 55.8399593], [13.6671109, 55.8398402], [13.667304, 55.8398672]]}}, {"type": "Feature", "id": "1372013240", "properties": {"osm_id": 1372013240, "highway": "living_street", "lit": "yes", "name": "Nygatan", "oneway": "yes", "surface": "sett"}, "geometry": {"type": "LineString", "coordinates": [[13.6600484, 55.8511743], [13.6599793, 55.8509789]]}}, {"type": "Feature", "id": "1372013241", "properties": {"osm_id": 1372013241, "highway": "living_street", "lit": "yes", "name": "Nygatan", "oneway": "yes", "surface": "sett"}, "geometry": {"type": "LineString", "coordinates": [[13.6599793, 55.8509789], [13.6601766, 55.8509541], [13.660233, 55.8509724], [13.6604006, 55.8513898]]}}, {"type": "Feature", "id": "1414046889", "properties": {"osm_id": 1414046889, "covered": "yes", "highway": "footway", "surface": "paving_stones", "tactile_paving": "yes"}, "geometry": {"type": "LineString", "coordinates": [[13.6709429, 55.855489], [13.6709152, 55.8555063]]}}, {"type": "Feature", "id": "1414046890", "properties": {"osm_id": 1414046890, "covered": "yes", "highway": "footway", "surface": "paving_stones", "tactile_paving": "yes"}, "geometry": {"type": "LineString", "coordinates": [[13.6709993, 55.8554544], [13.6709849, 55.8554631]]}}, {"type": "Feature", "id": "1426716818", "properties": {"osm_id": 1426716818, "highway": "service"}, "geometry": {"type": "LineString", "coordinates": [[13.6395987, 55.8501696], [13.6396042, 55.8500786], [13.6397678, 55.8497224], [13.6411585, 55.8498513], [13.6410636, 55.8501084], [13.6410445, 55.8501844]]}}, {"type": "Feature", "id": "1426718311", "properties": {"osm_id": 1426718311, "highway": "service", "service": "parking_aisle"}, "geometry": {"type": "LineString", "coordinates": [[13.6417265, 55.8501855], [13.6417357, 55.8502695], [13.6417172, 55.8503255], [13.6415058, 55.850686], [13.6418465, 55.8507462]]}}, {"type": "Feature", "id": "1426718312", "properties": {"osm_id": 1426718312, "highway": "service", "service": "parking_aisle"}, "geometry": {"type": "LineString", "coordinates": [[13.6410364, 55.8506966], [13.6413693, 55.8501894]]}}, {"type": "Feature", "id": "1426718313", "properties": {"osm_id": 1426718313, "highway": "service", "service": "parking_aisle"}, "geometry": {"type": "LineString", "coordinates": [[13.6404866, 55.8505957], [13.6407282, 55.8501812]]}}, {"type": "Feature", "id": "1426718314", "properties": {"osm_id": 1426718314, "highway": "service", "service": "parking_aisle"}, "geometry": {"type": "LineString", "coordinates": [[13.6407521, 55.8506378], [13.6410445, 55.8501844]]}}, {"type": "Feature", "id": "1426718315", "properties": {"osm_id": 1426718315, "highway": "service"}, "geometry": {"type": "LineString", "coordinates": [[13.6405324, 55.8501791], [13.6403015, 55.8505942], [13.6406958, 55.85107]]}}, {"type": "Feature", "id": "1428455933", "properties": {"osm_id": 1428455933, "attribution": "Region Skåne", "bicycle": "designated", "foot": "designated", "highway": "path", "horse": "unknown", "lit": "yes", "name": "Banvallen", "segregated": "no", "source": "NVDB", "surface": "asphalt"}, "geometry": {"type": "LineString", "coordinates": [[13.6437245, 55.8559446], [13.6432154, 55.8558238], [13.6429502, 55.8557675], [13.6424128, 55.8556679]]}}, {"type": "Feature", "id": "1428455934", "properties": {"osm_id": 1428455934, "check_date:surface": "2025-07-07", "highway": "path", "source": "Strava; ESRI", "surface": "unpaved"}, "geometry": {"type": "LineString", "coordinates": [[13.6421764, 55.8575151], [13.6422273, 55.8570093], [13.6424097, 55.8567759], [13.6427638, 55.8565878], [13.6433834, 55.8563108], [13.643606, 55.8561467], [13.6437245, 55.8559446]]}}, {"type": "Feature", "id": "1428455935", "properties": {"osm_id": 1428455935, "check_date:surface": "2025-07-07", "highway": "path", "source": "Strava; ESRI", "surface": "unpaved"}, "geometry": {"type": "LineString", "coordinates": [[13.6435639, 55.8583411], [13.6434209, 55.858334], [13.6431044, 55.8583717], [13.6428899, 55.8583656], [13.6426914, 55.858316], [13.6425492, 55.8582527], [13.6424144, 55.8580431], [13.6423963, 55.8580149], [13.6422139, 55.8577665], [13.6421764, 55.8575151]]}}, {"type": "Feature", "id": "1428455936", "properties": {"osm_id": 1428455936, "attribution": "Region Skåne", "bicycle": "designated", "foot": "designated", "highway": "path", "segregated": "no", "source": "NVDB", "surface": "asphalt"}, "geometry": {"type": "LineString", "coordinates": [[13.6496123, 55.8609134], [13.6504497, 55.8603224], [13.6514544, 55.8596132], [13.6516503, 55.8594762]]}}, {"type": "Feature", "id": "1433714754", "properties": {"osm_id": 1433714754, "attribution": "Region Skåne", "highway": "path"}, "geometry": {"type": "LineString", "coordinates": [[13.645356, 55.863393], [13.6458747, 55.8631081], [13.6459838, 55.8630726]]}}, {"type": "Feature", "id": "1449488489", "properties": {"osm_id": 1449488489, "attribution": "Region Skåne", "bicycle": "designated", "foot": "designated", "highway": "path", "horse": "unknown", "lit": "yes", "name": "Banvallen", "segregated": "no", "surface": "asphalt", "was:railway": "rail"}, "geometry": {"type": "LineString", "coordinates": [[13.6401536, 55.8553977], [13.63846, 55.8550646]]}}, {"type": "Feature", "id": "1449490478", "properties": {"osm_id": 1449490478, "cycleway:both": "no", "highway": "unclassified", "maxspeed": "40", "name": "Parkgatan"}, "geometry": {"type": "LineString", "coordinates": [[13.6545943, 55.8583159], [13.6560701, 55.8582377]]}}, {"type": "Feature", "id": "1473328303", "properties": {"osm_id": 1473328303, "highway": "path", "segregated": "no"}, "geometry": {"type": "LineString", "coordinates": [[13.659689, 55.8501548], [13.6597927, 55.8501277], [13.6599094, 55.8500718], [13.6600373, 55.8499921], [13.6601489, 55.849922], [13.6602626, 55.8498901], [13.6604057, 55.8498707], [13.660714, 55.8498315], [13.6608924, 55.8498391], [13.660971, 55.8498485]]}}, {"type": "Feature", "id": "1491440356", "properties": {"osm_id": 1491440356, "bicycle": "designated", "fixme": "Ser inte varför dessa \"stigar\" är separata. Borde inte en större del av dessa sträckor räknas som en del av respektive sekundär väg?", "foot": "designated", "highway": "path", "segregated": "no"}, "geometry": {"type": "LineString", "coordinates": [[13.6698256, 55.854689], [13.6697172, 55.8546429], [13.6679922, 55.8539709], [13.6678805, 55.8539417], [13.6674049, 55.8536962], [13.6667775, 55.8533735], [13.6664558, 55.8532377], [13.6661973, 55.853137], [13.6657066, 55.8529594], [13.6654993, 55.8528846]]}}, {"type": "Feature", "id": "1491440357", "properties": {"osm_id": 1491440357, "crossing": "uncontrolled", "crossing:markings": "yes", "footway": "crossing", "highway": "footway"}, "geometry": {"type": "LineString", "coordinates": [[13.6657769, 55.8528857], [13.6657481, 55.8529193], [13.6657066, 55.8529594]]}}, {"type": "Feature", "id": "1491440358", "properties": {"osm_id": 1491440358, "crossing": "uncontrolled", "crossing:markings": "yes", "footway": "crossing", "highway": "footway"}, "geometry": {"type": "LineString", "coordinates": [[13.6617187, 55.8515838], [13.6617593, 55.8515441], [13.6618021, 55.8515019]]}}, {"type": "Feature", "id": "1498776865", "properties": {"osm_id": 1498776865, "bicycle": "designated", "foot": "designated", "highway": "path", "segregated": "no", "surface": "asphalt"}, "geometry": {"type": "LineString", "coordinates": [[13.670313, 55.8548147], [13.6701172, 55.854963], [13.6700159, 55.8549881], [13.6699421, 55.8549991], [13.6697929, 55.8549629]]}}, {"type": "Feature", "id": "1498776866", "properties": {"osm_id": 1498776866, "bicycle": "designated", "foot": "designated", "highway": "path", "segregated": "no", "surface": "asphalt"}, "geometry": {"type": "LineString", "coordinates": [[13.6704095, 55.8547418], [13.670313, 55.8548147]]}}, {"type": "Feature", "id": "1498776867", "properties": {"osm_id": 1498776867, "bicycle": "designated", "highway": "path", "segregated": "no"}, "geometry": {"type": "LineString", "coordinates": [[13.6700317, 55.8547208], [13.6698256, 55.854689]]}}, {"type": "Feature", "id": "1499743615", "properties": {"osm_id": 1499743615, "highway": "service"}, "geometry": {"type": "LineString", "coordinates": [[13.6425844, 55.8494542], [13.6435901, 55.8496216]]}}, {"type": "Feature", "id": "1499743616", "properties": {"osm_id": 1499743616, "highway": "unclassified", "lanes": "3", "name": "Medicingatan", "surface": "asphalt"}, "geometry": {"type": "LineString", "coordinates": [[13.6425844, 55.8494542], [13.6426872, 55.8492536], [13.6427445, 55.8491418]]}}, {"type": "Feature", "id": "1501679283", "properties": {"osm_id": 1501679283, "highway": "path"}, "geometry": {"type": "LineString", "coordinates": [[13.6449639, 55.8502105], [13.6442889, 55.8501161], [13.6441865, 55.8501009], [13.6440336, 55.8501147], [13.6438725, 55.8501703], [13.6437345, 55.8501757], [13.6435695, 55.8501446], [13.6423154, 55.8499857], [13.6421368, 55.8499631], [13.6418285, 55.849914], [13.6416912, 55.8498958], [13.6411585, 55.8498513]]}}, {"type": "Feature", "id": "1501679284", "properties": {"osm_id": 1501679284, "highway": "path"}, "geometry": {"type": "LineString", "coordinates": [[13.6458953, 55.850568], [13.6458682, 55.8505011], [13.6458115, 55.8504406], [13.6457264, 55.8503879], [13.6456363, 55.8503481], [13.6455025, 55.8503076], [13.6450949, 55.8502321]]}}, {"type": "Feature", "id": "1501679285", "properties": {"osm_id": 1501679285, "bicycle": "yes", "footway": "traffic_island", "highway": "footway"}, "geometry": {"type": "LineString", "coordinates": [[13.6450949, 55.8502321], [13.6449639, 55.8502105]]}}, {"type": "Feature", "id": "1501679553", "properties": {"osm_id": 1501679553, "bicycle": "designated", "fixme": "Ser inte varför dessa \"stigar\" är separata. Borde inte en större del av dessa sträckor räknas som en del av respektive sekundär väg?", "foot": "designated", "highway": "path", "segregated": "no", "surface": "asphalt", "width": "2.4"}, "geometry": {"type": "LineString", "coordinates": [[13.6510882, 55.8501431], [13.6516194, 55.850213], [13.6516981, 55.8502305]]}}, {"type": "Feature", "id": "1501679554", "properties": {"osm_id": 1501679554, "highway": "footway", "surface": "asphalt", "width": "2.4"}, "geometry": {"type": "LineString", "coordinates": [[13.6565463, 55.8502832], [13.6566818, 55.850284], [13.6570956, 55.8503185], [13.6573303, 55.8503162], [13.6576029, 55.8503641], [13.657976, 55.8504332], [13.6583063, 55.8504404], [13.6585332, 55.8504115], [13.6588166, 55.8503728], [13.659123, 55.8503037], [13.6594113, 55.850202], [13.659689, 55.8501548]]}}, {"type": "Feature", "id": "1515685588", "properties": {"osm_id": 1515685588, "highway": "primary", "lit": "yes", "maxspeed": "60", "ref": "13", "surface": "asphalt"}, "geometry": {"type": "LineString", "coordinates": [[13.6413664, 55.8574639], [13.6411908, 55.8577998]]}}, {"type": "Feature", "id": "1529420183", "properties": {"osm_id": 1529420183, "highway": "service"}, "geometry": {"type": "LineString", "coordinates": [[13.6614592, 55.8646524], [13.6625232, 55.8644311]]}}, {"type": "Feature", "id": "1531213714", "properties": {"osm_id": 1531213714, "highway": "footway"}, "geometry": {"type": "LineString", "coordinates": [[13.6609901, 55.8511557], [13.6609586, 55.8511482], [13.6609223, 55.8511371], [13.6609197, 55.8511342], [13.6608101, 55.8509039], [13.6608198, 55.8508791], [13.6608455, 55.8508323]]}}, {"type": "Feature", "id": "1531213715", "properties": {"osm_id": 1531213715, "highway": "footway"}, "geometry": {"type": "LineString", "coordinates": [[13.66082, 55.8511528], [13.6608392, 55.8511897], [13.6608513, 55.8512115], [13.6608593, 55.8512303], [13.660862, 55.8512416], [13.660866, 55.8512597], [13.6608504, 55.8512799]]}}, {"type": "Feature", "id": "1537435944", "properties": {"osm_id": 1537435944, "area": "yes", "highway": "pedestrian"}, "geometry": {"type": "LineString", "coordinates": [[13.6608573, 55.8507075], [13.6607926, 55.8506817], [13.6606477, 55.8506238], [13.6611986, 55.8503931], [13.6612066, 55.850372], [13.6610883, 55.8501976], [13.6610255, 55.8500884], [13.6608999, 55.8498531], [13.6608924, 55.8498391], [13.6608075, 55.84968], [13.6609275, 55.8496469], [13.6611132, 55.8499081], [13.6611423, 55.8499491], [13.6613701, 55.8503375], [13.6616904, 55.8502752], [13.6619239, 55.8502551], [13.6621434, 55.8502362], [13.6624542, 55.8502025], [13.662496, 55.850198], [13.6628219, 55.8501305], [13.6628587, 55.8501244], [13.6628853, 55.8501547], [13.6629264, 55.8502014], [13.6626255, 55.8502421], [13.6620868, 55.8503011], [13.6618811, 55.8503372], [13.6617371, 55.8503691], [13.6616804, 55.8503856], [13.6613853, 55.8504603], [13.6611468, 55.850568], [13.6608639, 55.8506894], [13.6608573, 55.8507075]]}}, {"type": "Feature", "id": "1540845801", "properties": {"osm_id": 1540845801, "highway": "path", "informal": "yes"}, "geometry": {"type": "LineString", "coordinates": [[13.6790349, 55.8496856], [13.6788497, 55.8492754], [13.6791627, 55.8484121], [13.6790713, 55.8482241], [13.6787945, 55.8477272]]}}, {"type": "Feature", "id": "1540846581", "properties": {"osm_id": 1540846581, "highway": "service", "service": "parking_aisle"}, "geometry": {"type": "LineString", "coordinates": [[13.6683953, 55.844849], [13.6685989, 55.8449439], [13.6689273, 55.8449741], [13.6689676, 55.8451326], [13.6692904, 55.8451754]]}}, {"type": "Feature", "id": "1540846582", "properties": {"osm_id": 1540846582, "highway": "path"}, "geometry": {"type": "LineString", "coordinates": [[13.669727, 55.8448356], [13.6702157, 55.8445368]]}}, {"type": "Feature", "id": "1544784678", "properties": {"osm_id": 1544784678, "highway": "path"}, "geometry": {"type": "LineString", "coordinates": [[13.6526644, 55.8498024], [13.6527759, 55.8498038], [13.6531601, 55.8498088], [13.6536623, 55.8498432], [13.6543823, 55.8499166]]}}]}